domain_name,unified_sentiment,Sentences_clean,Aspects_clean,Aspects_sentiments_list,Aspects_list
Attractions,0.0,في زيارتي الأخيرة، الفعاليات مقبولة وتمضية وقت ليس إلا. التنظيم سيء جداً وهناك عشوائية في المكان بالإضافة إلى ذلك، التذاكر قيمتها ممتازة وتشمل خيارات كثيرة، كما أن المكان يعتبر جيد لقضاء بعض الوقت,الفعاليات، التنظيم، التذاكر، المكان,"[0, -1, 1, 0]","['الفعاليات', 'التنظيم', 'التذاكر', 'المكان']"
Attractions,1.0,في زيارتي الأخيرة، سعر التذاكر كان متوسطا ومقبولا، كما أن الفعاليات كانت تقليدية ومكررة بالإضافة إلى ذلك، المكان ساحر وجميل جداً للتصوير,التذاكر، الفعاليات، المكان,"[0, 0, 1]","['التذاكر', 'الفعاليات', 'المكان']"
Attractions,0.0,في زيارتي الأخيرة، مساحة المكان وتصميمه مقبول ولا بأس به. والفعاليات مقبولة وتمضية وقت ليس إلا. التذاكر ليست رخيصة ولا غالية بل في المعقول,المكان، الفعاليات، التذاكر,"[0, 0, 0]","['المكان', 'الفعاليات', 'التذاكر']"
Hotels,-1.0,التجربة بشكل عام كانت متفاوتة، الإفطار كان مقبولاً لكنه يفتقر للتنوع وبالنسبة للاستقبال فـ واجهنا بطء شديد ومماطلة من موظفي,الإفطار، الاستقبال,"[0, -1]","['الإفطار', 'الاستقبال']"
Restaurants,0.0,قرأت تقييمات كثيرة وقررت التجربة، الطاولات كانت نظيفة بشكل معتاد. مستوى الخدمة لا بأس به. والسعر كان عاديا وليس مبالغا فيه,النظافة، الخدمة، الأسعار,"[0, 0, 0]","['النظافة', 'الخدمة', 'الأسعار']"
Hotels,-1.0,قمت بتجربة هذا المكان وملاحظاتي هي: طاقم الاستقبال كان عادياً في التعامل أما الغرفة فـ للأسف كانت سيئة وغير نظيفة على الإطلاق,الاستقبال، الغرفة,"[0, -1]","['الاستقبال', 'الغرفة']"
Hotels,-1.0,قرأت تقييمات كثيرة وقررت التجربة، الموقع مقبول ولا بأس به مقارنة بالسعر. بالنسبة للغرفة فهي بمستوى طبيعي ولا بأس بها. وواجهنا بطء شديد ومماطلة من موظفي الاستقبال,الموقع، الغرفة، الاستقبال,"[0, 0, -1]","['الموقع', 'الغرفة', 'الاستقبال']"
Attractions,1.0,مرتبين جداً والتنظيم احترافي بالإضافة إلى ذلك، الفعاليات مقبولة وتمضية وقت ليس إلا,التنظيم، الفعاليات,"[1, 0]","['التنظيم', 'الفعاليات']"
Hotels,0.0,في زيارتي الأخيرة، الموقع مقبول ولا بأس به مقارنة بالسعر في حين أن الاستقبال كان مقبولا بشكل عام بالإضافة إلى ذلك، بالنسبة للغرفة فهي بمستوى طبيعي ولا بأس بها، كما أن بالنسبة للإفطار فهو جيد نسبيا كأي فندق آخر,الموقع، الاستقبال، الغرفة، الإفطار,"[0, 0, 0, 0]","['الموقع', 'الاستقبال', 'الغرفة', 'الإفطار']"
Attractions,1.0,التذاكر ليست رخيصة ولا غالية بل في المعقول. ووجهة سياحية رائعة وتستحق الزيارة تكراراً بالإضافة إلى ذلك، الفعاليات كانت تقليدية ومكررة، كما أن مرتبين جداً والتنظيم احترافي,التذاكر، المكان، الفعاليات، التنظيم,"[0, 1, 0, 1]","['التذاكر', 'المكان', 'الفعاليات', 'التنظيم']"
Restaurants,-1.0,خلال عطلة نهاية الأسبوع ذهبنا إلى هناك، أسعار المنيو تعتبر طبيعية مقارنة بالمطاعم الأخرى. والمكان متسخ والطاولات غير نظيفة,الأسعار، النظافة,"[0, -1]","['الأسعار', 'النظافة']"
Restaurants,1.0,قمت بتجربة هذا المكان وملاحظاتي هي: الأسعار ممتازة ورخيصة مقارنة بالكمية أما الخدمة فـ في المطعم كانت روتينية,الأسعار، الخدمة,"[1, 0]","['الأسعار', 'الخدمة']"
Hotels,-1.0,التجربة بشكل عام كانت متفاوتة، موظفو الاستقبال قاموا بعملهم بشكل روتيني. والغرفة ضيقة جداً ومكتومة بالإضافة إلى ذلك، موقع المكان عادي ويمكن الوصول إليه بسهولة,الاستقبال، الغرفة، الموقع,"[0, -1, 0]","['الاستقبال', 'الغرفة', 'الموقع']"
Attractions,0.0,خلال عطلة نهاية الأسبوع ذهبنا إلى هناك، بشكل عام المكان طبيعي كأي حديقة أخرى في حين أن الفعاليات كانت تقليدية ومكررة، كما أن قيمة التذكرة عادية,المكان، الفعاليات، التذاكر,"[0, 0, 0]","['المكان', 'الفعاليات', 'التذاكر']"
Attractions,0.0,التجربة بشكل عام كانت متفاوتة، التنظيم داخل المرفق كان عاديا، كما أن المكان يعتبر جيد لقضاء بعض الوقت,التنظيم، المكان,"[0, 0]","['التنظيم', 'المكان']"
Attractions,0.0,قمت بتجربة هذا المكان وملاحظاتي هي: بشكل عام المكان طبيعي كأي حديقة أخرى. وأسعار الدخول طبيعية مقارنة بالفعاليات. والفعاليات كانت تقليدية ومكررة، كما أن الإدارة والتنظيم بمستوى مقبول,المكان، التذاكر، الفعاليات، التنظيم,"[0, 0, 0, 0]","['المكان', 'التذاكر', 'الفعاليات', 'التنظيم']"
Attractions,0.0,الفعاليات مقبولة وتمضية وقت ليس إلا. لا بأس بالتنظيم بشكل عام وبالنسبة للتذاكر فـ قيمة التذكرة عادية,الفعاليات، التنظيم، التذاكر,"[0, 0, 0]","['الفعاليات', 'التنظيم', 'التذاكر']"
Restaurants,-1.0,خلال عطلة نهاية الأسبوع ذهبنا إلى هناك، الخدمة في المطعم كانت روتينية، كما أن الأسعار مبالغ فيها وغالية جداً أما الأكل فـ كان بارداً وطعمه سيء جداً بالإضافة إلى ذلك، المطعم نظيف لحد معقول,الخدمة، الأسعار، الأكل، النظافة,"[0, -1, -1, 0]","['الخدمة', 'الأسعار', 'الأكل', 'النظافة']"
Hotels,-1.0,قمت بتجربة هذا المكان وملاحظاتي هي: موقع الفندق سيء ويصعب الوصول إليه أما الإفطار فـ وجبة كانت عادية ولم تكن مميزة بالإضافة إلى ذلك، أثاث الغرفة يبدو عادياً ليس حديثاً ولا قديماً جداً,الموقع، الإفطار، الغرفة,"[-1, 0, 0]","['الموقع', 'الإفطار', 'الغرفة']"
Hotels,0.0,بوفيه الإفطار مذهل ويحتوي على خيارات رائعة بالإضافة إلى ذلك، واجهنا بطء شديد ومماطلة من موظفي الاستقبال أما الموقع فـ موقع الفندق سيء ويصعب الوصول إليه وبالنسبة للغرفة فـ أعجبتني بنظافتها الفائقة وتصميمها الرائع,الإفطار، الاستقبال، الموقع، الغرفة,"[1, -1, -1, 1]","['الإفطار', 'الاستقبال', 'الموقع', 'الغرفة']"
Hotels,-1.0,في زيارتي الأخيرة، بالنسبة للغرفة فهي بمستوى طبيعي ولا بأس بها أما الاستقبال فـ تعامل كان جافاً وغير احترافي في حين أن الموقع مقبول ولا بأس به مقارنة بالسعر,الغرفة، الاستقبال، الموقع,"[0, -1, 0]","['الغرفة', 'الاستقبال', 'الموقع']"
Hotels,1.0,خلال عطلة نهاية الأسبوع ذهبنا إلى هناك، وجبة الإفطار كانت عادية ولم تكن مميزة بالإضافة إلى ذلك، الغرفة واسعة ومريحة بشكل استثنائي,الإفطار، الغرفة,"[0, 1]","['الإفطار', 'الغرفة']"
Attractions,0.0,قمت بتجربة هذا المكان وملاحظاتي هي: الأنشطة الموجودة لا بأس بها للأطفال بالإضافة إلى ذلك، التنظيم داخل المرفق كان عاديا في حين أن التذاكر ليست رخيصة ولا غالية بل في المعقول، كما أن المكان يعتبر جيد لقضاء بعض الوقت,الفعاليات، التنظيم، التذاكر، المكان,"[0, 0, 0, 0]","['الفعاليات', 'التنظيم', 'التذاكر', 'المكان']"
Hotels,1.0,قرأت تقييمات كثيرة وقررت التجربة، موقع المكان عادي ويمكن الوصول إليه بسهولة. أعجبتني الغرفة بنظافتها الفائقة وتصميمها الرائع,الموقع، الغرفة,"[0, 1]","['الموقع', 'الغرفة']"
Attractions,-1.0,بصراحة، أسعار الدخول طبيعية مقارنة بالفعاليات، كما أن لا توجد فعاليات تذكر والأنشطة سيئة وبالنسبة للمكان فـ يعتبر جيد لقضاء بعض الوقت,التذاكر، الفعاليات، المكان,"[0, -1, 0]","['التذاكر', 'الفعاليات', 'المكان']"
Attractions,0.0,التذاكر قيمتها ممتازة وتشمل خيارات كثيرة، كما أن لا أنصح بزيارة المكان فهو سيء للغاية أما التنظيم فـ لا بأس ب بشكل عام وبالنسبة للفعاليات فـ كانت تقليدية ومكررة,التذاكر، المكان، التنظيم، الفعاليات,"[1, -1, 0, 0]","['التذاكر', 'المكان', 'التنظيم', 'الفعاليات']"
Hotels,1.0,في زيارتي الأخيرة، ترحيب حار جداً من طاقم الاستقبال. مساحة الغرفة كانت متوسطة كما توقعنا أما الإفطار فـ بوفيه كان تقليدياً ويقدم أصنافاً معتادة,الاستقبال، الغرفة، الإفطار,"[1, 0, 0]","['الاستقبال', 'الغرفة', 'الإفطار']"
Hotels,0.0,بالنسبة للإفطار فهو جيد نسبيا كأي فندق آخر. والموقع بعيد جداً ومقطوع عن الخدمات. وإجراءات الدخول في الاستقبال كانت طبيعية ولم تستغرق وقتا طويلا أو قصيرا، كما أن بالنسبة للغرفة فهي بمستوى طبيعي ولا بأس بها,الإفطار، الموقع، الاستقبال، الغرفة,"[0, -1, 0, 0]","['الإفطار', 'الموقع', 'الاستقبال', 'الغرفة']"
Restaurants,1.0,قمت بتجربة هذا المكان وملاحظاتي هي: سرعة الخدمة كانت في المعدل الطبيعي والمقبول بالإضافة إلى ذلك، نظافة المطعم ممتازة جداً,الخدمة، النظافة,"[0, 1]","['الخدمة', 'النظافة']"
Hotels,0.0,قرأت تقييمات كثيرة وقررت التجربة، بالنسبة للغرفة فهي بمستوى طبيعي ولا بأس بها. وموظفو الاستقبال قاموا بعملهم بشكل روتيني أما الإفطار فـ بالنسبة للإفطار فهو جيد نسبيا كأي فندق آخر، كما أن الموقع مقبول ولا بأس به مقارنة بالسعر,الغرفة، الاستقبال، الإفطار، الموقع,"[0, 0, 0, 0]","['الغرفة', 'الاستقبال', 'الإفطار', 'الموقع']"
Attractions,-1.0,خلال عطلة نهاية الأسبوع ذهبنا إلى هناك، التنظيم سيء جداً وهناك عشوائية في المكان أما التذاكر فـ سعر كان متوسطا ومقبولا,التنظيم، التذاكر,"[-1, 0]","['التنظيم', 'التذاكر']"
Attractions,1.0,قمت بتجربة هذا المكان وملاحظاتي هي: أسعار التذاكر رخيصة جداً ومناسبة للجميع. الأنشطة الموجودة لا بأس بها للأطفال. والتنظيم داخل المرفق كان عاديا,التذاكر، الفعاليات، التنظيم,"[1, 0, 0]","['التذاكر', 'الفعاليات', 'التنظيم']"
Restaurants,0.0,نظافة المكان بشكل عام كانت مقبولة أما الأسعار فالسعر كان عاديا وليس مبالغا فيه، كما أن الأكل كان بارداً وطعمه سيء جداً بالإضافة إلى ذلك، سرعة الخدمة كانت في المعدل الطبيعي والمقبول,النظافة، الأسعار، الأكل، الخدمة,"[0, 0, -1, 0]","['النظافة', 'الأسعار', 'الأكل', 'الخدمة']"
Hotels,-1.0,الإفطار سيء جداً والخيارات محدودة وبالنسبة للغرفة فـ كانت عادية وتفي بالغرض، كما أن الموقع لا يتميز بشيء خاص ولكنه مناسب,الإفطار، الغرفة، الموقع,"[-1, 0, 0]","['الإفطار', 'الغرفة', 'الموقع']"
Hotels,1.0,بالنسبة للإفطار فهو جيد نسبيا كأي فندق آخر أما الغرفة فـ بالنسبة للغرفة فهي بمستوى طبيعي ولا بأس بها. موظفو الاستقبال في قمة الرقي والتعاون,الإفطار، الغرفة، الاستقبال,"[0, 0, 1]","['الإفطار', 'الغرفة', 'الاستقبال']"
Restaurants,0.0,في زيارتي الأخيرة، الأسعار كانت متوسطة ومناسبة لجودة المكان، كما أن الطاولات كانت نظيفة بشكل معتاد,الأسعار، النظافة,"[0, 0]","['الأسعار', 'النظافة']"
Restaurants,0.0,في زيارتي الأخيرة، نظافة المكان بشكل عام كانت مقبولة في حين أن مستوى الخدمة لا بأس به أما الأكل فالطلبات كانت متوسطة المستوى ولا بأس بها,النظافة، الخدمة، الأكل,"[0, 0, 0]","['النظافة', 'الخدمة', 'الأكل']"
Hotels,1.0,بصراحة، وجبة الإفطار كانت عادية ولم تكن مميزة وبالنسبة للغرفة فـ بالنسبة للغرفة فهي بمستوى طبيعي ولا بأس بها، كما أن ترحيب حار جداً من طاقم الاستقبال,الإفطار، الغرفة، الاستقبال,"[0, 0, 1]","['الإفطار', 'الغرفة', 'الاستقبال']"
Attractions,0.0,التجربة بشكل عام كانت متفاوتة، الأنشطة الموجودة لا بأس بها للأطفال أما التنظيم فـ ترتيب الدخول كان يسير بشكل طبيعي في حين أن الوجهة كانت عادية ولم تبهرني كثيراً وبالنسبة للتذاكر فـ أسعار الدخول طبيعية مقارنة بالفعاليات,الفعاليات، التنظيم، المكان، التذاكر,"[0, 0, 0, 0]","['الفعاليات', 'التنظيم', 'المكان', 'التذاكر']"
Hotels,0.0,في زيارتي الأخيرة، الغرفة ضيقة جداً ومكتومة في حين أن الإفطار كان لذيذاً ومتنوعاً جداً. موقع الفندق يعتبر متوسطا من حيث القرب للخدمات أما الاستقبال فـ موظفو قاموا بعملهم بشكل روتيني,الغرفة، الإفطار، الموقع، الاستقبال,"[-1, 1, 0, 0]","['الغرفة', 'الإفطار', 'الموقع', 'الاستقبال']"
Restaurants,1.0,في زيارتي الأخيرة، المكان يلمع من النظافة والاهتمام بالتفاصيل وبالنسبة للأسعار فالمطعم غالي بشكل مبالغ فيه ولا يستحق أما الأكل فـ كل الأطباق كانت مطبوخة باحترافية وطعمها خيال,النظافة، الأسعار، الأكل,"[1, -1, 1]","['النظافة', 'الأسعار', 'الأكل']"
Restaurants,0.0,قرأت تقييمات كثيرة وقررت التجربة، السعر كان عاديا وليس مبالغا فيه أما النظافة فـ مستوى عادي ولا بأس به، كما أن الخدمة في المطعم كانت روتينية,الأسعار، النظافة، الخدمة,"[0, 0, 0]","['الأسعار', 'النظافة', 'الخدمة']"
Attractions,0.0,قرأت تقييمات كثيرة وقررت التجربة، مساحة المكان وتصميمه مقبول ولا بأس به. والفعاليات كانت تقليدية ومكررة. وقيمة التذكرة عادية,المكان، الفعاليات، التذاكر,"[0, 0, 0]","['المكان', 'الفعاليات', 'التذاكر']"
Attractions,0.0,قمت بتجربة هذا المكان وملاحظاتي هي: الفعاليات مقبولة وتمضية وقت ليس إلا بالإضافة إلى ذلك، أسعار الدخول طبيعية مقارنة بالفعاليات,الفعاليات، التذاكر,"[0, 0]","['الفعاليات', 'التذاكر']"
Attractions,0.0,في زيارتي الأخيرة، لا بأس بالتنظيم بشكل عام في حين أن مساحة المكان وتصميمه مقبول ولا بأس به في حين أن العروض المقدمة كانت في المستوى الطبيعي وبالنسبة للتذاكر فـ قيمة التذكرة عادية,التنظيم، المكان، الفعاليات، التذاكر,"[0, 0, 0, 0]","['التنظيم', 'المكان', 'الفعاليات', 'التذاكر']"
Restaurants,1.0,التجربة بشكل عام كانت متفاوتة، الأكل كان لذيذاً جداً وأنصح به بشدة، كما أن الطاولات كانت نظيفة بشكل معتاد,الأكل، النظافة,"[1, 0]","['الأكل', 'النظافة']"
Attractions,0.0,قمت بتجربة هذا المكان وملاحظاتي هي: لا بأس بالتنظيم بشكل عام في حين أن الفعاليات مقبولة وتمضية وقت ليس إلا أما المكان فـ يعتبر جيد لقضاء بعض الوقت,التنظيم، الفعاليات، المكان,"[0, 0, 0]","['التنظيم', 'الفعاليات', 'المكان']"
Attractions,0.0,قرأت تقييمات كثيرة وقررت التجربة، الوجهة كانت عادية ولم تبهرني كثيراً، كما أن أسعار الدخول طبيعية مقارنة بالفعاليات,المكان، التذاكر,"[0, 0]","['المكان', 'التذاكر']"
Restaurants,-1.0,قرأت تقييمات كثيرة وقررت التجربة، الأكل كان بارداً وطعمه سيء جداً في حين أن الخدمة في المطعم كانت روتينية. وبالنسبة للأسعار فهي مقبولة إلى حد ما,الأكل، الخدمة، الأسعار,"[-1, 0, 0]","['الأكل', 'الخدمة', 'الأسعار']"
Attractions,0.0,خلال عطلة نهاية الأسبوع ذهبنا إلى هناك، الإدارة والتنظيم بمستوى مقبول وبالنسبة للتذاكر فـ أسعار الدخول طبيعية مقارنة بالفعاليات. وبشكل عام المكان طبيعي كأي حديقة أخرى,التنظيم، التذاكر، المكان,"[0, 0, 0]","['التنظيم', 'التذاكر', 'المكان']"
Attractions,0.0,خلال عطلة نهاية الأسبوع ذهبنا إلى هناك، ترتيب الدخول كان يسير بشكل طبيعي في حين أن المكان يعتبر جيد لقضاء بعض الوقت,التنظيم، المكان,"[0, 0]","['التنظيم', 'المكان']"
Attractions,0.0,التجربة بشكل عام كانت متفاوتة، التذاكر ليست رخيصة ولا غالية بل في المعقول. التنظيم سيء جداً وهناك عشوائية في المكان وبالنسبة للفعاليات فالأنشطة و ممتعة جداً ومليئة بالحماس وبالنسبة للمكان فـ يعتبر جيد لقضاء بعض الوقت,التذاكر، التنظيم، الفعاليات، المكان,"[0, -1, 1, 0]","['التذاكر', 'التنظيم', 'الفعاليات', 'المكان']"
Attractions,0.0,قمت بتجربة هذا المكان وملاحظاتي هي: قيمة التذكرة عادية أما المكان فـ مساحة وتصميمه مقبول ولا بأس به أما الفعاليات فـ كانت تقليدية ومكررة,التذاكر، المكان، الفعاليات,"[0, 0, 0]","['التذاكر', 'المكان', 'الفعاليات']"
Restaurants,-1.0,التجربة بشكل عام كانت متفاوتة، أسوأ خدمة جربتها في حياتي بالإضافة إلى ذلك، الأكل مقبول لكنني تذوقت أفضل منه,الخدمة، الأكل,"[-1, 0]","['الخدمة', 'الأكل']"
Attractions,-1.0,قمت بتجربة هذا المكان وملاحظاتي هي: التنظيم داخل المرفق كان عاديا. وقيمة التذكرة عادية. والفعاليات مملة جداً ولا يوجد تجديد,التنظيم، التذاكر، الفعاليات,"[0, 0, -1]","['التنظيم', 'التذاكر', 'الفعاليات']"
Attractions,0.0,في زيارتي الأخيرة، الإدارة والتنظيم بمستوى مقبول، كما أن سعر التذاكر كان متوسطا ومقبولا,التنظيم، التذاكر,"[0, 0]","['التنظيم', 'التذاكر']"
Hotels,1.0,خلال عطلة نهاية الأسبوع ذهبنا إلى هناك، أثاث الغرفة يبدو عادياً ليس حديثاً ولا قديماً جداً. وموقع الفندق ممتاز جداً وإطلالته خرافية أما الاستقبال فـ طاقم كان عادياً في التعامل,الغرفة، الموقع، الاستقبال,"[0, 1, 0]","['الغرفة', 'الموقع', 'الاستقبال']"
Attractions,0.0,قمت بتجربة هذا المكان وملاحظاتي هي: الإدارة والتنظيم بمستوى مقبول في حين أن الفعاليات مقبولة وتمضية وقت ليس إلا,التنظيم، الفعاليات,"[0, 0]","['التنظيم', 'الفعاليات']"
Restaurants,0.0,بصراحة، بالنسبة للأكل فهو بمستوى طبيعي. الأسعار ممتازة ورخيصة مقارنة بالكمية، كما أن الخدمة بطيئة للغاية والعمال غير مهتمين,الأكل، الأسعار، الخدمة,"[0, 1, -1]","['الأكل', 'الأسعار', 'الخدمة']"
Restaurants,0.0,قرأت تقييمات كثيرة وقررت التجربة، بالنسبة للأسعار فهي مقبولة إلى حد ما. نظافة المكان بشكل عام كانت مقبولة أما الخدمة فـ أسوأ خدمة جربتها في حياتي، كما أن الأكل مقبول لكنني تذوقت أفضل منه,الأسعار، النظافة، الخدمة، الأكل,"[0, 0, -1, 0]","['الأسعار', 'النظافة', 'الخدمة', 'الأكل']"
Restaurants,0.0,خلال عطلة نهاية الأسبوع ذهبنا إلى هناك، أسعار المنيو تعتبر طبيعية مقارنة بالمطاعم الأخرى في حين أن سرعة الخدمة كانت في المعدل الطبيعي والمقبول,الأسعار، الخدمة,"[0, 0]","['الأسعار', 'الخدمة']"
Restaurants,1.0,قمت بتجربة هذا المكان وملاحظاتي هي: نظافة المكان بشكل عام كانت مقبولة بالإضافة إلى ذلك، الأكل مقبول لكنني تذوقت أفضل منه وبالنسبة للخدمة فـ سريعة جداً وطاقم العمل ودود,النظافة، الأكل، الخدمة,"[0, 0, 1]","['النظافة', 'الأكل', 'الخدمة']"
Hotels,0.0,في زيارتي الأخيرة، وجبة الإفطار كانت عادية ولم تكن مميزة أما الغرفة فـ أثاث يبدو عادياً ليس حديثاً ولا قديماً جداً,الإفطار، الغرفة,"[0, 0]","['الإفطار', 'الغرفة']"
Hotels,0.0,قمت بتجربة هذا المكان وملاحظاتي هي: الإفطار سيء جداً والخيارات محدودة في حين أن موقع المكان عادي ويمكن الوصول إليه بسهولة وبالنسبة للغرفة فـ مساحة كانت متوسطة كما توقعنا أما الاستقبال فـ إجراءات الدخول في كانت طبيعية ولم تستغرق وقتا طويلا أو قصيرا,الإفطار، الموقع، الغرفة، الاستقبال,"[-1, 0, 0, 0]","['الإفطار', 'الموقع', 'الغرفة', 'الاستقبال']"
Restaurants,0.0,خلال عطلة نهاية الأسبوع ذهبنا إلى هناك، نظافة المكان بشكل عام كانت مقبولة. كل الأطباق كانت مطبوخة باحترافية وطعمها خيال أما الخدمة فـ سرعة كانت في المعدل الطبيعي والمقبول. والأسعار مبالغ فيها وغالية جداً,النظافة، الأكل، الخدمة، الأسعار,"[0, 1, 0, -1]","['النظافة', 'الأكل', 'الخدمة', 'الأسعار']"
Hotels,0.0,خلال عطلة نهاية الأسبوع ذهبنا إلى هناك، بالنسبة للغرفة فهي بمستوى طبيعي ولا بأس بها وبالنسبة للموقع فـ مقبول ولا بأس به مقارنة بالسعر,الغرفة، الموقع,"[0, 0]","['الغرفة', 'الموقع']"
Hotels,1.0,التجربة بشكل عام كانت متفاوتة، الموقع مقبول ولا بأس به مقارنة بالسعر. الإفطار كان مقبولاً لكنه يفتقر للتنوع في حين أن موظفو الاستقبال في قمة الرقي والتعاون,الموقع، الإفطار، الاستقبال,"[0, 0, 1]","['الموقع', 'الإفطار', 'الاستقبال']"
Hotels,-1.0,في زيارتي الأخيرة، الإفطار سيء جداً والخيارات محدودة بالإضافة إلى ذلك، موقع الفندق يعتبر متوسطا من حيث القرب للخدمات,الإفطار، الموقع,"[-1, 0]","['الإفطار', 'الموقع']"
Hotels,0.0,التجربة بشكل عام كانت متفاوتة، وجبة الإفطار كانت عادية ولم تكن مميزة في حين أن بالنسبة للغرفة فهي بمستوى طبيعي ولا بأس بها,الإفطار، الغرفة,"[0, 0]","['الإفطار', 'الغرفة']"
Restaurants,0.0,التجربة بشكل عام كانت متفاوتة، بالنسبة للأكل فهو بمستوى طبيعي بالإضافة إلى ذلك، السعر كان عاديا وليس مبالغا فيه أما النظافة فـ نظافة المكان بشكل عام كانت مقبولة في حين أن مستوى الخدمة لا بأس به,الأكل، الأسعار، النظافة، الخدمة,"[0, 0, 0, 0]","['الأكل', 'الأسعار', 'النظافة', 'الخدمة']"
Hotels,-1.0,قمت بتجربة هذا المكان وملاحظاتي هي: موقع المكان عادي ويمكن الوصول إليه بسهولة. وجودة الطعام في الإفطار كانت ضعيفة جداً,الموقع، الإفطار,"[0, -1]","['الموقع', 'الإفطار']"
Hotels,-1.0,الإفطار سيء جداً والخيارات محدودة وبالنسبة للاستقبال فـ كان مقبولا بشكل عام أما الغرفة فـ كانت عادية وتفي بالغرض,الإفطار، الاستقبال، الغرفة,"[-1, 0, 0]","['الإفطار', 'الاستقبال', 'الغرفة']"
Attractions,-1.0,خلال عطلة نهاية الأسبوع ذهبنا إلى هناك، الفعاليات مملة جداً ولا يوجد تجديد بالإضافة إلى ذلك، فوضى عارمة وسوء تنظيم واضح,الفعاليات، التنظيم,"[-1, -1]","['الفعاليات', 'التنظيم']"
Restaurants,0.0,في زيارتي الأخيرة، بالنسبة للأكل فهو بمستوى طبيعي. المطعم نظيف لحد معقول. الخدمة في المطعم كانت روتينية، كما أن بالنسبة للأسعار فهي مقبولة إلى حد ما,الأكل، النظافة، الخدمة، الأسعار,"[0, 0, 0, 0]","['الأكل', 'النظافة', 'الخدمة', 'الأسعار']"
Hotels,1.0,بصراحة، موظفو الاستقبال في قمة الرقي والتعاون في حين أن موقع المكان عادي ويمكن الوصول إليه بسهولة، كما أن الإفطار كان مقبولاً لكنه يفتقر للتنوع في حين أن أعجبتني الغرفة بنظافتها الفائقة وتصميمها الرائع,الاستقبال، الموقع، الإفطار، الغرفة,"[1, 0, 0, 1]","['الاستقبال', 'الموقع', 'الإفطار', 'الغرفة']"
Attractions,-1.0,خلال عطلة نهاية الأسبوع ذهبنا إلى هناك، المكان كئيب وممل جداً. وأسعار التذاكر غالية جداً ومبالغ فيها. وترتيب الدخول كان يسير بشكل طبيعي,المكان، التذاكر، التنظيم,"[-1, -1, 0]","['المكان', 'التذاكر', 'التنظيم']"
Restaurants,1.0,قرأت تقييمات كثيرة وقررت التجربة، الخدمة في المطعم كانت روتينية، كما أن نظافة المطعم ممتازة جداً أما الأسعار فـ قيمة رائعة مقابل المال و جداً معقولة,الخدمة، النظافة، الأسعار,"[0, 1, 1]","['الخدمة', 'النظافة', 'الأسعار']"
Hotels,0.0,قرأت تقييمات كثيرة وقررت التجربة، موقع الفندق سيء ويصعب الوصول إليه في حين أن أعجبتني الغرفة بنظافتها الفائقة وتصميمها الرائع وبالنسبة للإفطار فـ كان مقبولاً لكنه يفتقر للتنوع,الموقع، الغرفة، الإفطار,"[-1, 1, 0]","['الموقع', 'الغرفة', 'الإفطار']"
Attractions,1.0,في زيارتي الأخيرة، أسعار التذاكر رخيصة جداً ومناسبة للجميع وبالنسبة للتنظيم فـ مرتبين جداً و احترافي في حين أن المكان كئيب وممل جداً,التذاكر، التنظيم، المكان,"[1, 1, -1]","['التذاكر', 'التنظيم', 'المكان']"
Attractions,0.0,خلال عطلة نهاية الأسبوع ذهبنا إلى هناك، التنظيم داخل المرفق كان عاديا، كما أن الأنشطة الموجودة لا بأس بها للأطفال بالإضافة إلى ذلك، أسعار الدخول طبيعية مقارنة بالفعاليات,التنظيم، الفعاليات، التذاكر,"[0, 0, 0]","['التنظيم', 'الفعاليات', 'التذاكر']"
Hotels,-1.0,خلال عطلة نهاية الأسبوع ذهبنا إلى هناك، الغرفة كانت عادية وتفي بالغرض في حين أن واجهنا بطء شديد ومماطلة من موظفي الاستقبال,الغرفة، الاستقبال,"[0, -1]","['الغرفة', 'الاستقبال']"
Attractions,0.0,قرأت تقييمات كثيرة وقررت التجربة، لا بأس بالتنظيم بشكل عام بالإضافة إلى ذلك، الفعاليات مقبولة وتمضية وقت ليس إلا,التنظيم، الفعاليات,"[0, 0]","['التنظيم', 'الفعاليات']"
Attractions,0.0,بصراحة، الفعاليات كانت تقليدية ومكررة وبالنسبة للتنظيم فـ داخل المرفق كان عاديا,الفعاليات، التنظيم,"[0, 0]","['الفعاليات', 'التنظيم']"
Attractions,0.0,قمت بتجربة هذا المكان وملاحظاتي هي: التنظيم داخل المرفق كان عاديا بالإضافة إلى ذلك، المكان يعتبر جيد لقضاء بعض الوقت أما الفعاليات فالعروض المقدمة كانت في المستوى الطبيعي,التنظيم، المكان، الفعاليات,"[0, 0, 0]","['التنظيم', 'المكان', 'الفعاليات']"
Attractions,1.0,التجربة بشكل عام كانت متفاوتة، المكان ساحر وجميل جداً للتصوير. التنظيم رائع جداً وسلس للغاية، كما أن الفعاليات مقبولة وتمضية وقت ليس إلا. أسعار التذاكر رخيصة جداً ومناسبة للجميع,المكان، التنظيم، الفعاليات، التذاكر,"[1, 1, 0, 1]","['المكان', 'التنظيم', 'الفعاليات', 'التذاكر']"
Restaurants,-1.0,بالنسبة للأكل فهو بمستوى طبيعي بالإضافة إلى ذلك، أسعار المنيو تعتبر طبيعية مقارنة بالمطاعم الأخرى وبالنسبة للنظافة فـ معدومة في هذا المطعم,الأكل، الأسعار، النظافة,"[0, 0, -1]","['الأكل', 'الأسعار', 'النظافة']"
Hotels,0.0,بالنسبة للغرفة فهي بمستوى طبيعي ولا بأس بها. موقع الفندق يعتبر متوسطا من حيث القرب للخدمات. وتعامل الاستقبال كان جافاً وغير احترافي بالإضافة إلى ذلك، الإفطار كان لذيذاً ومتنوعاً جداً,الغرفة، الموقع، الاستقبال، الإفطار,"[0, 0, -1, 1]","['الغرفة', 'الموقع', 'الاستقبال', 'الإفطار']"
Attractions,0.0,التجربة بشكل عام كانت متفاوتة، لا بأس بالتنظيم بشكل عام. والفعاليات مقبولة وتمضية وقت ليس إلا. والتذاكر ليست رخيصة ولا غالية بل في المعقول,التنظيم، الفعاليات، التذاكر,"[0, 0, 0]","['التنظيم', 'الفعاليات', 'التذاكر']"
Restaurants,0.0,قرأت تقييمات كثيرة وقررت التجربة، الخدمة في المطعم كانت روتينية في حين أن الطاولات كانت نظيفة بشكل معتاد أما الأكل فـ بالنسبة للأكل فهو بمستوى طبيعي وبالنسبة للأسعار فالمطعم غالي بشكل مبالغ فيه ولا يستحق,الخدمة، النظافة، الأكل، الأسعار,"[0, 0, 0, -1]","['الخدمة', 'النظافة', 'الأكل', 'الأسعار']"
Restaurants,0.0,خلال عطلة نهاية الأسبوع ذهبنا إلى هناك، الخدمة في المطعم كانت روتينية. الأسعار كانت متوسطة ومناسبة لجودة المكان,الخدمة، الأسعار,"[0, 0]","['الخدمة', 'الأسعار']"
Restaurants,1.0,في زيارتي الأخيرة، السعر كان عاديا وليس مبالغا فيه. طعم الأكل كان عادياً ولا يوجد فيه نكهة مميزة أما الخدمة فـ ممتازة واهتمام كبير بالزبائن,الأسعار، الأكل، الخدمة,"[0, 0, 1]","['الأسعار', 'الأكل', 'الخدمة']"
Restaurants,0.0,التجربة بشكل عام كانت متفاوتة، أسعار المنيو تعتبر طبيعية مقارنة بالمطاعم الأخرى. طعم الأكل كان عادياً ولا يوجد فيه نكهة مميزة، كما أن تعامل الويترز كان عادياً,الأسعار، الأكل، الخدمة,"[0, 0, 0]","['الأسعار', 'الأكل', 'الخدمة']"
Restaurants,1.0,في زيارتي الأخيرة، المطعم نظيف لحد معقول أما الأكل فـ كان لذيذاً جداً وأنصح به بشدة,النظافة، الأكل,"[0, 1]","['النظافة', 'الأكل']"
Attractions,0.0,في زيارتي الأخيرة، لا بأس بالتنظيم بشكل عام أما الفعاليات فالعروض المقدمة كانت في المستوى الطبيعي,التنظيم، الفعاليات,"[0, 0]","['التنظيم', 'الفعاليات']"
Attractions,-1.0,في زيارتي الأخيرة، قيمة التذكرة عادية أما المكان فـ بشكل عام طبيعي كأي حديقة أخرى بالإضافة إلى ذلك، فوضى عارمة وسوء تنظيم واضح,التذاكر، المكان، التنظيم,"[0, 0, -1]","['التذاكر', 'المكان', 'التنظيم']"
Restaurants,0.0,في زيارتي الأخيرة، كل الأطباق كانت مطبوخة باحترافية وطعمها خيال أما النظافة فـ مستوى عادي ولا بأس به في حين أن الخدمة في المطعم كانت روتينية. الأسعار كانت متوسطة ومناسبة لجودة المكان,الأكل، النظافة، الخدمة، الأسعار,"[1, 0, 0, 0]","['الأكل', 'النظافة', 'الخدمة', 'الأسعار']"
Restaurants,0.0,التجربة بشكل عام كانت متفاوتة، الخدمة سريعة جداً وطاقم العمل ودود وبالنسبة للأكل فالطلبات كانت متوسطة المستوى ولا بأس بها بالإضافة إلى ذلك، بالنسبة للأسعار فهي مقبولة إلى حد ما في حين أن الطاولات كانت نظيفة بشكل معتاد,الخدمة، الأكل، الأسعار، النظافة,"[1, 0, 0, 0]","['الخدمة', 'الأكل', 'الأسعار', 'النظافة']"
Hotels,0.0,التجربة بشكل عام كانت متفاوتة، الغرفة ضيقة جداً ومكتومة في حين أن موظفو الاستقبال قاموا بعملهم بشكل روتيني في حين أن الموقع لا يتميز بشيء خاص ولكنه مناسب بالإضافة إلى ذلك، الإفطار كان لذيذاً ومتنوعاً جداً,الغرفة، الاستقبال، الموقع، الإفطار,"[-1, 0, 0, 1]","['الغرفة', 'الاستقبال', 'الموقع', 'الإفطار']"
Restaurants,-1.0,بصراحة، النظافة معدومة في هذا المطعم في حين أن الخدمة بطيئة للغاية والعمال غير مهتمين. الأكل كان بارداً وطعمه سيء جداً. وبالنسبة للأسعار فهي مقبولة إلى حد ما,النظافة، الخدمة، الأكل، الأسعار,"[-1, -1, -1, 0]","['النظافة', 'الخدمة', 'الأكل', 'الأسعار']"
Hotels,1.0,قرأت تقييمات كثيرة وقررت التجربة، الغرفة واسعة ومريحة بشكل استثنائي في حين أن الموقع استراتيجي وقريب من كل الفعاليات. بوفيه الإفطار كان تقليدياً ويقدم أصنافاً معتادة أما الاستقبال فـ موظفو قاموا بعملهم بشكل روتيني,الغرفة، الموقع، الإفطار، الاستقبال,"[1, 1, 0, 0]","['الغرفة', 'الموقع', 'الإفطار', 'الاستقبال']"
Attractions,0.0,المكان ساحر وجميل جداً للتصوير وبالنسبة للفعاليات فالأنشطة الموجودة لا بأس بها للأطفال. التذكرة لا تستحق هذا السعر المرتفع إطلاقاً,المكان، الفعاليات، التذاكر,"[1, 0, -1]","['المكان', 'الفعاليات', 'التذاكر']"
Hotels,0.0,في زيارتي الأخيرة، الموقع بعيد جداً ومقطوع عن الخدمات. الإفطار كان لذيذاً ومتنوعاً جداً أما الغرفة فـ للأسف كانت سيئة وغير نظيفة على الإطلاق. ترحيب حار جداً من طاقم الاستقبال,الموقع، الإفطار، الغرفة، الاستقبال,"[-1, 1, -1, 1]","['الموقع', 'الإفطار', 'الغرفة', 'الاستقبال']"
Restaurants,1.0,قرأت تقييمات كثيرة وقررت التجربة، نظافة المطعم ممتازة جداً وبالنسبة للخدمة فـ تعامل الويترز كان عادياً، كما أن بالنسبة للأسعار فهي مقبولة إلى حد ما,النظافة، الخدمة، الأسعار,"[1, 0, 0]","['النظافة', 'الخدمة', 'الأسعار']"
Hotels,1.0,الموقع لا يتميز بشيء خاص ولكنه مناسب وبالنسبة للغرفة فـ واسعة ومريحة بشكل استثنائي,الموقع، الغرفة,"[0, 1]","['الموقع', 'الغرفة']"
Hotels,0.0,خلال عطلة نهاية الأسبوع ذهبنا إلى هناك، أثاث الغرفة يبدو عادياً ليس حديثاً ولا قديماً جداً في حين أن موظفو الاستقبال قاموا بعملهم بشكل روتيني,الغرفة، الاستقبال,"[0, 0]","['الغرفة', 'الاستقبال']"
Hotels,-1.0,قمت بتجربة هذا المكان وملاحظاتي هي: موقع المكان عادي ويمكن الوصول إليه بسهولة في حين أن الإفطار سيء جداً والخيارات محدودة,الموقع، الإفطار,"[0, -1]","['الموقع', 'الإفطار']"
Attractions,0.0,خلال عطلة نهاية الأسبوع ذهبنا إلى هناك، الإدارة والتنظيم بمستوى مقبول، كما أن قيمة التذكرة عادية وبالنسبة للمكان فـ مساحة وتصميمه مقبول ولا بأس به,التنظيم، التذاكر، المكان,"[0, 0, 0]","['التنظيم', 'التذاكر', 'المكان']"
Hotels,-1.0,بصراحة، الاستقبال كان مقبولا بشكل عام. جودة الطعام في الإفطار كانت ضعيفة جداً وبالنسبة للموقع فـ مقبول ولا بأس به مقارنة بالسعر,الاستقبال، الإفطار، الموقع,"[0, -1, 0]","['الاستقبال', 'الإفطار', 'الموقع']"
Hotels,0.0,قرأت تقييمات كثيرة وقررت التجربة، بوفيه الإفطار مذهل ويحتوي على خيارات رائعة، كما أن طاقم الاستقبال كان عادياً في التعامل، كما أن للأسف الغرفة كانت سيئة وغير نظيفة على الإطلاق في حين أن موقع المكان عادي ويمكن الوصول إليه بسهولة,الإفطار، الاستقبال، الغرفة، الموقع,"[1, 0, -1, 0]","['الإفطار', 'الاستقبال', 'الغرفة', 'الموقع']"
Hotels,0.0,خلال عطلة نهاية الأسبوع ذهبنا إلى هناك، الموقع مقبول ولا بأس به مقارنة بالسعر، كما أن أثاث الغرفة يبدو عادياً ليس حديثاً ولا قديماً جداً,الموقع، الغرفة,"[0, 0]","['الموقع', 'الغرفة']"
Attractions,0.0,التجربة بشكل عام كانت متفاوتة، مساحة المكان وتصميمه مقبول ولا بأس به. والفعاليات كانت تقليدية ومكررة,المكان، الفعاليات,"[0, 0]","['المكان', 'الفعاليات']"
Attractions,0.0,بصراحة، الأنشطة الموجودة لا بأس بها للأطفال وبالنسبة للتذاكر فـ قيمة التذكرة عادية,الفعاليات، التذاكر,"[0, 0]","['الفعاليات', 'التذاكر']"
Attractions,0.0,سعر التذاكر كان متوسطا ومقبولا. والوجهة كانت عادية ولم تبهرني كثيراً,التذاكر، المكان,"[0, 0]","['التذاكر', 'المكان']"
Restaurants,0.0,التجربة بشكل عام كانت متفاوتة، مستوى الخدمة لا بأس به. الطلبات كانت متوسطة المستوى ولا بأس بها,الخدمة، الأكل,"[0, 0]","['الخدمة', 'الأكل']"
Hotels,1.0,موقع الفندق ممتاز جداً وإطلالته خرافية بالإضافة إلى ذلك، الاستقبال كان مقبولا بشكل عام,الموقع، الاستقبال,"[1, 0]","['الموقع', 'الاستقبال']"
Hotels,0.0,قمت بتجربة هذا المكان وملاحظاتي هي: مساحة الغرفة كانت متوسطة كما توقعنا في حين أن إجراءات الدخول في الاستقبال كانت طبيعية ولم تستغرق وقتا طويلا أو قصيرا، كما أن الموقع بعيد جداً ومقطوع عن الخدمات أما الإفطار فـ كان لذيذاً ومتنوعاً جداً,الغرفة، الاستقبال، الموقع، الإفطار,"[0, 0, -1, 1]","['الغرفة', 'الاستقبال', 'الموقع', 'الإفطار']"
Restaurants,0.0,بصراحة، بالنسبة للأسعار فهي مقبولة إلى حد ما في حين أن الأكل مقبول لكنني تذوقت أفضل منه,الأسعار، الأكل,"[0, 0]","['الأسعار', 'الأكل']"
Hotels,0.0,قرأت تقييمات كثيرة وقررت التجربة، مساحة الغرفة كانت متوسطة كما توقعنا في حين أن بوفيه الإفطار كان تقليدياً ويقدم أصنافاً معتادة,الغرفة، الإفطار,"[0, 0]","['الغرفة', 'الإفطار']"
Hotels,-1.0,تعامل الاستقبال كان جافاً وغير احترافي، كما أن الموقع مقبول ولا بأس به مقارنة بالسعر,الاستقبال، الموقع,"[-1, 0]","['الاستقبال', 'الموقع']"
Attractions,-1.0,في زيارتي الأخيرة، سعر التذاكر كان متوسطا ومقبولا أما المكان فـ لا أنصح بزيارة فهو سيء للغاية وبالنسبة للفعاليات فالأنشطة الموجودة لا بأس بها للأطفال,التذاكر، المكان، الفعاليات,"[0, -1, 0]","['التذاكر', 'المكان', 'الفعاليات']"
Restaurants,0.0,قمت بتجربة هذا المكان وملاحظاتي هي: تعامل الويترز كان عادياً. الطاولات كانت نظيفة بشكل معتاد وبالنسبة للأكل فـ بالنسبة للأكل فهو بمستوى طبيعي,الخدمة، النظافة، الأكل,"[0, 0, 0]","['الخدمة', 'النظافة', 'الأكل']"
Restaurants,1.0,قمت بتجربة هذا المكان وملاحظاتي هي: قيمة رائعة مقابل المال والأسعار جداً معقولة وبالنسبة للنظافة فالطاولات كانت نظيفة بشكل معتاد,الأسعار، النظافة,"[1, 0]","['الأسعار', 'النظافة']"
Hotels,0.0,قرأت تقييمات كثيرة وقررت التجربة، بالنسبة للإفطار فهو جيد نسبيا كأي فندق آخر، كما أن الغرفة كانت عادية وتفي بالغرض,الإفطار، الغرفة,"[0, 0]","['الإفطار', 'الغرفة']"
Attractions,-1.0,قمت بتجربة هذا المكان وملاحظاتي هي: قيمة التذكرة عادية أما التنظيم فـ فوضى عارمة وسوء تنظيم واضح، كما أن العروض المقدمة كانت في المستوى الطبيعي,التذاكر، التنظيم، الفعاليات,"[0, -1, 0]","['التذاكر', 'التنظيم', 'الفعاليات']"
Restaurants,0.0,التجربة بشكل عام كانت متفاوتة، الخدمة ممتازة واهتمام كبير بالزبائن. الأسعار مبالغ فيها وغالية جداً,الخدمة، الأسعار,"[1, -1]","['الخدمة', 'الأسعار']"
Restaurants,0.0,قرأت تقييمات كثيرة وقررت التجربة، بالنسبة للأسعار فهي مقبولة إلى حد ما وبالنسبة للنظافة فـ مستوى عادي ولا بأس به. لم يعجبني الأكل إطلاقاً وكان دون المستوى أما الخدمة فـ تعامل الويترز كان عادياً,الأسعار، النظافة، الأكل، الخدمة,"[0, 0, -1, 0]","['الأسعار', 'النظافة', 'الأكل', 'الخدمة']"
Restaurants,0.0,بصراحة، النظافة معدومة في هذا المطعم، كما أن الأسعار ممتازة ورخيصة مقارنة بالكمية,النظافة، الأسعار,"[-1, 1]","['النظافة', 'الأسعار']"
Restaurants,0.0,في زيارتي الأخيرة، الأكل مقبول لكنني تذوقت أفضل منه. ونظافة المكان بشكل عام كانت مقبولة، كما أن تعامل الويترز كان عادياً,الأكل، النظافة، الخدمة,"[0, 0, 0]","['الأكل', 'النظافة', 'الخدمة']"
Restaurants,1.0,قمت بتجربة هذا المكان وملاحظاتي هي: الأكل كان لذيذاً جداً وأنصح به بشدة وبالنسبة للأسعار فالسعر كان عاديا وليس مبالغا فيه,الأكل، الأسعار,"[1, 0]","['الأكل', 'الأسعار']"
Attractions,0.0,قمت بتجربة هذا المكان وملاحظاتي هي: الفعاليات مقبولة وتمضية وقت ليس إلا أما المكان فـ وجهة سياحية رائعة وتستحق الزيارة تكراراً في حين أن ترتيب الدخول كان يسير بشكل طبيعي وبالنسبة للتذاكر فـ أسعار الدخول طبيعية مقارنة بالفعاليات,الفعاليات، المكان، التنظيم، التذاكر,"[0, 1, 0, 0]","['الفعاليات', 'المكان', 'التنظيم', 'التذاكر']"
Hotels,0.0,قرأت تقييمات كثيرة وقررت التجربة، ترحيب حار جداً من طاقم الاستقبال أما الإفطار فـ بالنسبة للإفطار فهو جيد نسبيا كأي فندق آخر أما الموقع فـ مقبول ولا بأس به مقارنة بالسعر وبالنسبة للغرفة فـ للأسف كانت سيئة وغير نظيفة على الإطلاق,الاستقبال، الإفطار، الموقع، الغرفة,"[1, 0, 0, -1]","['الاستقبال', 'الإفطار', 'الموقع', 'الغرفة']"
Restaurants,0.0,بصراحة، كل الأطباق كانت مطبوخة باحترافية وطعمها خيال في حين أن المكان متسخ والطاولات غير نظيفة بالإضافة إلى ذلك، سرعة الخدمة كانت في المعدل الطبيعي والمقبول، كما أن الأسعار كانت متوسطة ومناسبة لجودة المكان,الأكل، النظافة، الخدمة، الأسعار,"[1, -1, 0, 0]","['الأكل', 'النظافة', 'الخدمة', 'الأسعار']"
Attractions,0.0,قرأت تقييمات كثيرة وقررت التجربة، الفعاليات كانت تقليدية ومكررة وبالنسبة للتذاكر فـ أسعار رخيصة جداً ومناسبة للجميع أما المكان فـ كئيب وممل جداً,الفعاليات، التذاكر، المكان,"[0, 1, -1]","['الفعاليات', 'التذاكر', 'المكان']"
Restaurants,0.0,في زيارتي الأخيرة، سرعة الخدمة كانت في المعدل الطبيعي والمقبول وبالنسبة للأسعار فـ أسعار المنيو تعتبر طبيعية مقارنة بالمطاعم الأخرى,الخدمة، الأسعار,"[0, 0]","['الخدمة', 'الأسعار']"
Attractions,-1.0,قرأت تقييمات كثيرة وقررت التجربة، الفعاليات مقبولة وتمضية وقت ليس إلا أما المكان فـ كئيب وممل جداً، كما أن أسعار التذاكر غالية جداً ومبالغ فيها,الفعاليات، المكان، التذاكر,"[0, -1, -1]","['الفعاليات', 'المكان', 'التذاكر']"
Restaurants,1.0,قمت بتجربة هذا المكان وملاحظاتي هي: الأسعار ممتازة ورخيصة مقارنة بالكمية. والمطعم نظيف لحد معقول,الأسعار، النظافة,"[1, 0]","['الأسعار', 'النظافة']"
Hotels,1.0,الاستقبال كان مقبولا بشكل عام. بالنسبة للإفطار فهو جيد نسبيا كأي فندق آخر أما الغرفة فـ أعجبتني بنظافتها الفائقة وتصميمها الرائع,الاستقبال، الإفطار، الغرفة,"[0, 0, 1]","['الاستقبال', 'الإفطار', 'الغرفة']"
Restaurants,0.0,قمت بتجربة هذا المكان وملاحظاتي هي: السعر كان عاديا وليس مبالغا فيه في حين أن مستوى الخدمة لا بأس به. والطاولات كانت نظيفة بشكل معتاد,الأسعار، الخدمة، النظافة,"[0, 0, 0]","['الأسعار', 'الخدمة', 'النظافة']"
Hotels,0.0,التجربة بشكل عام كانت متفاوتة، إجراءات الدخول في الاستقبال كانت طبيعية ولم تستغرق وقتا طويلا أو قصيرا بالإضافة إلى ذلك، موقع الفندق يعتبر متوسطا من حيث القرب للخدمات. ومساحة الغرفة كانت متوسطة كما توقعنا. والإفطار كان مقبولاً لكنه يفتقر للتنوع,الاستقبال، الموقع، الغرفة، الإفطار,"[0, 0, 0, 0]","['الاستقبال', 'الموقع', 'الغرفة', 'الإفطار']"
Attractions,-1.0,بصراحة، لا بأس بالتنظيم بشكل عام وبالنسبة للفعاليات فـ لا توجد فعاليات تذكر والأنشطة سيئة، كما أن الوجهة كانت عادية ولم تبهرني كثيراً,التنظيم، الفعاليات، المكان,"[0, -1, 0]","['التنظيم', 'الفعاليات', 'المكان']"
Attractions,1.0,الفعاليات مقبولة وتمضية وقت ليس إلا بالإضافة إلى ذلك، التنظيم رائع جداً وسلس للغاية وبالنسبة للتذاكر فـ أسعار رخيصة جداً ومناسبة للجميع. بشكل عام المكان طبيعي كأي حديقة أخرى,الفعاليات، التنظيم، التذاكر، المكان,"[0, 1, 1, 0]","['الفعاليات', 'التنظيم', 'التذاكر', 'المكان']"
Hotels,1.0,قمت بتجربة هذا المكان وملاحظاتي هي: موقع المكان عادي ويمكن الوصول إليه بسهولة بالإضافة إلى ذلك، بوفيه الإفطار مذهل ويحتوي على خيارات رائعة,الموقع، الإفطار,"[0, 1]","['الموقع', 'الإفطار']"
Attractions,0.0,التجربة بشكل عام كانت متفاوتة، لا بأس بالتنظيم بشكل عام أما المكان فالوجهة كانت عادية ولم تبهرني كثيراً,التنظيم، المكان,"[0, 0]","['التنظيم', 'المكان']"
Restaurants,0.0,المكان متسخ والطاولات غير نظيفة بالإضافة إلى ذلك، الأكل مقبول لكنني تذوقت أفضل منه أما الخدمة فـ مستوى لا بأس به بالإضافة إلى ذلك، قيمة رائعة مقابل المال والأسعار جداً معقولة,النظافة، الأكل، الخدمة، الأسعار,"[-1, 0, 0, 1]","['النظافة', 'الأكل', 'الخدمة', 'الأسعار']"
Attractions,0.0,قرأت تقييمات كثيرة وقررت التجربة، ترتيب الدخول كان يسير بشكل طبيعي، كما أن سعر التذاكر كان متوسطا ومقبولا في حين أن الأنشطة الموجودة لا بأس بها للأطفال,التنظيم، التذاكر، الفعاليات,"[0, 0, 0]","['التنظيم', 'التذاكر', 'الفعاليات']"
Restaurants,-1.0,في زيارتي الأخيرة، المكان متسخ والطاولات غير نظيفة بالإضافة إلى ذلك، الخدمة في المطعم كانت روتينية وبالنسبة للأكل فالطلبات كانت متوسطة المستوى ولا بأس بها,النظافة، الخدمة، الأكل,"[-1, 0, 0]","['النظافة', 'الخدمة', 'الأكل']"
Restaurants,0.0,قرأت تقييمات كثيرة وقررت التجربة، تعامل الويترز كان عادياً بالإضافة إلى ذلك، أسعار المنيو تعتبر طبيعية مقارنة بالمطاعم الأخرى,الخدمة، الأسعار,"[0, 0]","['الخدمة', 'الأسعار']"
Restaurants,0.0,خلال عطلة نهاية الأسبوع ذهبنا إلى هناك، الأسعار كانت متوسطة ومناسبة لجودة المكان أما النظافة فالمطعم نظيف لحد معقول وبالنسبة للأكل فـ بالنسبة للأكل فهو بمستوى طبيعي. وسرعة الخدمة كانت في المعدل الطبيعي والمقبول,الأسعار، النظافة، الأكل، الخدمة,"[0, 0, 0, 0]","['الأسعار', 'النظافة', 'الأكل', 'الخدمة']"
Restaurants,-1.0,في زيارتي الأخيرة، السعر كان عاديا وليس مبالغا فيه، كما أن سرعة الخدمة كانت في المعدل الطبيعي والمقبول وبالنسبة للأكل فـ كان بارداً وطعمه سيء جداً,الأسعار، الخدمة، الأكل,"[0, 0, -1]","['الأسعار', 'الخدمة', 'الأكل']"
Attractions,0.0,بصراحة، أسعار التذاكر رخيصة جداً ومناسبة للجميع. التنظيم سيء جداً وهناك عشوائية في المكان,التذاكر، التنظيم,"[1, -1]","['التذاكر', 'التنظيم']"
Hotels,0.0,في زيارتي الأخيرة، الإفطار كان مقبولاً لكنه يفتقر للتنوع بالإضافة إلى ذلك، الموقع مقبول ولا بأس به مقارنة بالسعر,الإفطار، الموقع,"[0, 0]","['الإفطار', 'الموقع']"
Hotels,1.0,في زيارتي الأخيرة، موظفو الاستقبال قاموا بعملهم بشكل روتيني وبالنسبة للإفطار فـ بوفيه مذهل ويحتوي على خيارات رائعة,الاستقبال، الإفطار,"[0, 1]","['الاستقبال', 'الإفطار']"
Attractions,0.0,قمت بتجربة هذا المكان وملاحظاتي هي: الأنشطة الموجودة لا بأس بها للأطفال وبالنسبة للتنظيم فـ ترتيب الدخول كان يسير بشكل طبيعي,الفعاليات، التنظيم,"[0, 0]","['الفعاليات', 'التنظيم']"
Restaurants,-1.0,التجربة بشكل عام كانت متفاوتة، النظافة معدومة في هذا المطعم في حين أن طعم الأكل كان عادياً ولا يوجد فيه نكهة مميزة,النظافة، الأكل,"[-1, 0]","['النظافة', 'الأكل']"
Attractions,0.0,قمت بتجربة هذا المكان وملاحظاتي هي: المكان ساحر وجميل جداً للتصوير. وفوضى عارمة وسوء تنظيم واضح أما التذاكر فـ ليست رخيصة ولا غالية بل في المعقول. والفعاليات كانت تقليدية ومكررة,المكان، التنظيم، التذاكر، الفعاليات,"[1, -1, 0, 0]","['المكان', 'التنظيم', 'التذاكر', 'الفعاليات']"
Hotels,-1.0,موقع الفندق يعتبر متوسطا من حيث القرب للخدمات. وواجهنا بطء شديد ومماطلة من موظفي الاستقبال. وبالنسبة للغرفة فهي بمستوى طبيعي ولا بأس بها,الموقع، الاستقبال، الغرفة,"[0, -1, 0]","['الموقع', 'الاستقبال', 'الغرفة']"
Restaurants,-1.0,بصراحة، الأسعار مبالغ فيها وغالية جداً. مستوى النظافة عادي ولا بأس به بالإضافة إلى ذلك، أسوأ خدمة جربتها في حياتي، كما أن الطلبات كانت متوسطة المستوى ولا بأس بها,الأسعار، النظافة، الخدمة، الأكل,"[-1, 0, -1, 0]","['الأسعار', 'النظافة', 'الخدمة', 'الأكل']"
Restaurants,-1.0,خلال عطلة نهاية الأسبوع ذهبنا إلى هناك، سرعة الخدمة كانت في المعدل الطبيعي والمقبول. ولم يعجبني الأكل إطلاقاً وكان دون المستوى,الخدمة، الأكل,"[0, -1]","['الخدمة', 'الأكل']"
Hotels,1.0,خلال عطلة نهاية الأسبوع ذهبنا إلى هناك، موظفو الاستقبال في قمة الرقي والتعاون، كما أن بالنسبة للإفطار فهو جيد نسبيا كأي فندق آخر,الاستقبال، الإفطار,"[1, 0]","['الاستقبال', 'الإفطار']"
Attractions,0.0,التجربة بشكل عام كانت متفاوتة، التذاكر ليست رخيصة ولا غالية بل في المعقول وبالنسبة للمكان فالوجهة كانت عادية ولم تبهرني كثيراً بالإضافة إلى ذلك، العروض المقدمة كانت في المستوى الطبيعي. التنظيم رائع جداً وسلس للغاية,التذاكر، المكان، الفعاليات، التنظيم,"[0, 0, 0, 1]","['التذاكر', 'المكان', 'الفعاليات', 'التنظيم']"
Restaurants,0.0,في زيارتي الأخيرة، طعم الأكل كان عادياً ولا يوجد فيه نكهة مميزة. والخدمة في المطعم كانت روتينية,الأكل، الخدمة,"[0, 0]","['الأكل', 'الخدمة']"
Hotels,0.0,خلال عطلة نهاية الأسبوع ذهبنا إلى هناك، موظفو الاستقبال قاموا بعملهم بشكل روتيني بالإضافة إلى ذلك، الموقع مقبول ولا بأس به مقارنة بالسعر وبالنسبة للغرفة فـ كانت عادية وتفي بالغرض وبالنسبة للإفطار فـ بوفيه كان تقليدياً ويقدم أصنافاً معتادة,الاستقبال، الموقع، الغرفة، الإفطار,"[0, 0, 0, 0]","['الاستقبال', 'الموقع', 'الغرفة', 'الإفطار']"
Restaurants,0.0,خلال عطلة نهاية الأسبوع ذهبنا إلى هناك، الأسعار ممتازة ورخيصة مقارنة بالكمية في حين أن لم يعجبني الأكل إطلاقاً وكان دون المستوى أما النظافة فالمطعم نظيف لحد معقول، كما أن الخدمة ممتازة واهتمام كبير بالزبائن,الأسعار، الأكل، النظافة، الخدمة,"[1, -1, 0, 1]","['الأسعار', 'الأكل', 'النظافة', 'الخدمة']"
Attractions,-1.0,قرأت تقييمات كثيرة وقررت التجربة، فوضى عارمة وسوء تنظيم واضح في حين أن المكان يعتبر جيد لقضاء بعض الوقت,التنظيم، المكان,"[-1, 0]","['التنظيم', 'المكان']"
Restaurants,-1.0,بصراحة، بالنسبة للأسعار فهي مقبولة إلى حد ما، كما أن بالنسبة للأكل فهو بمستوى طبيعي، كما أن المكان متسخ والطاولات غير نظيفة,الأسعار، الأكل، النظافة,"[0, 0, -1]","['الأسعار', 'الأكل', 'النظافة']"
Hotels,0.0,التجربة بشكل عام كانت متفاوتة، الاستقبال كان مقبولا بشكل عام. وجبة الإفطار كانت عادية ولم تكن مميزة بالإضافة إلى ذلك، مساحة الغرفة كانت متوسطة كما توقعنا بالإضافة إلى ذلك، الموقع مقبول ولا بأس به مقارنة بالسعر,الاستقبال، الإفطار، الغرفة، الموقع,"[0, 0, 0, 0]","['الاستقبال', 'الإفطار', 'الغرفة', 'الموقع']"
Attractions,1.0,التنظيم داخل المرفق كان عاديا. والأنشطة والفعاليات ممتعة جداً ومليئة بالحماس,التنظيم، الفعاليات,"[0, 1]","['التنظيم', 'الفعاليات']"
Attractions,0.0,خلال عطلة نهاية الأسبوع ذهبنا إلى هناك، الفعاليات كانت تقليدية ومكررة. ومساحة المكان وتصميمه مقبول ولا بأس به. وقيمة التذكرة عادية أما التنظيم فـ مرتبين جداً و احترافي,الفعاليات، المكان، التذاكر، التنظيم,"[0, 0, 0, 1]","['الفعاليات', 'المكان', 'التذاكر', 'التنظيم']"
Hotels,1.0,الموقع استراتيجي وقريب من كل الفعاليات. والاستقبال كان مقبولا بشكل عام وبالنسبة للإفطار فـ وجبة كانت عادية ولم تكن مميزة,الموقع، الاستقبال، الإفطار,"[1, 0, 0]","['الموقع', 'الاستقبال', 'الإفطار']"
Restaurants,1.0,بصراحة، نظافة المطعم ممتازة جداً. بالنسبة للأسعار فهي مقبولة إلى حد ما,النظافة، الأسعار,"[1, 0]","['النظافة', 'الأسعار']"
Restaurants,0.0,التجربة بشكل عام كانت متفاوتة، الطاولات كانت نظيفة بشكل معتاد في حين أن السعر كان عاديا وليس مبالغا فيه,النظافة، الأسعار,"[0, 0]","['النظافة', 'الأسعار']"
Attractions,0.0,الفعاليات كانت تقليدية ومكررة. مساحة المكان وتصميمه مقبول ولا بأس به في حين أن التذاكر ليست رخيصة ولا غالية بل في المعقول,الفعاليات، المكان، التذاكر,"[0, 0, 0]","['الفعاليات', 'المكان', 'التذاكر']"
Restaurants,-1.0,في زيارتي الأخيرة، لم يعجبني الأكل إطلاقاً وكان دون المستوى أما الأسعار فـ كانت متوسطة ومناسبة لجودة المكان أما النظافة فالطاولات كانت نظيفة بشكل معتاد,الأكل، الأسعار، النظافة,"[-1, 0, 0]","['الأكل', 'الأسعار', 'النظافة']"
Hotels,1.0,بصراحة، موقع المكان عادي ويمكن الوصول إليه بسهولة وبالنسبة للاستقبال فـ ترحيب حار جداً من طاقم,الموقع، الاستقبال,"[0, 1]","['الموقع', 'الاستقبال']"
Restaurants,-1.0,خلال عطلة نهاية الأسبوع ذهبنا إلى هناك، المكان متسخ والطاولات غير نظيفة، كما أن طعم الأكل كان عادياً ولا يوجد فيه نكهة مميزة,النظافة، الأكل,"[-1, 0]","['النظافة', 'الأكل']"
Hotels,0.0,التجربة بشكل عام كانت متفاوتة، موقع الفندق يعتبر متوسطا من حيث القرب للخدمات أما الغرفة فـ كانت عادية وتفي بالغرض أما الاستقبال فـ إجراءات الدخول في كانت طبيعية ولم تستغرق وقتا طويلا أو قصيرا,الموقع، الغرفة، الاستقبال,"[0, 0, 0]","['الموقع', 'الغرفة', 'الاستقبال']"
Hotels,0.0,قمت بتجربة هذا المكان وملاحظاتي هي: موظفو الاستقبال قاموا بعملهم بشكل روتيني بالإضافة إلى ذلك، الموقع لا يتميز بشيء خاص ولكنه مناسب بالإضافة إلى ذلك، الإفطار كان مقبولاً لكنه يفتقر للتنوع. الغرفة واسعة ومريحة بشكل استثنائي,الاستقبال، الموقع، الإفطار، الغرفة,"[0, 0, 0, 1]","['الاستقبال', 'الموقع', 'الإفطار', 'الغرفة']"
Restaurants,1.0,خلال عطلة نهاية الأسبوع ذهبنا إلى هناك، السعر كان عاديا وليس مبالغا فيه أما الخدمة فـ سريعة جداً وطاقم العمل ودود. نظافة المطعم ممتازة جداً، كما أن بالنسبة للأكل فهو بمستوى طبيعي,الأسعار، الخدمة، النظافة، الأكل,"[0, 1, 1, 0]","['الأسعار', 'الخدمة', 'النظافة', 'الأكل']"
Attractions,1.0,خلال عطلة نهاية الأسبوع ذهبنا إلى هناك، قيمة التذكرة عادية بالإضافة إلى ذلك، المكان ساحر وجميل جداً للتصوير، كما أن لا بأس بالتنظيم بشكل عام,التذاكر، المكان، التنظيم,"[0, 1, 0]","['التذاكر', 'المكان', 'التنظيم']"
Restaurants,-1.0,قرأت تقييمات كثيرة وقررت التجربة، الخدمة بطيئة للغاية والعمال غير مهتمين في حين أن بالنسبة للأكل فهو بمستوى طبيعي أما النظافة فـ معدومة في هذا المطعم,الخدمة، الأكل، النظافة,"[-1, 0, -1]","['الخدمة', 'الأكل', 'النظافة']"
Attractions,0.0,قرأت تقييمات كثيرة وقررت التجربة، المكان يعتبر جيد لقضاء بعض الوقت أما التنظيم فـ ترتيب الدخول كان يسير بشكل طبيعي. أسعار الدخول طبيعية مقارنة بالفعاليات. ولا توجد فعاليات تذكر والأنشطة سيئة,المكان، التنظيم، التذاكر، الفعاليات,"[0, 0, 0, -1]","['المكان', 'التنظيم', 'التذاكر', 'الفعاليات']"
Restaurants,0.0,خلال عطلة نهاية الأسبوع ذهبنا إلى هناك، مستوى الخدمة لا بأس به وبالنسبة للأكل فـ بالنسبة للأكل فهو بمستوى طبيعي,الخدمة، الأكل,"[0, 0]","['الخدمة', 'الأكل']"
Hotels,0.0,التجربة بشكل عام كانت متفاوتة، ترحيب حار جداً من طاقم الاستقبال، كما أن الموقع مقبول ولا بأس به مقارنة بالسعر في حين أن بالنسبة للغرفة فهي بمستوى طبيعي ولا بأس بها. وجبة الإفطار كانت عادية ولم تكن مميزة,الاستقبال، الموقع، الغرفة، الإفطار,"[1, 0, 0, 0]","['الاستقبال', 'الموقع', 'الغرفة', 'الإفطار']"
Hotels,0.0,قمت بتجربة هذا المكان وملاحظاتي هي: مساحة الغرفة كانت متوسطة كما توقعنا. الموقع مقبول ولا بأس به مقارنة بالسعر. الاستقبال كان مقبولا بشكل عام,الغرفة، الموقع، الاستقبال,"[0, 0, 0]","['الغرفة', 'الموقع', 'الاستقبال']"
Hotels,0.0,في زيارتي الأخيرة، الإفطار كان مقبولاً لكنه يفتقر للتنوع بالإضافة إلى ذلك، إجراءات الدخول في الاستقبال كانت طبيعية ولم تستغرق وقتا طويلا أو قصيرا أما الغرفة فـ بالنسبة للغرفة فهي بمستوى طبيعي ولا بأس بها. الموقع مقبول ولا بأس به مقارنة بالسعر,الإفطار، الاستقبال، الغرفة، الموقع,"[0, 0, 0, 0]","['الإفطار', 'الاستقبال', 'الغرفة', 'الموقع']"
Attractions,1.0,التجربة بشكل عام كانت متفاوتة، التنظيم رائع جداً وسلس للغاية أما المكان فـ يعتبر جيد لقضاء بعض الوقت. والفعاليات مقبولة وتمضية وقت ليس إلا,التنظيم، المكان، الفعاليات,"[1, 0, 0]","['التنظيم', 'المكان', 'الفعاليات']"
Attractions,0.0,التجربة بشكل عام كانت متفاوتة، الوجهة كانت عادية ولم تبهرني كثيراً في حين أن ترتيب الدخول كان يسير بشكل طبيعي، كما أن الأنشطة الموجودة لا بأس بها للأطفال وبالنسبة للتذاكر فـ قيمة التذكرة عادية,المكان، التنظيم، الفعاليات، التذاكر,"[0, 0, 0, 0]","['المكان', 'التنظيم', 'الفعاليات', 'التذاكر']"
Restaurants,0.0,في زيارتي الأخيرة، طعم الأكل كان عادياً ولا يوجد فيه نكهة مميزة أما النظافة فالطاولات كانت نظيفة بشكل معتاد. مستوى الخدمة لا بأس به,الأكل، النظافة، الخدمة,"[0, 0, 0]","['الأكل', 'النظافة', 'الخدمة']"
Restaurants,1.0,قرأت تقييمات كثيرة وقررت التجربة، الأسعار كانت متوسطة ومناسبة لجودة المكان في حين أن الخدمة ممتازة واهتمام كبير بالزبائن بالإضافة إلى ذلك، الأكل مقبول لكنني تذوقت أفضل منه,الأسعار، الخدمة، الأكل,"[0, 1, 0]","['الأسعار', 'الخدمة', 'الأكل']"
Attractions,0.0,قمت بتجربة هذا المكان وملاحظاتي هي: أسعار التذاكر غالية جداً ومبالغ فيها. والعروض المقدمة كانت في المستوى الطبيعي، كما أن مرتبين جداً والتنظيم احترافي وبالنسبة للمكان فـ مساحة وتصميمه مقبول ولا بأس به,التذاكر، الفعاليات، التنظيم، المكان,"[-1, 0, 1, 0]","['التذاكر', 'الفعاليات', 'التنظيم', 'المكان']"
Hotels,-1.0,موظفو الاستقبال قاموا بعملهم بشكل روتيني. والموقع مقبول ولا بأس به مقارنة بالسعر. وجودة الطعام في الإفطار كانت ضعيفة جداً,الاستقبال، الموقع، الإفطار,"[0, 0, -1]","['الاستقبال', 'الموقع', 'الإفطار']"
Hotels,0.0,التجربة بشكل عام كانت متفاوتة، موقع المكان عادي ويمكن الوصول إليه بسهولة وبالنسبة للغرفة فـ أثاث يبدو عادياً ليس حديثاً ولا قديماً جداً,الموقع، الغرفة,"[0, 0]","['الموقع', 'الغرفة']"
Hotels,1.0,قمت بتجربة هذا المكان وملاحظاتي هي: الإفطار كان لذيذاً ومتنوعاً جداً، كما أن ترحيب حار جداً من طاقم الاستقبال في حين أن الموقع لا يتميز بشيء خاص ولكنه مناسب، كما أن أثاث الغرفة يبدو عادياً ليس حديثاً ولا قديماً جداً,الإفطار، الاستقبال، الموقع، الغرفة,"[1, 1, 0, 0]","['الإفطار', 'الاستقبال', 'الموقع', 'الغرفة']"
Restaurants,-1.0,قمت بتجربة هذا المكان وملاحظاتي هي: المكان متسخ والطاولات غير نظيفة. الأكل مقبول لكنني تذوقت أفضل منه,النظافة، الأكل,"[-1, 0]","['النظافة', 'الأكل']"
Attractions,0.0,في زيارتي الأخيرة، التذاكر ليست رخيصة ولا غالية بل في المعقول وبالنسبة للمكان فالوجهة كانت عادية ولم تبهرني كثيراً أما التنظيم فـ سيء جداً وهناك عشوائية في المكان وبالنسبة للفعاليات فـ كانت تقليدية ومكررة,التذاكر، المكان، التنظيم، الفعاليات,"[0, 0, -1, 0]","['التذاكر', 'المكان', 'التنظيم', 'الفعاليات']"
Attractions,0.0,قرأت تقييمات كثيرة وقررت التجربة، التذكرة لا تستحق هذا السعر المرتفع إطلاقاً. والتنظيم داخل المرفق كان عاديا. الوجهة كانت عادية ولم تبهرني كثيراً بالإضافة إلى ذلك، الأنشطة الموجودة لا بأس بها للأطفال,التذاكر، التنظيم، المكان، الفعاليات,"[-1, 0, 0, 0]","['التذاكر', 'التنظيم', 'المكان', 'الفعاليات']"
Hotels,0.0,خلال عطلة نهاية الأسبوع ذهبنا إلى هناك، وجبة الإفطار كانت عادية ولم تكن مميزة. موقع الفندق يعتبر متوسطا من حيث القرب للخدمات أما الاستقبال فـ إجراءات الدخول في كانت طبيعية ولم تستغرق وقتا طويلا أو قصيرا أما الغرفة فـ بالنسبة للغرفة فهي بمستوى طبيعي ولا بأس بها,الإفطار، الموقع، الاستقبال، الغرفة,"[0, 0, 0, 0]","['الإفطار', 'الموقع', 'الاستقبال', 'الغرفة']"
Restaurants,0.0,في زيارتي الأخيرة، مستوى النظافة عادي ولا بأس به بالإضافة إلى ذلك، الأكل مقبول لكنني تذوقت أفضل منه بالإضافة إلى ذلك، الخدمة في المطعم كانت روتينية,النظافة، الأكل، الخدمة,"[0, 0, 0]","['النظافة', 'الأكل', 'الخدمة']"
Attractions,0.0,التجربة بشكل عام كانت متفاوتة، التنظيم داخل المرفق كان عاديا، كما أن الفعاليات مقبولة وتمضية وقت ليس إلا وبالنسبة للتذاكر فـ قيمة التذكرة عادية. والمكان كئيب وممل جداً,التنظيم، الفعاليات، التذاكر، المكان,"[0, 0, 0, -1]","['التنظيم', 'الفعاليات', 'التذاكر', 'المكان']"
Restaurants,0.0,كل الأطباق كانت مطبوخة باحترافية وطعمها خيال وبالنسبة للخدمة فـ في المطعم كانت روتينية أما الأسعار فالسعر كان عاديا وليس مبالغا فيه أما النظافة فـ مستوى عادي ولا بأس به,الأكل، الخدمة، الأسعار، النظافة,"[1, 0, 0, 0]","['الأكل', 'الخدمة', 'الأسعار', 'النظافة']"
Hotels,1.0,قرأت تقييمات كثيرة وقررت التجربة، موقع الفندق ممتاز جداً وإطلالته خرافية أما الاستقبال فـ كان مقبولا بشكل عام. الإفطار كان لذيذاً ومتنوعاً جداً بالإضافة إلى ذلك، بالنسبة للغرفة فهي بمستوى طبيعي ولا بأس بها,الموقع، الاستقبال، الإفطار، الغرفة,"[1, 0, 1, 0]","['الموقع', 'الاستقبال', 'الإفطار', 'الغرفة']"
Restaurants,-1.0,الأكل كان بارداً وطعمه سيء جداً. مستوى النظافة عادي ولا بأس به,الأكل، النظافة,"[-1, 0]","['الأكل', 'النظافة']"
Restaurants,0.0,المطعم نظيف لحد معقول. أسعار المنيو تعتبر طبيعية مقارنة بالمطاعم الأخرى أما الخدمة فـ في المطعم كانت روتينية وبالنسبة للأكل فـ مقبول لكنني تذوقت أفضل منه,النظافة، الأسعار، الخدمة، الأكل,"[0, 0, 0, 0]","['النظافة', 'الأسعار', 'الخدمة', 'الأكل']"
Restaurants,0.0,بصراحة، مستوى النظافة عادي ولا بأس به بالإضافة إلى ذلك، بالنسبة للأسعار فهي مقبولة إلى حد ما بالإضافة إلى ذلك، الخدمة سريعة جداً وطاقم العمل ودود. طعم الأكل كان عادياً ولا يوجد فيه نكهة مميزة,النظافة، الأسعار، الخدمة، الأكل,"[0, 0, 1, 0]","['النظافة', 'الأسعار', 'الخدمة', 'الأكل']"
Hotels,0.0,قرأت تقييمات كثيرة وقررت التجربة، وجبة الإفطار كانت عادية ولم تكن مميزة. وبالنسبة للغرفة فهي بمستوى طبيعي ولا بأس بها,الإفطار، الغرفة,"[0, 0]","['الإفطار', 'الغرفة']"
Attractions,1.0,قمت بتجربة هذا المكان وملاحظاتي هي: قيمة التذكرة عادية بالإضافة إلى ذلك، التنظيم داخل المرفق كان عاديا. وجهة سياحية رائعة وتستحق الزيارة تكراراً,التذاكر، التنظيم، المكان,"[0, 0, 1]","['التذاكر', 'التنظيم', 'المكان']"
Restaurants,0.0,قمت بتجربة هذا المكان وملاحظاتي هي: بالنسبة للأكل فهو بمستوى طبيعي، كما أن نظافة المكان بشكل عام كانت مقبولة,الأكل، النظافة,"[0, 0]","['الأكل', 'النظافة']"
Hotels,0.0,في زيارتي الأخيرة، أثاث الغرفة يبدو عادياً ليس حديثاً ولا قديماً جداً، كما أن الموقع لا يتميز بشيء خاص ولكنه مناسب,الغرفة، الموقع,"[0, 0]","['الغرفة', 'الموقع']"
Restaurants,0.0,قمت بتجربة هذا المكان وملاحظاتي هي: السعر كان عاديا وليس مبالغا فيه وبالنسبة للنظافة فـ مستوى عادي ولا بأس به، كما أن طعم الأكل كان عادياً ولا يوجد فيه نكهة مميزة بالإضافة إلى ذلك، الخدمة بطيئة للغاية والعمال غير مهتمين,الأسعار، النظافة، الأكل، الخدمة,"[0, 0, 0, -1]","['الأسعار', 'النظافة', 'الأكل', 'الخدمة']"
Attractions,0.0,الإدارة والتنظيم بمستوى مقبول بالإضافة إلى ذلك، المكان يعتبر جيد لقضاء بعض الوقت. التذاكر ليست رخيصة ولا غالية بل في المعقول,التنظيم، المكان، التذاكر,"[0, 0, 0]","['التنظيم', 'المكان', 'التذاكر']"
Attractions,-1.0,بصراحة، الأنشطة الموجودة لا بأس بها للأطفال. فوضى عارمة وسوء تنظيم واضح أما المكان فـ يعتبر جيد لقضاء بعض الوقت,الفعاليات، التنظيم، المكان,"[0, -1, 0]","['الفعاليات', 'التنظيم', 'المكان']"
Hotels,0.0,التجربة بشكل عام كانت متفاوتة، طاقم الاستقبال كان عادياً في التعامل. ومساحة الغرفة كانت متوسطة كما توقعنا أما الموقع فـ موقع المكان عادي ويمكن الوصول إليه بسهولة,الاستقبال، الغرفة، الموقع,"[0, 0, 0]","['الاستقبال', 'الغرفة', 'الموقع']"
Restaurants,-1.0,في زيارتي الأخيرة، أسوأ خدمة جربتها في حياتي في حين أن نظافة المكان بشكل عام كانت مقبولة,الخدمة، النظافة,"[-1, 0]","['الخدمة', 'النظافة']"
Attractions,0.0,قرأت تقييمات كثيرة وقررت التجربة، العروض المقدمة كانت في المستوى الطبيعي، كما أن الإدارة والتنظيم بمستوى مقبول. المكان يعتبر جيد لقضاء بعض الوقت بالإضافة إلى ذلك، التذكرة لا تستحق هذا السعر المرتفع إطلاقاً,الفعاليات، التنظيم، المكان، التذاكر,"[0, 0, 0, -1]","['الفعاليات', 'التنظيم', 'المكان', 'التذاكر']"
Restaurants,-1.0,خلال عطلة نهاية الأسبوع ذهبنا إلى هناك، السعر كان عاديا وليس مبالغا فيه في حين أن أسوأ خدمة جربتها في حياتي وبالنسبة للنظافة فـ معدومة في هذا المطعم. الطلبات كانت متوسطة المستوى ولا بأس بها,الأسعار، الخدمة، النظافة، الأكل,"[0, -1, -1, 0]","['الأسعار', 'الخدمة', 'النظافة', 'الأكل']"
Hotels,1.0,في زيارتي الأخيرة، إجراءات الدخول في الاستقبال كانت طبيعية ولم تستغرق وقتا طويلا أو قصيرا. وأعجبتني الغرفة بنظافتها الفائقة وتصميمها الرائع في حين أن وجبة الإفطار كانت عادية ولم تكن مميزة,الاستقبال، الغرفة، الإفطار,"[0, 1, 0]","['الاستقبال', 'الغرفة', 'الإفطار']"
Attractions,0.0,خلال عطلة نهاية الأسبوع ذهبنا إلى هناك، قيمة التذكرة عادية، كما أن التنظيم داخل المرفق كان عاديا,التذاكر، التنظيم,"[0, 0]","['التذاكر', 'التنظيم']"
Restaurants,0.0,خلال عطلة نهاية الأسبوع ذهبنا إلى هناك، الطلبات كانت متوسطة المستوى ولا بأس بها. المطعم نظيف لحد معقول وبالنسبة للأسعار فـ بالنسبة للأسعار فهي مقبولة إلى حد ما,الأكل، النظافة، الأسعار,"[0, 0, 0]","['الأكل', 'النظافة', 'الأسعار']"
Restaurants,0.0,بصراحة، بالنسبة للأسعار فهي مقبولة إلى حد ما بالإضافة إلى ذلك، سرعة الخدمة كانت في المعدل الطبيعي والمقبول. وطعم الأكل كان عادياً ولا يوجد فيه نكهة مميزة بالإضافة إلى ذلك، الطاولات كانت نظيفة بشكل معتاد,الأسعار، الخدمة، الأكل، النظافة,"[0, 0, 0, 0]","['الأسعار', 'الخدمة', 'الأكل', 'النظافة']"
Hotels,0.0,بصراحة، أعجبتني الغرفة بنظافتها الفائقة وتصميمها الرائع في حين أن موقع الفندق سيء ويصعب الوصول إليه,الغرفة، الموقع,"[1, -1]","['الغرفة', 'الموقع']"
Restaurants,-1.0,التجربة بشكل عام كانت متفاوتة، لم يعجبني الأكل إطلاقاً وكان دون المستوى. وبالنسبة للأسعار فهي مقبولة إلى حد ما وبالنسبة للخدمة فـ سرعة كانت في المعدل الطبيعي والمقبول,الأكل، الأسعار، الخدمة,"[-1, 0, 0]","['الأكل', 'الأسعار', 'الخدمة']"
Restaurants,0.0,التجربة بشكل عام كانت متفاوتة، المكان متسخ والطاولات غير نظيفة وبالنسبة للأسعار فـ قيمة رائعة مقابل المال و جداً معقولة في حين أن الأكل مقبول لكنني تذوقت أفضل منه,النظافة، الأسعار، الأكل,"[-1, 1, 0]","['النظافة', 'الأسعار', 'الأكل']"
Hotels,0.0,بوفيه الإفطار مذهل ويحتوي على خيارات رائعة. والموقع بعيد جداً ومقطوع عن الخدمات. إجراءات الدخول في الاستقبال كانت طبيعية ولم تستغرق وقتا طويلا أو قصيرا,الإفطار، الموقع، الاستقبال,"[1, -1, 0]","['الإفطار', 'الموقع', 'الاستقبال']"
Restaurants,1.0,في زيارتي الأخيرة، الأسعار ممتازة ورخيصة مقارنة بالكمية. وكل الأطباق كانت مطبوخة باحترافية وطعمها خيال,الأسعار، الأكل,"[1, 1]","['الأسعار', 'الأكل']"
Restaurants,0.0,التجربة بشكل عام كانت متفاوتة، نظافة المكان بشكل عام كانت مقبولة، كما أن أسعار المنيو تعتبر طبيعية مقارنة بالمطاعم الأخرى بالإضافة إلى ذلك، مستوى الخدمة لا بأس به,النظافة، الأسعار، الخدمة,"[0, 0, 0]","['النظافة', 'الأسعار', 'الخدمة']"
Attractions,0.0,قرأت تقييمات كثيرة وقررت التجربة، الوجهة كانت عادية ولم تبهرني كثيراً وبالنسبة للتنظيم فـ لا بأس ب بشكل عام وبالنسبة للفعاليات فـ عروض رائعة ومتنوعة تناسب كل الأعمار. التذكرة لا تستحق هذا السعر المرتفع إطلاقاً,المكان، التنظيم، الفعاليات، التذاكر,"[0, 0, 1, -1]","['المكان', 'التنظيم', 'الفعاليات', 'التذاكر']"
Restaurants,-1.0,في زيارتي الأخيرة، سرعة الخدمة كانت في المعدل الطبيعي والمقبول في حين أن المطعم غالي بشكل مبالغ فيه ولا يستحق. ونظافة المكان بشكل عام كانت مقبولة,الخدمة، الأسعار، النظافة,"[0, -1, 0]","['الخدمة', 'الأسعار', 'النظافة']"
Restaurants,0.0,قمت بتجربة هذا المكان وملاحظاتي هي: مستوى الخدمة لا بأس به أما النظافة فالمكان يلمع من والاهتمام بالتفاصيل وبالنسبة للأسعار فـ أسعار المنيو تعتبر طبيعية مقارنة بالمطاعم الأخرى في حين أن الطلبات كانت متوسطة المستوى ولا بأس بها,الخدمة، النظافة، الأسعار، الأكل,"[0, 1, 0, 0]","['الخدمة', 'النظافة', 'الأسعار', 'الأكل']"
Restaurants,-1.0,قمت بتجربة هذا المكان وملاحظاتي هي: الأكل مقبول لكنني تذوقت أفضل منه. أسعار المنيو تعتبر طبيعية مقارنة بالمطاعم الأخرى. وأسوأ خدمة جربتها في حياتي,الأكل، الأسعار، الخدمة,"[0, 0, -1]","['الأكل', 'الأسعار', 'الخدمة']"
Restaurants,-1.0,الأسعار كانت متوسطة ومناسبة لجودة المكان بالإضافة إلى ذلك، طعم الأكل كان عادياً ولا يوجد فيه نكهة مميزة أما النظافة فالمكان متسخ والطاولات غير نظيفة,الأسعار، الأكل، النظافة,"[0, 0, -1]","['الأسعار', 'الأكل', 'النظافة']"
Restaurants,0.0,نظافة المكان بشكل عام كانت مقبولة وبالنسبة للأكل فـ كان لذيذاً جداً وأنصح به بشدة وبالنسبة للأسعار فـ أسعار المنيو تعتبر طبيعية مقارنة بالمطاعم الأخرى بالإضافة إلى ذلك، سرعة الخدمة كانت في المعدل الطبيعي والمقبول,النظافة، الأكل، الأسعار، الخدمة,"[0, 1, 0, 0]","['النظافة', 'الأكل', 'الأسعار', 'الخدمة']"
Hotels,0.0,التجربة بشكل عام كانت متفاوتة، الإفطار كان مقبولاً لكنه يفتقر للتنوع بالإضافة إلى ذلك، مساحة الغرفة كانت متوسطة كما توقعنا,الإفطار، الغرفة,"[0, 0]","['الإفطار', 'الغرفة']"
Attractions,0.0,في زيارتي الأخيرة، المكان كئيب وممل جداً، كما أن عروض رائعة ومتنوعة تناسب كل الأعمار. والتنظيم سيء جداً وهناك عشوائية في المكان بالإضافة إلى ذلك، أسعار الدخول طبيعية مقارنة بالفعاليات,المكان، الفعاليات، التنظيم، التذاكر,"[-1, 1, -1, 0]","['المكان', 'الفعاليات', 'التنظيم', 'التذاكر']"
Hotels,0.0,بصراحة، الموقع مقبول ولا بأس به مقارنة بالسعر. موظفو الاستقبال قاموا بعملهم بشكل روتيني. والغرفة ضيقة جداً ومكتومة بالإضافة إلى ذلك، بالنسبة للإفطار فهو جيد نسبيا كأي فندق آخر,الموقع، الاستقبال، الغرفة، الإفطار,"[0, 0, -1, 0]","['الموقع', 'الاستقبال', 'الغرفة', 'الإفطار']"
Restaurants,0.0,التجربة بشكل عام كانت متفاوتة، الخدمة بطيئة للغاية والعمال غير مهتمين وبالنسبة للنظافة فـ مستوى عادي ولا بأس به بالإضافة إلى ذلك، أسعار المنيو تعتبر طبيعية مقارنة بالمطاعم الأخرى وبالنسبة للأكل فـ كان لذيذاً جداً وأنصح به بشدة,الخدمة، النظافة، الأسعار، الأكل,"[-1, 0, 0, 1]","['الخدمة', 'النظافة', 'الأسعار', 'الأكل']"
Attractions,0.0,التجربة بشكل عام كانت متفاوتة، المكان كئيب وممل جداً. ومرتبين جداً والتنظيم احترافي في حين أن العروض المقدمة كانت في المستوى الطبيعي,المكان، التنظيم، الفعاليات,"[-1, 1, 0]","['المكان', 'التنظيم', 'الفعاليات']"
Attractions,0.0,قرأت تقييمات كثيرة وقررت التجربة، بشكل عام المكان طبيعي كأي حديقة أخرى. التنظيم داخل المرفق كان عاديا في حين أن العروض المقدمة كانت في المستوى الطبيعي,المكان، التنظيم، الفعاليات,"[0, 0, 0]","['المكان', 'التنظيم', 'الفعاليات']"
Hotels,0.0,في زيارتي الأخيرة، موقع المكان عادي ويمكن الوصول إليه بسهولة. والغرفة كانت عادية وتفي بالغرض بالإضافة إلى ذلك، بوفيه الإفطار كان تقليدياً ويقدم أصنافاً معتادة,الموقع، الغرفة، الإفطار,"[0, 0, 0]","['الموقع', 'الغرفة', 'الإفطار']"
Attractions,1.0,في زيارتي الأخيرة، الأنشطة الموجودة لا بأس بها للأطفال أما التنظيم فـ مرتبين جداً و احترافي في حين أن بشكل عام المكان طبيعي كأي حديقة أخرى,الفعاليات، التنظيم، المكان,"[0, 1, 0]","['الفعاليات', 'التنظيم', 'المكان']"
Attractions,1.0,قمت بتجربة هذا المكان وملاحظاتي هي: وجهة سياحية رائعة وتستحق الزيارة تكراراً. التذاكر قيمتها ممتازة وتشمل خيارات كثيرة,المكان، التذاكر,"[1, 1]","['المكان', 'التذاكر']"
Restaurants,-1.0,التجربة بشكل عام كانت متفاوتة، النظافة معدومة في هذا المطعم. الأكل مقبول لكنني تذوقت أفضل منه,النظافة، الأكل,"[-1, 0]","['النظافة', 'الأكل']"
Hotels,-1.0,قرأت تقييمات كثيرة وقررت التجربة، الغرفة كانت عادية وتفي بالغرض. الإفطار سيء جداً والخيارات محدودة في حين أن واجهنا بطء شديد ومماطلة من موظفي الاستقبال، كما أن الموقع لا يتميز بشيء خاص ولكنه مناسب,الغرفة، الإفطار، الاستقبال، الموقع,"[0, -1, -1, 0]","['الغرفة', 'الإفطار', 'الاستقبال', 'الموقع']"
Restaurants,0.0,قمت بتجربة هذا المكان وملاحظاتي هي: مستوى النظافة عادي ولا بأس به أما الأكل فـ طعم كان عادياً ولا يوجد فيه نكهة مميزة,النظافة، الأكل,"[0, 0]","['النظافة', 'الأكل']"
Attractions,0.0,قمت بتجربة هذا المكان وملاحظاتي هي: العروض المقدمة كانت في المستوى الطبيعي أما المكان فـ مساحة وتصميمه مقبول ولا بأس به,الفعاليات، المكان,"[0, 0]","['الفعاليات', 'المكان']"
Restaurants,-1.0,قرأت تقييمات كثيرة وقررت التجربة، المكان متسخ والطاولات غير نظيفة في حين أن بالنسبة للأكل فهو بمستوى طبيعي. ومستوى الخدمة لا بأس به,النظافة، الأكل، الخدمة,"[-1, 0, 0]","['النظافة', 'الأكل', 'الخدمة']"
Hotels,1.0,في زيارتي الأخيرة، ترحيب حار جداً من طاقم الاستقبال. الإفطار كان لذيذاً ومتنوعاً جداً في حين أن الغرفة واسعة ومريحة بشكل استثنائي في حين أن موقع الفندق يعتبر متوسطا من حيث القرب للخدمات,الاستقبال، الإفطار، الغرفة، الموقع,"[1, 1, 1, 0]","['الاستقبال', 'الإفطار', 'الغرفة', 'الموقع']"
Hotels,-1.0,قرأت تقييمات كثيرة وقررت التجربة، الغرفة كانت عادية وتفي بالغرض بالإضافة إلى ذلك، واجهنا بطء شديد ومماطلة من موظفي الاستقبال. وجبة الإفطار كانت عادية ولم تكن مميزة أما الموقع فـ بعيد جداً ومقطوع عن الخدمات,الغرفة، الاستقبال، الإفطار، الموقع,"[0, -1, 0, -1]","['الغرفة', 'الاستقبال', 'الإفطار', 'الموقع']"
Restaurants,0.0,بصراحة، الأسعار كانت متوسطة ومناسبة لجودة المكان في حين أن المطعم نظيف لحد معقول,الأسعار، النظافة,"[0, 0]","['الأسعار', 'النظافة']"
Restaurants,-1.0,في زيارتي الأخيرة، الخدمة بطيئة للغاية والعمال غير مهتمين بالإضافة إلى ذلك، بالنسبة للأسعار فهي مقبولة إلى حد ما,الخدمة، الأسعار,"[-1, 0]","['الخدمة', 'الأسعار']"
Hotels,0.0,بصراحة، وجبة الإفطار كانت عادية ولم تكن مميزة. وللأسف الغرفة كانت سيئة وغير نظيفة على الإطلاق أما الاستقبال فـ طاقم كان عادياً في التعامل أما الموقع فـ موقع الفندق ممتاز جداً وإطلالته خرافية,الإفطار، الغرفة، الاستقبال، الموقع,"[0, -1, 0, 1]","['الإفطار', 'الغرفة', 'الاستقبال', 'الموقع']"
Restaurants,1.0,قرأت تقييمات كثيرة وقررت التجربة، بالنسبة للأكل فهو بمستوى طبيعي، كما أن الخدمة سريعة جداً وطاقم العمل ودود,الأكل، الخدمة,"[0, 1]","['الأكل', 'الخدمة']"
Restaurants,1.0,قرأت تقييمات كثيرة وقررت التجربة، المكان يلمع من النظافة والاهتمام بالتفاصيل، كما أن الخدمة في المطعم كانت روتينية في حين أن الأكل مقبول لكنني تذوقت أفضل منه,النظافة، الخدمة، الأكل,"[1, 0, 0]","['النظافة', 'الخدمة', 'الأكل']"
Restaurants,-1.0,بصراحة، بالنسبة للأكل فهو بمستوى طبيعي. والمكان متسخ والطاولات غير نظيفة وبالنسبة للأسعار فـ مبالغ فيها وغالية جداً بالإضافة إلى ذلك، سرعة الخدمة كانت في المعدل الطبيعي والمقبول,الأكل، النظافة، الأسعار، الخدمة,"[0, -1, -1, 0]","['الأكل', 'النظافة', 'الأسعار', 'الخدمة']"
Attractions,0.0,بصراحة، سعر التذاكر كان متوسطا ومقبولا وبالنسبة للمكان فـ ساحر وجميل جداً للتصوير بالإضافة إلى ذلك، الفعاليات كانت تقليدية ومكررة في حين أن فوضى عارمة وسوء تنظيم واضح,التذاكر، المكان، الفعاليات، التنظيم,"[0, 1, 0, -1]","['التذاكر', 'المكان', 'الفعاليات', 'التنظيم']"
Hotels,0.0,في زيارتي الأخيرة، موقع الفندق يعتبر متوسطا من حيث القرب للخدمات. أعجبتني الغرفة بنظافتها الفائقة وتصميمها الرائع. والإفطار سيء جداً والخيارات محدودة,الموقع، الغرفة، الإفطار,"[0, 1, -1]","['الموقع', 'الغرفة', 'الإفطار']"
Attractions,0.0,خلال عطلة نهاية الأسبوع ذهبنا إلى هناك، سعر التذاكر كان متوسطا ومقبولا بالإضافة إلى ذلك، الوجهة كانت عادية ولم تبهرني كثيراً. والعروض المقدمة كانت في المستوى الطبيعي. التنظيم رائع جداً وسلس للغاية,التذاكر، المكان، الفعاليات، التنظيم,"[0, 0, 0, 1]","['التذاكر', 'المكان', 'الفعاليات', 'التنظيم']"
Restaurants,-1.0,في زيارتي الأخيرة، الأكل كان بارداً وطعمه سيء جداً في حين أن السعر كان عاديا وليس مبالغا فيه في حين أن الخدمة في المطعم كانت روتينية,الأكل، الأسعار، الخدمة,"[-1, 0, 0]","['الأكل', 'الأسعار', 'الخدمة']"
Restaurants,0.0,في زيارتي الأخيرة، طعم الأكل كان عادياً ولا يوجد فيه نكهة مميزة. والأسعار ممتازة ورخيصة مقارنة بالكمية في حين أن النظافة معدومة في هذا المطعم,الأكل، الأسعار، النظافة,"[0, 1, -1]","['الأكل', 'الأسعار', 'النظافة']"
Hotels,0.0,طاقم الاستقبال كان عادياً في التعامل بالإضافة إلى ذلك، موقع الفندق سيء ويصعب الوصول إليه. وأعجبتني الغرفة بنظافتها الفائقة وتصميمها الرائع,الاستقبال، الموقع، الغرفة,"[0, -1, 1]","['الاستقبال', 'الموقع', 'الغرفة']"
Hotels,0.0,قرأت تقييمات كثيرة وقررت التجربة، ترحيب حار جداً من طاقم الاستقبال في حين أن للأسف الغرفة كانت سيئة وغير نظيفة على الإطلاق,الاستقبال، الغرفة,"[1, -1]","['الاستقبال', 'الغرفة']"
Hotels,0.0,في زيارتي الأخيرة، موظفو الاستقبال قاموا بعملهم بشكل روتيني وبالنسبة للموقع فـ لا يتميز بشيء خاص ولكنه مناسب أما الإفطار فـ كان مقبولاً لكنه يفتقر للتنوع. مساحة الغرفة كانت متوسطة كما توقعنا,الاستقبال، الموقع، الإفطار، الغرفة,"[0, 0, 0, 0]","['الاستقبال', 'الموقع', 'الإفطار', 'الغرفة']"
Hotels,0.0,في زيارتي الأخيرة، موقع المكان عادي ويمكن الوصول إليه بسهولة في حين أن الاستقبال كان مقبولا بشكل عام. وبوفيه الإفطار كان تقليدياً ويقدم أصنافاً معتادة وبالنسبة للغرفة فـ كانت عادية وتفي بالغرض,الموقع، الاستقبال، الإفطار، الغرفة,"[0, 0, 0, 0]","['الموقع', 'الاستقبال', 'الإفطار', 'الغرفة']"
Attractions,-1.0,فوضى عارمة وسوء تنظيم واضح أما التذاكر فـ سعر كان متوسطا ومقبولا,التنظيم، التذاكر,"[-1, 0]","['التنظيم', 'التذاكر']"
Hotels,1.0,قرأت تقييمات كثيرة وقررت التجربة، الإفطار كان لذيذاً ومتنوعاً جداً في حين أن الاستقبال كان مقبولا بشكل عام. الموقع مقبول ولا بأس به مقارنة بالسعر,الإفطار، الاستقبال، الموقع,"[1, 0, 0]","['الإفطار', 'الاستقبال', 'الموقع']"
Restaurants,0.0,الطلبات كانت متوسطة المستوى ولا بأس بها وبالنسبة للنظافة فـ مستوى عادي ولا بأس به بالإضافة إلى ذلك، الخدمة في المطعم كانت روتينية. والأسعار ممتازة ورخيصة مقارنة بالكمية,الأكل، النظافة، الخدمة، الأسعار,"[0, 0, 0, 1]","['الأكل', 'النظافة', 'الخدمة', 'الأسعار']"
Restaurants,1.0,بصراحة، بالنسبة للأسعار فهي مقبولة إلى حد ما. مستوى النظافة عادي ولا بأس به. الخدمة سريعة جداً وطاقم العمل ودود,الأسعار، النظافة، الخدمة,"[0, 0, 1]","['الأسعار', 'النظافة', 'الخدمة']"
Attractions,-1.0,قمت بتجربة هذا المكان وملاحظاتي هي: فوضى عارمة وسوء تنظيم واضح، كما أن التذاكر ليست رخيصة ولا غالية بل في المعقول,التنظيم، التذاكر,"[-1, 0]","['التنظيم', 'التذاكر']"
Restaurants,-1.0,بصراحة، مستوى النظافة عادي ولا بأس به، كما أن الخدمة في المطعم كانت روتينية في حين أن المطعم غالي بشكل مبالغ فيه ولا يستحق,النظافة، الخدمة، الأسعار,"[0, 0, -1]","['النظافة', 'الخدمة', 'الأسعار']"
Hotels,0.0,قمت بتجربة هذا المكان وملاحظاتي هي: وجبة الإفطار كانت عادية ولم تكن مميزة أما الاستقبال فـ إجراءات الدخول في كانت طبيعية ولم تستغرق وقتا طويلا أو قصيرا أما الموقع فـ موقع الفندق يعتبر متوسطا من حيث القرب للخدمات,الإفطار، الاستقبال، الموقع,"[0, 0, 0]","['الإفطار', 'الاستقبال', 'الموقع']"
Attractions,0.0,التجربة بشكل عام كانت متفاوتة، بشكل عام المكان طبيعي كأي حديقة أخرى. التذاكر ليست رخيصة ولا غالية بل في المعقول، كما أن العروض المقدمة كانت في المستوى الطبيعي وبالنسبة للتنظيم فـ رائع جداً وسلس للغاية,المكان، التذاكر، الفعاليات، التنظيم,"[0, 0, 0, 1]","['المكان', 'التذاكر', 'الفعاليات', 'التنظيم']"
Restaurants,0.0,بصراحة، أسوأ خدمة جربتها في حياتي في حين أن قيمة رائعة مقابل المال والأسعار جداً معقولة,الخدمة، الأسعار,"[-1, 1]","['الخدمة', 'الأسعار']"
Hotels,0.0,قمت بتجربة هذا المكان وملاحظاتي هي: بوفيه الإفطار كان تقليدياً ويقدم أصنافاً معتادة وبالنسبة للموقع فـ استراتيجي وقريب من كل الفعاليات بالإضافة إلى ذلك، الاستقبال كان مقبولا بشكل عام. وأثاث الغرفة يبدو عادياً ليس حديثاً ولا قديماً جداً,الإفطار، الموقع، الاستقبال، الغرفة,"[0, 1, 0, 0]","['الإفطار', 'الموقع', 'الاستقبال', 'الغرفة']"
Restaurants,0.0,قمت بتجربة هذا المكان وملاحظاتي هي: قيمة رائعة مقابل المال والأسعار جداً معقولة بالإضافة إلى ذلك، طعم الأكل كان عادياً ولا يوجد فيه نكهة مميزة. والمكان يلمع من النظافة والاهتمام بالتفاصيل، كما أن أسوأ خدمة جربتها في حياتي,الأسعار، الأكل، النظافة، الخدمة,"[1, 0, 1, -1]","['الأسعار', 'الأكل', 'النظافة', 'الخدمة']"
Restaurants,0.0,قمت بتجربة هذا المكان وملاحظاتي هي: بالنسبة للأسعار فهي مقبولة إلى حد ما بالإضافة إلى ذلك، لم يعجبني الأكل إطلاقاً وكان دون المستوى في حين أن مستوى الخدمة لا بأس به. ونظافة المكان بشكل عام كانت مقبولة,الأسعار، الأكل، الخدمة، النظافة,"[0, -1, 0, 0]","['الأسعار', 'الأكل', 'الخدمة', 'النظافة']"
Restaurants,-1.0,في زيارتي الأخيرة، الخدمة في المطعم كانت روتينية. ولم يعجبني الأكل إطلاقاً وكان دون المستوى وبالنسبة للأسعار فـ أسعار المنيو تعتبر طبيعية مقارنة بالمطاعم الأخرى,الخدمة، الأكل، الأسعار,"[0, -1, 0]","['الخدمة', 'الأكل', 'الأسعار']"
Hotels,1.0,في زيارتي الأخيرة، الموقع مقبول ولا بأس به مقارنة بالسعر، كما أن بالنسبة للإفطار فهو جيد نسبيا كأي فندق آخر. ترحيب حار جداً من طاقم الاستقبال، كما أن الغرفة واسعة ومريحة بشكل استثنائي,الموقع، الإفطار، الاستقبال، الغرفة,"[0, 0, 1, 1]","['الموقع', 'الإفطار', 'الاستقبال', 'الغرفة']"
Hotels,0.0,موظفو الاستقبال قاموا بعملهم بشكل روتيني في حين أن بالنسبة للغرفة فهي بمستوى طبيعي ولا بأس بها وبالنسبة للموقع فـ مقبول ولا بأس به مقارنة بالسعر. الإفطار كان مقبولاً لكنه يفتقر للتنوع,الاستقبال، الغرفة، الموقع، الإفطار,"[0, 0, 0, 0]","['الاستقبال', 'الغرفة', 'الموقع', 'الإفطار']"
Hotels,0.0,إجراءات الدخول في الاستقبال كانت طبيعية ولم تستغرق وقتا طويلا أو قصيرا وبالنسبة للإفطار فـ وجبة كانت عادية ولم تكن مميزة أما الموقع فـ موقع المكان عادي ويمكن الوصول إليه بسهولة، كما أن الغرفة كانت عادية وتفي بالغرض,الاستقبال، الإفطار، الموقع، الغرفة,"[0, 0, 0, 0]","['الاستقبال', 'الإفطار', 'الموقع', 'الغرفة']"
Attractions,0.0,خلال عطلة نهاية الأسبوع ذهبنا إلى هناك، التنظيم رائع جداً وسلس للغاية بالإضافة إلى ذلك، لا أنصح بزيارة المكان فهو سيء للغاية,التنظيم، المكان,"[1, -1]","['التنظيم', 'المكان']"
Attractions,0.0,خلال عطلة نهاية الأسبوع ذهبنا إلى هناك، التذاكر ليست رخيصة ولا غالية بل في المعقول في حين أن مساحة المكان وتصميمه مقبول ولا بأس به,التذاكر، المكان,"[0, 0]","['التذاكر', 'المكان']"
Attractions,1.0,قرأت تقييمات كثيرة وقررت التجربة، قيمة التذكرة عادية في حين أن مرتبين جداً والتنظيم احترافي. ووجهة سياحية رائعة وتستحق الزيارة تكراراً,التذاكر، التنظيم، المكان,"[0, 1, 1]","['التذاكر', 'التنظيم', 'المكان']"
Attractions,1.0,في زيارتي الأخيرة، الإدارة والتنظيم بمستوى مقبول بالإضافة إلى ذلك، وجهة سياحية رائعة وتستحق الزيارة تكراراً,التنظيم، المكان,"[0, 1]","['التنظيم', 'المكان']"
Hotels,-1.0,بصراحة، للأسف الغرفة كانت سيئة وغير نظيفة على الإطلاق بالإضافة إلى ذلك، واجهنا بطء شديد ومماطلة من موظفي الاستقبال في حين أن الموقع بعيد جداً ومقطوع عن الخدمات، كما أن بالنسبة للإفطار فهو جيد نسبيا كأي فندق آخر,الغرفة، الاستقبال، الموقع، الإفطار,"[-1, -1, -1, 0]","['الغرفة', 'الاستقبال', 'الموقع', 'الإفطار']"
Hotels,1.0,بصراحة، بوفيه الإفطار مذهل ويحتوي على خيارات رائعة بالإضافة إلى ذلك، موظفو الاستقبال قاموا بعملهم بشكل روتيني. موقع الفندق يعتبر متوسطا من حيث القرب للخدمات,الإفطار، الاستقبال، الموقع,"[1, 0, 0]","['الإفطار', 'الاستقبال', 'الموقع']"
Restaurants,0.0,الأكل كان لذيذاً جداً وأنصح به بشدة. والنظافة معدومة في هذا المطعم. والأسعار مبالغ فيها وغالية جداً في حين أن مستوى الخدمة لا بأس به,الأكل، النظافة، الأسعار، الخدمة,"[1, -1, -1, 0]","['الأكل', 'النظافة', 'الأسعار', 'الخدمة']"
Hotels,0.0,الموقع مقبول ولا بأس به مقارنة بالسعر. طاقم الاستقبال كان عادياً في التعامل,الموقع، الاستقبال,"[0, 0]","['الموقع', 'الاستقبال']"
Hotels,0.0,بصراحة، وجبة الإفطار كانت عادية ولم تكن مميزة. وموقع المكان عادي ويمكن الوصول إليه بسهولة بالإضافة إلى ذلك، ترحيب حار جداً من طاقم الاستقبال. ومساحة الغرفة كانت متوسطة كما توقعنا,الإفطار، الموقع، الاستقبال، الغرفة,"[0, 0, 1, 0]","['الإفطار', 'الموقع', 'الاستقبال', 'الغرفة']"
Restaurants,0.0,في زيارتي الأخيرة، مستوى الخدمة لا بأس به وبالنسبة للأسعار فالسعر كان عاديا وليس مبالغا فيه,الخدمة، الأسعار,"[0, 0]","['الخدمة', 'الأسعار']"
Restaurants,-1.0,الأسعار مبالغ فيها وغالية جداً بالإضافة إلى ذلك، الطاولات كانت نظيفة بشكل معتاد. الخدمة في المطعم كانت روتينية,الأسعار، النظافة، الخدمة,"[-1, 0, 0]","['الأسعار', 'النظافة', 'الخدمة']"
Attractions,1.0,قرأت تقييمات كثيرة وقررت التجربة، بشكل عام المكان طبيعي كأي حديقة أخرى في حين أن التذاكر ليست رخيصة ولا غالية بل في المعقول أما التنظيم فـ رائع جداً وسلس للغاية,المكان، التذاكر، التنظيم,"[0, 0, 1]","['المكان', 'التذاكر', 'التنظيم']"
Attractions,0.0,في زيارتي الأخيرة، التنظيم سيء جداً وهناك عشوائية في المكان. بشكل عام المكان طبيعي كأي حديقة أخرى، كما أن الفعاليات مقبولة وتمضية وقت ليس إلا. وأسعار التذاكر رخيصة جداً ومناسبة للجميع,التنظيم، المكان، الفعاليات، التذاكر,"[-1, 0, 0, 1]","['التنظيم', 'المكان', 'الفعاليات', 'التذاكر']"
Hotels,0.0,خلال عطلة نهاية الأسبوع ذهبنا إلى هناك، بوفيه الإفطار كان تقليدياً ويقدم أصنافاً معتادة وبالنسبة للموقع فـ موقع الفندق يعتبر متوسطا من حيث القرب للخدمات أما الغرفة فـ ضيقة جداً ومكتومة أما الاستقبال فـ موظفو قاموا بعملهم بشكل روتيني,الإفطار، الموقع، الغرفة، الاستقبال,"[0, 0, -1, 0]","['الإفطار', 'الموقع', 'الغرفة', 'الاستقبال']"
Attractions,-1.0,قمت بتجربة هذا المكان وملاحظاتي هي: لا أنصح بزيارة المكان فهو سيء للغاية. والفعاليات مقبولة وتمضية وقت ليس إلا,المكان، الفعاليات,"[-1, 0]","['المكان', 'الفعاليات']"
Hotels,-1.0,قمت بتجربة هذا المكان وملاحظاتي هي: موقع الفندق يعتبر متوسطا من حيث القرب للخدمات بالإضافة إلى ذلك، تعامل الاستقبال كان جافاً وغير احترافي. الغرفة ضيقة جداً ومكتومة. وجبة الإفطار كانت عادية ولم تكن مميزة,الموقع، الاستقبال، الغرفة، الإفطار,"[0, -1, -1, 0]","['الموقع', 'الاستقبال', 'الغرفة', 'الإفطار']"
Attractions,0.0,قمت بتجربة هذا المكان وملاحظاتي هي: التذاكر ليست رخيصة ولا غالية بل في المعقول بالإضافة إلى ذلك، ترتيب الدخول كان يسير بشكل طبيعي في حين أن لا توجد فعاليات تذكر والأنشطة سيئة. ومساحة المكان وتصميمه مقبول ولا بأس به,التذاكر، التنظيم، الفعاليات، المكان,"[0, 0, -1, 0]","['التذاكر', 'التنظيم', 'الفعاليات', 'المكان']"
Hotels,0.0,قرأت تقييمات كثيرة وقررت التجربة، للأسف الغرفة كانت سيئة وغير نظيفة على الإطلاق في حين أن موظفو الاستقبال قاموا بعملهم بشكل روتيني وبالنسبة للموقع فـ لا يتميز بشيء خاص ولكنه مناسب في حين أن بوفيه الإفطار كان تقليدياً ويقدم أصنافاً معتادة,الغرفة، الاستقبال، الموقع، الإفطار,"[-1, 0, 0, 0]","['الغرفة', 'الاستقبال', 'الموقع', 'الإفطار']"
Attractions,0.0,قرأت تقييمات كثيرة وقررت التجربة، مساحة المكان وتصميمه مقبول ولا بأس به في حين أن قيمة التذكرة عادية,المكان، التذاكر,"[0, 0]","['المكان', 'التذاكر']"
Restaurants,0.0,التجربة بشكل عام كانت متفاوتة، الأسعار ممتازة ورخيصة مقارنة بالكمية. أسوأ خدمة جربتها في حياتي,الأسعار، الخدمة,"[1, -1]","['الأسعار', 'الخدمة']"
Attractions,0.0,قمت بتجربة هذا المكان وملاحظاتي هي: المكان ساحر وجميل جداً للتصوير بالإضافة إلى ذلك، ترتيب الدخول كان يسير بشكل طبيعي بالإضافة إلى ذلك، أسعار التذاكر غالية جداً ومبالغ فيها,المكان، التنظيم، التذاكر,"[1, 0, -1]","['المكان', 'التنظيم', 'التذاكر']"
Attractions,0.0,قمت بتجربة هذا المكان وملاحظاتي هي: العروض المقدمة كانت في المستوى الطبيعي بالإضافة إلى ذلك، الإدارة والتنظيم بمستوى مقبول وبالنسبة للمكان فالوجهة كانت عادية ولم تبهرني كثيراً. أسعار التذاكر رخيصة جداً ومناسبة للجميع,الفعاليات، التنظيم، المكان، التذاكر,"[0, 0, 0, 1]","['الفعاليات', 'التنظيم', 'المكان', 'التذاكر']"
Hotels,0.0,في زيارتي الأخيرة، طاقم الاستقبال كان عادياً في التعامل. الإفطار سيء جداً والخيارات محدودة، كما أن الموقع مقبول ولا بأس به مقارنة بالسعر وبالنسبة للغرفة فـ كانت عادية وتفي بالغرض,الاستقبال، الإفطار، الموقع، الغرفة,"[0, -1, 0, 0]","['الاستقبال', 'الإفطار', 'الموقع', 'الغرفة']"
Attractions,1.0,وجهة سياحية رائعة وتستحق الزيارة تكراراً أما الفعاليات فـ عروض رائعة ومتنوعة تناسب كل الأعمار، كما أن التذكرة لا تستحق هذا السعر المرتفع إطلاقاً,المكان، الفعاليات، التذاكر,"[1, 1, -1]","['المكان', 'الفعاليات', 'التذاكر']"
Restaurants,1.0,قمت بتجربة هذا المكان وملاحظاتي هي: الأسعار ممتازة ورخيصة مقارنة بالكمية. ومستوى النظافة عادي ولا بأس به. ومستوى الخدمة لا بأس به,الأسعار، النظافة، الخدمة,"[1, 0, 0]","['الأسعار', 'النظافة', 'الخدمة']"
Attractions,0.0,قمت بتجربة هذا المكان وملاحظاتي هي: التذاكر ليست رخيصة ولا غالية بل في المعقول، كما أن الوجهة كانت عادية ولم تبهرني كثيراً وبالنسبة للفعاليات فالعروض المقدمة كانت في المستوى الطبيعي. والإدارة والتنظيم بمستوى مقبول,التذاكر، المكان، الفعاليات، التنظيم,"[0, 0, 0, 0]","['التذاكر', 'المكان', 'الفعاليات', 'التنظيم']"
Restaurants,0.0,بصراحة، المطعم نظيف لحد معقول وبالنسبة للأسعار فالسعر كان عاديا وليس مبالغا فيه,النظافة، الأسعار,"[0, 0]","['النظافة', 'الأسعار']"
Restaurants,1.0,بصراحة، الأكل كان لذيذاً جداً وأنصح به بشدة. بالنسبة للأسعار فهي مقبولة إلى حد ما,الأكل، الأسعار,"[1, 0]","['الأكل', 'الأسعار']"
Restaurants,1.0,التجربة بشكل عام كانت متفاوتة، تعامل الويترز كان عادياً، كما أن الأكل كان لذيذاً جداً وأنصح به بشدة,الخدمة، الأكل,"[0, 1]","['الخدمة', 'الأكل']"
Attractions,-1.0,قمت بتجربة هذا المكان وملاحظاتي هي: ترتيب الدخول كان يسير بشكل طبيعي أما التذاكر فـ أسعار غالية جداً ومبالغ فيها,التنظيم، التذاكر,"[0, -1]","['التنظيم', 'التذاكر']"
Hotels,-1.0,بصراحة، إجراءات الدخول في الاستقبال كانت طبيعية ولم تستغرق وقتا طويلا أو قصيرا في حين أن جودة الطعام في الإفطار كانت ضعيفة جداً أما الموقع فـ موقع المكان عادي ويمكن الوصول إليه بسهولة,الاستقبال، الإفطار، الموقع,"[0, -1, 0]","['الاستقبال', 'الإفطار', 'الموقع']"
Hotels,0.0,بصراحة، مساحة الغرفة كانت متوسطة كما توقعنا، كما أن واجهنا بطء شديد ومماطلة من موظفي الاستقبال أما الموقع فـ مقبول ولا بأس به مقارنة بالسعر بالإضافة إلى ذلك، وجبة الإفطار كانت عادية ولم تكن مميزة,الغرفة، الاستقبال، الموقع، الإفطار,"[0, -1, 0, 0]","['الغرفة', 'الاستقبال', 'الموقع', 'الإفطار']"
Attractions,0.0,التجربة بشكل عام كانت متفاوتة، لا بأس بالتنظيم بشكل عام بالإضافة إلى ذلك، بشكل عام المكان طبيعي كأي حديقة أخرى بالإضافة إلى ذلك، التذاكر ليست رخيصة ولا غالية بل في المعقول أما الفعاليات فـ كانت تقليدية ومكررة,التنظيم، المكان، التذاكر، الفعاليات,"[0, 0, 0, 0]","['التنظيم', 'المكان', 'التذاكر', 'الفعاليات']"
Attractions,0.0,التجربة بشكل عام كانت متفاوتة، لا أنصح بزيارة المكان فهو سيء للغاية، كما أن عروض رائعة ومتنوعة تناسب كل الأعمار وبالنسبة للتنظيم فـ ترتيب الدخول كان يسير بشكل طبيعي,المكان، الفعاليات، التنظيم,"[-1, 1, 0]","['المكان', 'الفعاليات', 'التنظيم']"
Restaurants,0.0,التجربة بشكل عام كانت متفاوتة، سرعة الخدمة كانت في المعدل الطبيعي والمقبول وبالنسبة للنظافة فـ نظافة المكان بشكل عام كانت مقبولة,الخدمة، النظافة,"[0, 0]","['الخدمة', 'النظافة']"
Attractions,1.0,التجربة بشكل عام كانت متفاوتة، وجهة سياحية رائعة وتستحق الزيارة تكراراً وبالنسبة للتنظيم فـ لا بأس ب بشكل عام,المكان، التنظيم,"[1, 0]","['المكان', 'التنظيم']"
Hotels,1.0,التجربة بشكل عام كانت متفاوتة، موظفو الاستقبال قاموا بعملهم بشكل روتيني. والموقع استراتيجي وقريب من كل الفعاليات,الاستقبال، الموقع,"[0, 1]","['الاستقبال', 'الموقع']"
Attractions,1.0,قمت بتجربة هذا المكان وملاحظاتي هي: مرتبين جداً والتنظيم احترافي. العروض المقدمة كانت في المستوى الطبيعي,التنظيم، الفعاليات,"[1, 0]","['التنظيم', 'الفعاليات']"
Hotels,-1.0,خلال عطلة نهاية الأسبوع ذهبنا إلى هناك، الغرفة كانت عادية وتفي بالغرض وبالنسبة للاستقبال فـ موظفو قاموا بعملهم بشكل روتيني أما الإفطار فـ جودة الطعام في كانت ضعيفة جداً. موقع الفندق سيء ويصعب الوصول إليه,الغرفة، الاستقبال، الإفطار، الموقع,"[0, 0, -1, -1]","['الغرفة', 'الاستقبال', 'الإفطار', 'الموقع']"
Restaurants,0.0,خلال عطلة نهاية الأسبوع ذهبنا إلى هناك، بالنسبة للأكل فهو بمستوى طبيعي. الطاولات كانت نظيفة بشكل معتاد,الأكل، النظافة,"[0, 0]","['الأكل', 'النظافة']"
Attractions,0.0,في زيارتي الأخيرة، المكان يعتبر جيد لقضاء بعض الوقت وبالنسبة للفعاليات فـ مملة جداً ولا يوجد تجديد. والتذاكر قيمتها ممتازة وتشمل خيارات كثيرة,المكان، الفعاليات، التذاكر,"[0, -1, 1]","['المكان', 'الفعاليات', 'التذاكر']"
Restaurants,1.0,الأسعار ممتازة ورخيصة مقارنة بالكمية بالإضافة إلى ذلك، المطعم نظيف لحد معقول,الأسعار، النظافة,"[1, 0]","['الأسعار', 'النظافة']"
Attractions,0.0,خلال عطلة نهاية الأسبوع ذهبنا إلى هناك، التنظيم داخل المرفق كان عاديا. ولا توجد فعاليات تذكر والأنشطة سيئة وبالنسبة للمكان فالوجهة كانت عادية ولم تبهرني كثيراً. وقيمة التذكرة عادية,التنظيم، الفعاليات، المكان، التذاكر,"[0, -1, 0, 0]","['التنظيم', 'الفعاليات', 'المكان', 'التذاكر']"
Hotels,-1.0,قمت بتجربة هذا المكان وملاحظاتي هي: الإفطار كان مقبولاً لكنه يفتقر للتنوع. مساحة الغرفة كانت متوسطة كما توقعنا في حين أن الموقع بعيد جداً ومقطوع عن الخدمات,الإفطار، الغرفة، الموقع,"[0, 0, -1]","['الإفطار', 'الغرفة', 'الموقع']"
Restaurants,1.0,قيمة رائعة مقابل المال والأسعار جداً معقولة أما النظافة فالطاولات كانت نظيفة بشكل معتاد أما الأكل فـ كان لذيذاً جداً وأنصح به بشدة. تعامل الويترز كان عادياً,الأسعار، النظافة، الأكل، الخدمة,"[1, 0, 1, 0]","['الأسعار', 'النظافة', 'الأكل', 'الخدمة']"
Attractions,0.0,التجربة بشكل عام كانت متفاوتة، أسعار التذاكر رخيصة جداً ومناسبة للجميع أما المكان فـ كئيب وممل جداً. الأنشطة الموجودة لا بأس بها للأطفال,التذاكر، المكان، الفعاليات,"[1, -1, 0]","['التذاكر', 'المكان', 'الفعاليات']"
Restaurants,0.0,قمت بتجربة هذا المكان وملاحظاتي هي: بالنسبة للأكل فهو بمستوى طبيعي. والأسعار مبالغ فيها وغالية جداً بالإضافة إلى ذلك، الخدمة ممتازة واهتمام كبير بالزبائن أما النظافة فالطاولات كانت نظيفة بشكل معتاد,الأكل، الأسعار، الخدمة، النظافة,"[0, -1, 1, 0]","['الأكل', 'الأسعار', 'الخدمة', 'النظافة']"
Hotels,0.0,طاقم الاستقبال كان عادياً في التعامل وبالنسبة للإفطار فـ كان مقبولاً لكنه يفتقر للتنوع. بالنسبة للغرفة فهي بمستوى طبيعي ولا بأس بها. والموقع مقبول ولا بأس به مقارنة بالسعر,الاستقبال، الإفطار، الغرفة، الموقع,"[0, 0, 0, 0]","['الاستقبال', 'الإفطار', 'الغرفة', 'الموقع']"
Restaurants,-1.0,خلال عطلة نهاية الأسبوع ذهبنا إلى هناك، الأكل كان بارداً وطعمه سيء جداً. الطاولات كانت نظيفة بشكل معتاد بالإضافة إلى ذلك، الأسعار مبالغ فيها وغالية جداً,الأكل، النظافة، الأسعار,"[-1, 0, -1]","['الأكل', 'النظافة', 'الأسعار']"
Attractions,0.0,خلال عطلة نهاية الأسبوع ذهبنا إلى هناك، ترتيب الدخول كان يسير بشكل طبيعي في حين أن العروض المقدمة كانت في المستوى الطبيعي. وسعر التذاكر كان متوسطا ومقبولا,التنظيم، الفعاليات، التذاكر,"[0, 0, 0]","['التنظيم', 'الفعاليات', 'التذاكر']"
Restaurants,1.0,التجربة بشكل عام كانت متفاوتة، الأسعار ممتازة ورخيصة مقارنة بالكمية، كما أن الخدمة سريعة جداً وطاقم العمل ودود,الأسعار، الخدمة,"[1, 1]","['الأسعار', 'الخدمة']"
Hotels,1.0,قرأت تقييمات كثيرة وقررت التجربة، موقع الفندق يعتبر متوسطا من حيث القرب للخدمات أما الاستقبال فـ طاقم كان عادياً في التعامل، كما أن الإفطار كان لذيذاً ومتنوعاً جداً,الموقع، الاستقبال، الإفطار,"[0, 0, 1]","['الموقع', 'الاستقبال', 'الإفطار']"
Restaurants,0.0,خلال عطلة نهاية الأسبوع ذهبنا إلى هناك، سرعة الخدمة كانت في المعدل الطبيعي والمقبول بالإضافة إلى ذلك، الأسعار كانت متوسطة ومناسبة لجودة المكان أما الأكل فـ كل الأطباق كانت مطبوخة باحترافية وطعمها خيال في حين أن مستوى النظافة عادي ولا بأس به,الخدمة، الأسعار، الأكل، النظافة,"[0, 0, 1, 0]","['الخدمة', 'الأسعار', 'الأكل', 'النظافة']"
Hotels,0.0,خلال عطلة نهاية الأسبوع ذهبنا إلى هناك، طاقم الاستقبال كان عادياً في التعامل أما الموقع فـ لا يتميز بشيء خاص ولكنه مناسب,الاستقبال، الموقع,"[0, 0]","['الاستقبال', 'الموقع']"
Restaurants,0.0,التجربة بشكل عام كانت متفاوتة، قيمة رائعة مقابل المال والأسعار جداً معقولة بالإضافة إلى ذلك، المطعم نظيف لحد معقول. تعامل الويترز كان عادياً في حين أن لم يعجبني الأكل إطلاقاً وكان دون المستوى,الأسعار، النظافة، الخدمة، الأكل,"[1, 0, 0, -1]","['الأسعار', 'النظافة', 'الخدمة', 'الأكل']"
Attractions,-1.0,قرأت تقييمات كثيرة وقررت التجربة، مساحة المكان وتصميمه مقبول ولا بأس به وبالنسبة للتنظيم فـ سيء جداً وهناك عشوائية في المكان,المكان، التنظيم,"[0, -1]","['المكان', 'التنظيم']"
Attractions,1.0,في زيارتي الأخيرة، لا بأس بالتنظيم بشكل عام. والأنشطة والفعاليات ممتعة جداً ومليئة بالحماس,التنظيم، الفعاليات,"[0, 1]","['التنظيم', 'الفعاليات']"
Restaurants,-1.0,في زيارتي الأخيرة، السعر كان عاديا وليس مبالغا فيه، كما أن الخدمة بطيئة للغاية والعمال غير مهتمين,الأسعار، الخدمة,"[0, -1]","['الأسعار', 'الخدمة']"
Hotels,0.0,قمت بتجربة هذا المكان وملاحظاتي هي: الاستقبال كان مقبولا بشكل عام بالإضافة إلى ذلك، بالنسبة للغرفة فهي بمستوى طبيعي ولا بأس بها. والإفطار كان مقبولاً لكنه يفتقر للتنوع. موقع المكان عادي ويمكن الوصول إليه بسهولة,الاستقبال، الغرفة، الإفطار، الموقع,"[0, 0, 0, 0]","['الاستقبال', 'الغرفة', 'الإفطار', 'الموقع']"
Restaurants,0.0,بصراحة، أسعار المنيو تعتبر طبيعية مقارنة بالمطاعم الأخرى في حين أن الطلبات كانت متوسطة المستوى ولا بأس بها أما الخدمة فـ بطيئة للغاية والعمال غير مهتمين في حين أن مستوى النظافة عادي ولا بأس به,الأسعار، الأكل، الخدمة، النظافة,"[0, 0, -1, 0]","['الأسعار', 'الأكل', 'الخدمة', 'النظافة']"
Attractions,0.0,خلال عطلة نهاية الأسبوع ذهبنا إلى هناك، مساحة المكان وتصميمه مقبول ولا بأس به أما التذاكر فـ سعر كان متوسطا ومقبولا. والتنظيم داخل المرفق كان عاديا. العروض المقدمة كانت في المستوى الطبيعي,المكان، التذاكر، التنظيم، الفعاليات,"[0, 0, 0, 0]","['المكان', 'التذاكر', 'التنظيم', 'الفعاليات']"
Attractions,0.0,قرأت تقييمات كثيرة وقررت التجربة، التذاكر قيمتها ممتازة وتشمل خيارات كثيرة بالإضافة إلى ذلك، ترتيب الدخول كان يسير بشكل طبيعي. والفعاليات مقبولة وتمضية وقت ليس إلا في حين أن لا أنصح بزيارة المكان فهو سيء للغاية,التذاكر، التنظيم، الفعاليات، المكان,"[1, 0, 0, -1]","['التذاكر', 'التنظيم', 'الفعاليات', 'المكان']"
Attractions,0.0,قرأت تقييمات كثيرة وقررت التجربة، التذكرة لا تستحق هذا السعر المرتفع إطلاقاً أما الفعاليات فـ عروض رائعة ومتنوعة تناسب كل الأعمار أما المكان فـ بشكل عام طبيعي كأي حديقة أخرى. ترتيب الدخول كان يسير بشكل طبيعي,التذاكر، الفعاليات، المكان، التنظيم,"[-1, 1, 0, 0]","['التذاكر', 'الفعاليات', 'المكان', 'التنظيم']"
Restaurants,-1.0,بصراحة، الأسعار مبالغ فيها وغالية جداً، كما أن طعم الأكل كان عادياً ولا يوجد فيه نكهة مميزة,الأسعار، الأكل,"[-1, 0]","['الأسعار', 'الأكل']"
Restaurants,0.0,الطلبات كانت متوسطة المستوى ولا بأس بها بالإضافة إلى ذلك، المطعم نظيف لحد معقول,الأكل، النظافة,"[0, 0]","['الأكل', 'النظافة']"
Attractions,0.0,المكان يعتبر جيد لقضاء بعض الوقت. والأنشطة الموجودة لا بأس بها للأطفال أما التنظيم فـ سيء جداً وهناك عشوائية في المكان بالإضافة إلى ذلك، سعر التذاكر كان متوسطا ومقبولا,المكان، الفعاليات، التنظيم، التذاكر,"[0, 0, -1, 0]","['المكان', 'الفعاليات', 'التنظيم', 'التذاكر']"
Hotels,0.0,الغرفة واسعة ومريحة بشكل استثنائي أما الموقع فـ موقع الفندق سيء ويصعب الوصول إليه في حين أن تعامل الاستقبال كان جافاً وغير احترافي أما الإفطار فـ كان مقبولاً لكنه يفتقر للتنوع,الغرفة، الموقع، الاستقبال، الإفطار,"[1, -1, -1, 0]","['الغرفة', 'الموقع', 'الاستقبال', 'الإفطار']"
Hotels,0.0,قمت بتجربة هذا المكان وملاحظاتي هي: جودة الطعام في الإفطار كانت ضعيفة جداً وبالنسبة للغرفة فـ للأسف كانت سيئة وغير نظيفة على الإطلاق. وموقع الفندق ممتاز جداً وإطلالته خرافية، كما أن موظفو الاستقبال قاموا بعملهم بشكل روتيني,الإفطار، الغرفة، الموقع، الاستقبال,"[-1, -1, 1, 0]","['الإفطار', 'الغرفة', 'الموقع', 'الاستقبال']"
Hotels,0.0,بصراحة، موقع الفندق يعتبر متوسطا من حيث القرب للخدمات أما الغرفة فـ بالنسبة للغرفة فهي بمستوى طبيعي ولا بأس بها في حين أن الاستقبال كان مقبولا بشكل عام,الموقع، الغرفة، الاستقبال,"[0, 0, 0]","['الموقع', 'الغرفة', 'الاستقبال']"
Attractions,-1.0,بصراحة، العروض المقدمة كانت في المستوى الطبيعي، كما أن التنظيم سيء جداً وهناك عشوائية في المكان وبالنسبة للتذاكر فـ سعر كان متوسطا ومقبولا,الفعاليات، التنظيم، التذاكر,"[0, -1, 0]","['الفعاليات', 'التنظيم', 'التذاكر']"
Attractions,0.0,سعر التذاكر كان متوسطا ومقبولا في حين أن الفعاليات مقبولة وتمضية وقت ليس إلا,التذاكر، الفعاليات,"[0, 0]","['التذاكر', 'الفعاليات']"
Attractions,1.0,التجربة بشكل عام كانت متفاوتة، أسعار التذاكر رخيصة جداً ومناسبة للجميع، كما أن الأنشطة الموجودة لا بأس بها للأطفال,التذاكر، الفعاليات,"[1, 0]","['التذاكر', 'الفعاليات']"
Hotels,-1.0,بصراحة، الموقع لا يتميز بشيء خاص ولكنه مناسب وبالنسبة للإفطار فـ سيء جداً والخيارات محدودة,الموقع، الإفطار,"[0, -1]","['الموقع', 'الإفطار']"
Restaurants,-1.0,بصراحة، المطعم نظيف لحد معقول. لم يعجبني الأكل إطلاقاً وكان دون المستوى. بالنسبة للأسعار فهي مقبولة إلى حد ما,النظافة، الأكل، الأسعار,"[0, -1, 0]","['النظافة', 'الأكل', 'الأسعار']"
Attractions,0.0,التجربة بشكل عام كانت متفاوتة، ترتيب الدخول كان يسير بشكل طبيعي في حين أن الأنشطة الموجودة لا بأس بها للأطفال أما التذاكر فـ أسعار الدخول طبيعية مقارنة بالفعاليات أما المكان فـ بشكل عام طبيعي كأي حديقة أخرى,التنظيم، الفعاليات، التذاكر، المكان,"[0, 0, 0, 0]","['التنظيم', 'الفعاليات', 'التذاكر', 'المكان']"
Hotels,0.0,بالنسبة للإفطار فهو جيد نسبيا كأي فندق آخر. أثاث الغرفة يبدو عادياً ليس حديثاً ولا قديماً جداً وبالنسبة للاستقبال فـ إجراءات الدخول في كانت طبيعية ولم تستغرق وقتا طويلا أو قصيرا، كما أن موقع الفندق سيء ويصعب الوصول إليه,الإفطار، الغرفة، الاستقبال، الموقع,"[0, 0, 0, -1]","['الإفطار', 'الغرفة', 'الاستقبال', 'الموقع']"
Attractions,-1.0,في زيارتي الأخيرة، التنظيم داخل المرفق كان عاديا. ولا توجد فعاليات تذكر والأنشطة سيئة,التنظيم، الفعاليات,"[0, -1]","['التنظيم', 'الفعاليات']"
Hotels,-1.0,بصراحة، الغرفة كانت عادية وتفي بالغرض في حين أن الاستقبال كان مقبولا بشكل عام. والإفطار سيء جداً والخيارات محدودة,الغرفة، الاستقبال، الإفطار,"[0, 0, -1]","['الغرفة', 'الاستقبال', 'الإفطار']"
Attractions,-1.0,قرأت تقييمات كثيرة وقررت التجربة، مساحة المكان وتصميمه مقبول ولا بأس به، كما أن أسعار التذاكر غالية جداً ومبالغ فيها,المكان، التذاكر,"[0, -1]","['المكان', 'التذاكر']"
Attractions,1.0,قمت بتجربة هذا المكان وملاحظاتي هي: مرتبين جداً والتنظيم احترافي. وأسعار الدخول طبيعية مقارنة بالفعاليات,التنظيم، التذاكر,"[1, 0]","['التنظيم', 'التذاكر']"
Hotels,0.0,في زيارتي الأخيرة، الموقع لا يتميز بشيء خاص ولكنه مناسب، كما أن بالنسبة للإفطار فهو جيد نسبيا كأي فندق آخر، كما أن بالنسبة للغرفة فهي بمستوى طبيعي ولا بأس بها,الموقع، الإفطار، الغرفة,"[0, 0, 0]","['الموقع', 'الإفطار', 'الغرفة']"
Attractions,0.0,قرأت تقييمات كثيرة وقررت التجربة، لا توجد فعاليات تذكر والأنشطة سيئة، كما أن التنظيم رائع جداً وسلس للغاية. وبشكل عام المكان طبيعي كأي حديقة أخرى,الفعاليات، التنظيم، المكان,"[-1, 1, 0]","['الفعاليات', 'التنظيم', 'المكان']"
Attractions,0.0,قمت بتجربة هذا المكان وملاحظاتي هي: لا بأس بالتنظيم بشكل عام. والتذاكر ليست رخيصة ولا غالية بل في المعقول، كما أن العروض المقدمة كانت في المستوى الطبيعي بالإضافة إلى ذلك، مساحة المكان وتصميمه مقبول ولا بأس به,التنظيم، التذاكر، الفعاليات، المكان,"[0, 0, 0, 0]","['التنظيم', 'التذاكر', 'الفعاليات', 'المكان']"
Hotels,-1.0,قمت بتجربة هذا المكان وملاحظاتي هي: موقع المكان عادي ويمكن الوصول إليه بسهولة في حين أن واجهنا بطء شديد ومماطلة من موظفي الاستقبال,الموقع، الاستقبال,"[0, -1]","['الموقع', 'الاستقبال']"
Restaurants,1.0,قمت بتجربة هذا المكان وملاحظاتي هي: نظافة المكان بشكل عام كانت مقبولة. والطلبات كانت متوسطة المستوى ولا بأس بها. الأسعار ممتازة ورخيصة مقارنة بالكمية، كما أن الخدمة سريعة جداً وطاقم العمل ودود,النظافة، الأكل، الأسعار، الخدمة,"[0, 0, 1, 1]","['النظافة', 'الأكل', 'الأسعار', 'الخدمة']"
Restaurants,-1.0,في زيارتي الأخيرة، مستوى النظافة عادي ولا بأس به. لم يعجبني الأكل إطلاقاً وكان دون المستوى,النظافة، الأكل,"[0, -1]","['النظافة', 'الأكل']"
Attractions,0.0,قيمة التذكرة عادية في حين أن مساحة المكان وتصميمه مقبول ولا بأس به، كما أن التنظيم داخل المرفق كان عاديا,التذاكر، المكان، التنظيم,"[0, 0, 0]","['التذاكر', 'المكان', 'التنظيم']"
Hotels,0.0,قرأت تقييمات كثيرة وقررت التجربة، واجهنا بطء شديد ومماطلة من موظفي الاستقبال وبالنسبة للموقع فـ موقع الفندق يعتبر متوسطا من حيث القرب للخدمات. وبالنسبة للإفطار فهو جيد نسبيا كأي فندق آخر. الغرفة واسعة ومريحة بشكل استثنائي,الاستقبال، الموقع، الإفطار، الغرفة,"[-1, 0, 0, 1]","['الاستقبال', 'الموقع', 'الإفطار', 'الغرفة']"
Restaurants,1.0,خلال عطلة نهاية الأسبوع ذهبنا إلى هناك، نظافة المكان بشكل عام كانت مقبولة. الخدمة سريعة جداً وطاقم العمل ودود. والطلبات كانت متوسطة المستوى ولا بأس بها أما الأسعار فـ قيمة رائعة مقابل المال و جداً معقولة,النظافة، الخدمة، الأكل، الأسعار,"[0, 1, 0, 1]","['النظافة', 'الخدمة', 'الأكل', 'الأسعار']"
Attractions,-1.0,لا أنصح بزيارة المكان فهو سيء للغاية، كما أن الفعاليات كانت تقليدية ومكررة,المكان، الفعاليات,"[-1, 0]","['المكان', 'الفعاليات']"
Restaurants,0.0,التجربة بشكل عام كانت متفاوتة، نظافة المكان بشكل عام كانت مقبولة أما الأسعار فـ بالنسبة للأسعار فهي مقبولة إلى حد ما. ومستوى الخدمة لا بأس به,النظافة، الأسعار، الخدمة,"[0, 0, 0]","['النظافة', 'الأسعار', 'الخدمة']"
Hotels,-1.0,في زيارتي الأخيرة، أثاث الغرفة يبدو عادياً ليس حديثاً ولا قديماً جداً بالإضافة إلى ذلك، تعامل الاستقبال كان جافاً وغير احترافي. الموقع مقبول ولا بأس به مقارنة بالسعر في حين أن الإفطار سيء جداً والخيارات محدودة,الغرفة، الاستقبال، الموقع، الإفطار,"[0, -1, 0, -1]","['الغرفة', 'الاستقبال', 'الموقع', 'الإفطار']"
Restaurants,1.0,بصراحة، نظافة المكان بشكل عام كانت مقبولة. وكل الأطباق كانت مطبوخة باحترافية وطعمها خيال,النظافة، الأكل,"[0, 1]","['النظافة', 'الأكل']"
Hotels,0.0,قرأت تقييمات كثيرة وقررت التجربة، الإفطار كان مقبولاً لكنه يفتقر للتنوع في حين أن الموقع لا يتميز بشيء خاص ولكنه مناسب بالإضافة إلى ذلك، أثاث الغرفة يبدو عادياً ليس حديثاً ولا قديماً جداً,الإفطار، الموقع، الغرفة,"[0, 0, 0]","['الإفطار', 'الموقع', 'الغرفة']"
Hotels,0.0,في زيارتي الأخيرة، وجبة الإفطار كانت عادية ولم تكن مميزة بالإضافة إلى ذلك، إجراءات الدخول في الاستقبال كانت طبيعية ولم تستغرق وقتا طويلا أو قصيرا,الإفطار، الاستقبال,"[0, 0]","['الإفطار', 'الاستقبال']"
Attractions,0.0,لا بأس بالتنظيم بشكل عام وبالنسبة للتذاكر فـ ليست رخيصة ولا غالية بل في المعقول,التنظيم، التذاكر,"[0, 0]","['التنظيم', 'التذاكر']"
Restaurants,0.0,المكان متسخ والطاولات غير نظيفة وبالنسبة للأسعار فـ قيمة رائعة مقابل المال و جداً معقولة، كما أن تعامل الويترز كان عادياً أما الأكل فالطلبات كانت متوسطة المستوى ولا بأس بها,النظافة، الأسعار، الخدمة، الأكل,"[-1, 1, 0, 0]","['النظافة', 'الأسعار', 'الخدمة', 'الأكل']"
Hotels,0.0,خلال عطلة نهاية الأسبوع ذهبنا إلى هناك، موقع الفندق يعتبر متوسطا من حيث القرب للخدمات أما الإفطار فـ وجبة كانت عادية ولم تكن مميزة,الموقع، الإفطار,"[0, 0]","['الموقع', 'الإفطار']"
Restaurants,1.0,بصراحة، بالنسبة للأسعار فهي مقبولة إلى حد ما في حين أن المكان يلمع من النظافة والاهتمام بالتفاصيل. بالنسبة للأكل فهو بمستوى طبيعي,الأسعار، النظافة، الأكل,"[0, 1, 0]","['الأسعار', 'النظافة', 'الأكل']"
Hotels,0.0,التجربة بشكل عام كانت متفاوتة، الموقع مقبول ولا بأس به مقارنة بالسعر. وبالنسبة للإفطار فهو جيد نسبيا كأي فندق آخر، كما أن طاقم الاستقبال كان عادياً في التعامل، كما أن أثاث الغرفة يبدو عادياً ليس حديثاً ولا قديماً جداً,الموقع، الإفطار، الاستقبال، الغرفة,"[0, 0, 0, 0]","['الموقع', 'الإفطار', 'الاستقبال', 'الغرفة']"
Attractions,-1.0,بصراحة، الإدارة والتنظيم بمستوى مقبول في حين أن المكان كئيب وممل جداً,التنظيم، المكان,"[0, -1]","['التنظيم', 'المكان']"
Attractions,0.0,قمت بتجربة هذا المكان وملاحظاتي هي: الفعاليات كانت تقليدية ومكررة، كما أن بشكل عام المكان طبيعي كأي حديقة أخرى,الفعاليات، المكان,"[0, 0]","['الفعاليات', 'المكان']"
Hotels,0.0,بالنسبة للغرفة فهي بمستوى طبيعي ولا بأس بها أما الإفطار فـ وجبة كانت عادية ولم تكن مميزة في حين أن إجراءات الدخول في الاستقبال كانت طبيعية ولم تستغرق وقتا طويلا أو قصيرا,الغرفة، الإفطار، الاستقبال,"[0, 0, 0]","['الغرفة', 'الإفطار', 'الاستقبال']"
Attractions,0.0,خلال عطلة نهاية الأسبوع ذهبنا إلى هناك، الوجهة كانت عادية ولم تبهرني كثيراً بالإضافة إلى ذلك، لا بأس بالتنظيم بشكل عام. الفعاليات كانت تقليدية ومكررة في حين أن قيمة التذكرة عادية,المكان، التنظيم، الفعاليات، التذاكر,"[0, 0, 0, 0]","['المكان', 'التنظيم', 'الفعاليات', 'التذاكر']"
Restaurants,-1.0,قرأت تقييمات كثيرة وقررت التجربة، نظافة المكان بشكل عام كانت مقبولة في حين أن الخدمة في المطعم كانت روتينية. المطعم غالي بشكل مبالغ فيه ولا يستحق,النظافة، الخدمة، الأسعار,"[0, 0, -1]","['النظافة', 'الخدمة', 'الأسعار']"
Restaurants,0.0,سرعة الخدمة كانت في المعدل الطبيعي والمقبول وبالنسبة للأسعار فالمطعم غالي بشكل مبالغ فيه ولا يستحق بالإضافة إلى ذلك، طعم الأكل كان عادياً ولا يوجد فيه نكهة مميزة. ونظافة المكان بشكل عام كانت مقبولة,الخدمة، الأسعار، الأكل، النظافة,"[0, -1, 0, 0]","['الخدمة', 'الأسعار', 'الأكل', 'النظافة']"
Attractions,0.0,بصراحة، سعر التذاكر كان متوسطا ومقبولا بالإضافة إلى ذلك، لا بأس بالتنظيم بشكل عام. والفعاليات مقبولة وتمضية وقت ليس إلا في حين أن بشكل عام المكان طبيعي كأي حديقة أخرى,التذاكر، التنظيم، الفعاليات، المكان,"[0, 0, 0, 0]","['التذاكر', 'التنظيم', 'الفعاليات', 'المكان']"
Restaurants,0.0,الأكل كان لذيذاً جداً وأنصح به بشدة. مستوى الخدمة لا بأس به. المكان متسخ والطاولات غير نظيفة، كما أن بالنسبة للأسعار فهي مقبولة إلى حد ما,الأكل، الخدمة، النظافة، الأسعار,"[1, 0, -1, 0]","['الأكل', 'الخدمة', 'النظافة', 'الأسعار']"
Restaurants,-1.0,في زيارتي الأخيرة، طعم الأكل كان عادياً ولا يوجد فيه نكهة مميزة في حين أن الخدمة بطيئة للغاية والعمال غير مهتمين وبالنسبة للأسعار فـ مبالغ فيها وغالية جداً,الأكل، الخدمة، الأسعار,"[0, -1, -1]","['الأكل', 'الخدمة', 'الأسعار']"
Restaurants,0.0,بصراحة، الطاولات كانت نظيفة بشكل معتاد بالإضافة إلى ذلك، الطلبات كانت متوسطة المستوى ولا بأس بها بالإضافة إلى ذلك، أسعار المنيو تعتبر طبيعية مقارنة بالمطاعم الأخرى,النظافة، الأكل، الأسعار,"[0, 0, 0]","['النظافة', 'الأكل', 'الأسعار']"
Attractions,0.0,التجربة بشكل عام كانت متفاوتة، الإدارة والتنظيم بمستوى مقبول في حين أن التذاكر ليست رخيصة ولا غالية بل في المعقول وبالنسبة للفعاليات فـ كانت تقليدية ومكررة,التنظيم، التذاكر، الفعاليات,"[0, 0, 0]","['التنظيم', 'التذاكر', 'الفعاليات']"
Attractions,-1.0,بصراحة، بشكل عام المكان طبيعي كأي حديقة أخرى. والتذكرة لا تستحق هذا السعر المرتفع إطلاقاً,المكان، التذاكر,"[0, -1]","['المكان', 'التذاكر']"
Attractions,0.0,التجربة بشكل عام كانت متفاوتة، أسعار الدخول طبيعية مقارنة بالفعاليات أما التنظيم فـ ترتيب الدخول كان يسير بشكل طبيعي وبالنسبة للمكان فـ مساحة وتصميمه مقبول ولا بأس به بالإضافة إلى ذلك، الأنشطة الموجودة لا بأس بها للأطفال,التذاكر، التنظيم، المكان، الفعاليات,"[0, 0, 0, 0]","['التذاكر', 'التنظيم', 'المكان', 'الفعاليات']"
Attractions,0.0,في زيارتي الأخيرة، التنظيم داخل المرفق كان عاديا، كما أن مساحة المكان وتصميمه مقبول ولا بأس به,التنظيم، المكان,"[0, 0]","['التنظيم', 'المكان']"
Restaurants,0.0,التجربة بشكل عام كانت متفاوتة، تعامل الويترز كان عادياً. أسعار المنيو تعتبر طبيعية مقارنة بالمطاعم الأخرى,الخدمة، الأسعار,"[0, 0]","['الخدمة', 'الأسعار']"
Attractions,1.0,قرأت تقييمات كثيرة وقررت التجربة، الوجهة كانت عادية ولم تبهرني كثيراً، كما أن أسعار الدخول طبيعية مقارنة بالفعاليات، كما أن الأنشطة والفعاليات ممتعة جداً ومليئة بالحماس,المكان، التذاكر، الفعاليات,"[0, 0, 1]","['المكان', 'التذاكر', 'الفعاليات']"
Attractions,1.0,قرأت تقييمات كثيرة وقررت التجربة، أسعار الدخول طبيعية مقارنة بالفعاليات بالإضافة إلى ذلك، الأنشطة الموجودة لا بأس بها للأطفال بالإضافة إلى ذلك، مرتبين جداً والتنظيم احترافي,التذاكر، الفعاليات، التنظيم,"[0, 0, 1]","['التذاكر', 'الفعاليات', 'التنظيم']"
Restaurants,0.0,قرأت تقييمات كثيرة وقررت التجربة، السعر كان عاديا وليس مبالغا فيه، كما أن نظافة المكان بشكل عام كانت مقبولة,الأسعار، النظافة,"[0, 0]","['الأسعار', 'النظافة']"
Restaurants,0.0,التجربة بشكل عام كانت متفاوتة، بالنسبة للأسعار فهي مقبولة إلى حد ما، كما أن الأكل مقبول لكنني تذوقت أفضل منه، كما أن مستوى النظافة عادي ولا بأس به. الخدمة سريعة جداً وطاقم العمل ودود,الأسعار، الأكل، النظافة، الخدمة,"[0, 0, 0, 1]","['الأسعار', 'الأكل', 'النظافة', 'الخدمة']"
Restaurants,0.0,الخدمة في المطعم كانت روتينية، كما أن مستوى النظافة عادي ولا بأس به,الخدمة، النظافة,"[0, 0]","['الخدمة', 'النظافة']"
Attractions,0.0,قمت بتجربة هذا المكان وملاحظاتي هي: لا توجد فعاليات تذكر والأنشطة سيئة أما التذاكر فـ قيمتها ممتازة وتشمل خيارات كثيرة,الفعاليات، التذاكر,"[-1, 1]","['الفعاليات', 'التذاكر']"
Restaurants,0.0,بصراحة، المطعم نظيف لحد معقول، كما أن الطلبات كانت متوسطة المستوى ولا بأس بها,النظافة، الأكل,"[0, 0]","['النظافة', 'الأكل']"
Restaurants,0.0,قرأت تقييمات كثيرة وقررت التجربة، مستوى الخدمة لا بأس به بالإضافة إلى ذلك، بالنسبة للأكل فهو بمستوى طبيعي. والأسعار كانت متوسطة ومناسبة لجودة المكان,الخدمة، الأكل، الأسعار,"[0, 0, 0]","['الخدمة', 'الأكل', 'الأسعار']"
Restaurants,1.0,في زيارتي الأخيرة، الأكل كان لذيذاً جداً وأنصح به بشدة أما الخدمة فـ ممتازة واهتمام كبير بالزبائن,الأكل، الخدمة,"[1, 1]","['الأكل', 'الخدمة']"
Attractions,1.0,قرأت تقييمات كثيرة وقررت التجربة، لا بأس بالتنظيم بشكل عام. المكان ساحر وجميل جداً للتصوير بالإضافة إلى ذلك، أسعار التذاكر رخيصة جداً ومناسبة للجميع. والفعاليات مقبولة وتمضية وقت ليس إلا,التنظيم، المكان، التذاكر، الفعاليات,"[0, 1, 1, 0]","['التنظيم', 'المكان', 'التذاكر', 'الفعاليات']"
Attractions,-1.0,قمت بتجربة هذا المكان وملاحظاتي هي: ترتيب الدخول كان يسير بشكل طبيعي أما المكان فـ يعتبر جيد لقضاء بعض الوقت بالإضافة إلى ذلك، لا توجد فعاليات تذكر والأنشطة سيئة,التنظيم، المكان، الفعاليات,"[0, 0, -1]","['التنظيم', 'المكان', 'الفعاليات']"
Hotels,-1.0,قرأت تقييمات كثيرة وقررت التجربة، مساحة الغرفة كانت متوسطة كما توقعنا، كما أن جودة الطعام في الإفطار كانت ضعيفة جداً. وإجراءات الدخول في الاستقبال كانت طبيعية ولم تستغرق وقتا طويلا أو قصيرا,الغرفة، الإفطار، الاستقبال,"[0, -1, 0]","['الغرفة', 'الإفطار', 'الاستقبال']"
Restaurants,1.0,الأسعار ممتازة ورخيصة مقارنة بالكمية. المكان يلمع من النظافة والاهتمام بالتفاصيل، كما أن الأكل مقبول لكنني تذوقت أفضل منه,الأسعار، النظافة، الأكل,"[1, 1, 0]","['الأسعار', 'النظافة', 'الأكل']"
Hotels,0.0,التجربة بشكل عام كانت متفاوتة، طاقم الاستقبال كان عادياً في التعامل، كما أن الغرفة كانت عادية وتفي بالغرض في حين أن موقع المكان عادي ويمكن الوصول إليه بسهولة,الاستقبال، الغرفة، الموقع,"[0, 0, 0]","['الاستقبال', 'الغرفة', 'الموقع']"
Restaurants,1.0,خلال عطلة نهاية الأسبوع ذهبنا إلى هناك، المكان يلمع من النظافة والاهتمام بالتفاصيل، كما أن السعر كان عاديا وليس مبالغا فيه,النظافة، الأسعار,"[1, 0]","['النظافة', 'الأسعار']"
Restaurants,0.0,قمت بتجربة هذا المكان وملاحظاتي هي: الطلبات كانت متوسطة المستوى ولا بأس بها وبالنسبة للنظافة فالمطعم نظيف لحد معقول وبالنسبة للخدمة فـ في المطعم كانت روتينية,الأكل، النظافة، الخدمة,"[0, 0, 0]","['الأكل', 'النظافة', 'الخدمة']"
Restaurants,0.0,التجربة بشكل عام كانت متفاوتة، الأكل كان لذيذاً جداً وأنصح به بشدة بالإضافة إلى ذلك، الطاولات كانت نظيفة بشكل معتاد، كما أن المطعم غالي بشكل مبالغ فيه ولا يستحق,الأكل، النظافة، الأسعار,"[1, 0, -1]","['الأكل', 'النظافة', 'الأسعار']"
Restaurants,0.0,قرأت تقييمات كثيرة وقررت التجربة، أسعار المنيو تعتبر طبيعية مقارنة بالمطاعم الأخرى وبالنسبة للخدمة فـ ممتازة واهتمام كبير بالزبائن بالإضافة إلى ذلك، لم يعجبني الأكل إطلاقاً وكان دون المستوى بالإضافة إلى ذلك، المكان يلمع من النظافة والاهتمام بالتفاصيل,الأسعار، الخدمة، الأكل، النظافة,"[0, 1, -1, 1]","['الأسعار', 'الخدمة', 'الأكل', 'النظافة']"
Hotels,1.0,في زيارتي الأخيرة، بوفيه الإفطار مذهل ويحتوي على خيارات رائعة وبالنسبة للاستقبال فـ طاقم كان عادياً في التعامل، كما أن الموقع مقبول ولا بأس به مقارنة بالسعر,الإفطار، الاستقبال، الموقع,"[1, 0, 0]","['الإفطار', 'الاستقبال', 'الموقع']"
Restaurants,-1.0,خلال عطلة نهاية الأسبوع ذهبنا إلى هناك، لم يعجبني الأكل إطلاقاً وكان دون المستوى، كما أن بالنسبة للأسعار فهي مقبولة إلى حد ما. الخدمة في المطعم كانت روتينية,الأكل، الأسعار، الخدمة,"[-1, 0, 0]","['الأكل', 'الأسعار', 'الخدمة']"
Restaurants,0.0,في زيارتي الأخيرة، أسعار المنيو تعتبر طبيعية مقارنة بالمطاعم الأخرى، كما أن نظافة المكان بشكل عام كانت مقبولة في حين أن الطلبات كانت متوسطة المستوى ولا بأس بها بالإضافة إلى ذلك، مستوى الخدمة لا بأس به,الأسعار، النظافة، الأكل، الخدمة,"[0, 0, 0, 0]","['الأسعار', 'النظافة', 'الأكل', 'الخدمة']"
Hotels,-1.0,التجربة بشكل عام كانت متفاوتة، وجبة الإفطار كانت عادية ولم تكن مميزة. تعامل الاستقبال كان جافاً وغير احترافي,الإفطار، الاستقبال,"[0, -1]","['الإفطار', 'الاستقبال']"
Attractions,-1.0,في زيارتي الأخيرة، لا أنصح بزيارة المكان فهو سيء للغاية بالإضافة إلى ذلك، الأنشطة الموجودة لا بأس بها للأطفال,المكان، الفعاليات,"[-1, 0]","['المكان', 'الفعاليات']"
Restaurants,1.0,خلال عطلة نهاية الأسبوع ذهبنا إلى هناك، مستوى الخدمة لا بأس به أما النظافة فالمكان يلمع من والاهتمام بالتفاصيل أما الأسعار فـ أسعار المنيو تعتبر طبيعية مقارنة بالمطاعم الأخرى,الخدمة، النظافة، الأسعار,"[0, 1, 0]","['الخدمة', 'النظافة', 'الأسعار']"
Attractions,1.0,في زيارتي الأخيرة، الوجهة كانت عادية ولم تبهرني كثيراً. سعر التذاكر كان متوسطا ومقبولا. مرتبين جداً والتنظيم احترافي بالإضافة إلى ذلك، عروض رائعة ومتنوعة تناسب كل الأعمار,المكان، التذاكر، التنظيم، الفعاليات,"[0, 0, 1, 1]","['المكان', 'التذاكر', 'التنظيم', 'الفعاليات']"
Restaurants,0.0,الخدمة في المطعم كانت روتينية في حين أن طعم الأكل كان عادياً ولا يوجد فيه نكهة مميزة,الخدمة، الأكل,"[0, 0]","['الخدمة', 'الأكل']"
Restaurants,0.0,قمت بتجربة هذا المكان وملاحظاتي هي: طعم الأكل كان عادياً ولا يوجد فيه نكهة مميزة. ومستوى الخدمة لا بأس به في حين أن المطعم نظيف لحد معقول,الأكل، الخدمة، النظافة,"[0, 0, 0]","['الأكل', 'الخدمة', 'النظافة']"
Restaurants,0.0,المطعم نظيف لحد معقول. والخدمة في المطعم كانت روتينية. الأكل مقبول لكنني تذوقت أفضل منه بالإضافة إلى ذلك، قيمة رائعة مقابل المال والأسعار جداً معقولة,النظافة، الخدمة، الأكل، الأسعار,"[0, 0, 0, 1]","['النظافة', 'الخدمة', 'الأكل', 'الأسعار']"
Restaurants,0.0,التجربة بشكل عام كانت متفاوتة، طعم الأكل كان عادياً ولا يوجد فيه نكهة مميزة وبالنسبة للنظافة فـ نظافة المكان بشكل عام كانت مقبولة في حين أن بالنسبة للأسعار فهي مقبولة إلى حد ما وبالنسبة للخدمة فـ في المطعم كانت روتينية,الأكل، النظافة، الأسعار، الخدمة,"[0, 0, 0, 0]","['الأكل', 'النظافة', 'الأسعار', 'الخدمة']"
Hotels,1.0,أعجبتني الغرفة بنظافتها الفائقة وتصميمها الرائع. موقع المكان عادي ويمكن الوصول إليه بسهولة,الغرفة، الموقع,"[1, 0]","['الغرفة', 'الموقع']"
Hotels,1.0,بصراحة، الموقع استراتيجي وقريب من كل الفعاليات وبالنسبة للإفطار فـ بوفيه كان تقليدياً ويقدم أصنافاً معتادة في حين أن موظفو الاستقبال في قمة الرقي والتعاون. وبالنسبة للغرفة فهي بمستوى طبيعي ولا بأس بها,الموقع، الإفطار، الاستقبال، الغرفة,"[1, 0, 1, 0]","['الموقع', 'الإفطار', 'الاستقبال', 'الغرفة']"
Restaurants,-1.0,قرأت تقييمات كثيرة وقررت التجربة، مستوى الخدمة لا بأس به وبالنسبة للأسعار فـ مبالغ فيها وغالية جداً,الخدمة، الأسعار,"[0, -1]","['الخدمة', 'الأسعار']"
Attractions,0.0,مساحة المكان وتصميمه مقبول ولا بأس به، كما أن قيمة التذكرة عادية,المكان، التذاكر,"[0, 0]","['المكان', 'التذاكر']"
Hotels,0.0,في زيارتي الأخيرة، موقع الفندق يعتبر متوسطا من حيث القرب للخدمات، كما أن وجبة الإفطار كانت عادية ولم تكن مميزة. طاقم الاستقبال كان عادياً في التعامل. وبالنسبة للغرفة فهي بمستوى طبيعي ولا بأس بها,الموقع، الإفطار، الاستقبال، الغرفة,"[0, 0, 0, 0]","['الموقع', 'الإفطار', 'الاستقبال', 'الغرفة']"
Restaurants,0.0,في زيارتي الأخيرة، بالنسبة للأسعار فهي مقبولة إلى حد ما بالإضافة إلى ذلك، نظافة المكان بشكل عام كانت مقبولة,الأسعار، النظافة,"[0, 0]","['الأسعار', 'النظافة']"
Hotels,0.0,قرأت تقييمات كثيرة وقررت التجربة، أثاث الغرفة يبدو عادياً ليس حديثاً ولا قديماً جداً في حين أن وجبة الإفطار كانت عادية ولم تكن مميزة. وموقع المكان عادي ويمكن الوصول إليه بسهولة وبالنسبة للاستقبال فـ موظفو قاموا بعملهم بشكل روتيني,الغرفة، الإفطار، الموقع، الاستقبال,"[0, 0, 0, 0]","['الغرفة', 'الإفطار', 'الموقع', 'الاستقبال']"
Hotels,0.0,موقع المكان عادي ويمكن الوصول إليه بسهولة، كما أن مساحة الغرفة كانت متوسطة كما توقعنا,الموقع، الغرفة,"[0, 0]","['الموقع', 'الغرفة']"
Attractions,1.0,قرأت تقييمات كثيرة وقررت التجربة، التذاكر قيمتها ممتازة وتشمل خيارات كثيرة. والوجهة كانت عادية ولم تبهرني كثيراً. الفعاليات كانت تقليدية ومكررة,التذاكر، المكان، الفعاليات,"[1, 0, 0]","['التذاكر', 'المكان', 'الفعاليات']"
Hotels,0.0,وجبة الإفطار كانت عادية ولم تكن مميزة، كما أن الغرفة كانت عادية وتفي بالغرض,الإفطار، الغرفة,"[0, 0]","['الإفطار', 'الغرفة']"
Restaurants,-1.0,خلال عطلة نهاية الأسبوع ذهبنا إلى هناك، المكان متسخ والطاولات غير نظيفة أما الأكل فالطلبات كانت متوسطة المستوى ولا بأس بها,النظافة، الأكل,"[-1, 0]","['النظافة', 'الأكل']"
Restaurants,0.0,الأسعار كانت متوسطة ومناسبة لجودة المكان. وبالنسبة للأكل فهو بمستوى طبيعي,الأسعار، الأكل,"[0, 0]","['الأسعار', 'الأكل']"
Attractions,0.0,خلال عطلة نهاية الأسبوع ذهبنا إلى هناك، المكان يعتبر جيد لقضاء بعض الوقت، كما أن الإدارة والتنظيم بمستوى مقبول أما الفعاليات فالعروض المقدمة كانت في المستوى الطبيعي,المكان، التنظيم، الفعاليات,"[0, 0, 0]","['المكان', 'التنظيم', 'الفعاليات']"
Restaurants,-1.0,قمت بتجربة هذا المكان وملاحظاتي هي: المطعم غالي بشكل مبالغ فيه ولا يستحق بالإضافة إلى ذلك، لم يعجبني الأكل إطلاقاً وكان دون المستوى,الأسعار، الأكل,"[-1, -1]","['الأسعار', 'الأكل']"
Attractions,0.0,بصراحة، المكان يعتبر جيد لقضاء بعض الوقت في حين أن التنظيم داخل المرفق كان عاديا,المكان، التنظيم,"[0, 0]","['المكان', 'التنظيم']"
Hotels,0.0,التجربة بشكل عام كانت متفاوتة، الموقع لا يتميز بشيء خاص ولكنه مناسب. وجبة الإفطار كانت عادية ولم تكن مميزة. أثاث الغرفة يبدو عادياً ليس حديثاً ولا قديماً جداً,الموقع، الإفطار، الغرفة,"[0, 0, 0]","['الموقع', 'الإفطار', 'الغرفة']"
Restaurants,-1.0,التجربة بشكل عام كانت متفاوتة، بالنسبة للأسعار فهي مقبولة إلى حد ما، كما أن أسوأ خدمة جربتها في حياتي,الأسعار، الخدمة,"[0, -1]","['الأسعار', 'الخدمة']"
Restaurants,0.0,بصراحة، الطلبات كانت متوسطة المستوى ولا بأس بها. والسعر كان عاديا وليس مبالغا فيه,الأكل، الأسعار,"[0, 0]","['الأكل', 'الأسعار']"
Restaurants,0.0,قرأت تقييمات كثيرة وقررت التجربة، النظافة معدومة في هذا المطعم، كما أن أسعار المنيو تعتبر طبيعية مقارنة بالمطاعم الأخرى، كما أن الطلبات كانت متوسطة المستوى ولا بأس بها. وسرعة الخدمة كانت في المعدل الطبيعي والمقبول,النظافة، الأسعار، الأكل، الخدمة,"[-1, 0, 0, 0]","['النظافة', 'الأسعار', 'الأكل', 'الخدمة']"
Attractions,-1.0,بصراحة، المكان كئيب وممل جداً في حين أن التنظيم داخل المرفق كان عاديا. أسعار التذاكر غالية جداً ومبالغ فيها,المكان، التنظيم، التذاكر,"[-1, 0, -1]","['المكان', 'التنظيم', 'التذاكر']"
Hotels,0.0,قمت بتجربة هذا المكان وملاحظاتي هي: بوفيه الإفطار كان تقليدياً ويقدم أصنافاً معتادة في حين أن الموقع بعيد جداً ومقطوع عن الخدمات. والاستقبال كان مقبولا بشكل عام وبالنسبة للغرفة فـ أثاث يبدو عادياً ليس حديثاً ولا قديماً جداً,الإفطار، الموقع، الاستقبال، الغرفة,"[0, -1, 0, 0]","['الإفطار', 'الموقع', 'الاستقبال', 'الغرفة']"
Hotels,0.0,للأسف الغرفة كانت سيئة وغير نظيفة على الإطلاق بالإضافة إلى ذلك، الإفطار كان لذيذاً ومتنوعاً جداً أما الموقع فـ موقع المكان عادي ويمكن الوصول إليه بسهولة,الغرفة، الإفطار، الموقع,"[-1, 1, 0]","['الغرفة', 'الإفطار', 'الموقع']"
Hotels,1.0,قرأت تقييمات كثيرة وقررت التجربة، موقع الفندق ممتاز جداً وإطلالته خرافية وبالنسبة للغرفة فـ بالنسبة للغرفة فهي بمستوى طبيعي ولا بأس بها بالإضافة إلى ذلك، وجبة الإفطار كانت عادية ولم تكن مميزة,الموقع، الغرفة، الإفطار,"[1, 0, 0]","['الموقع', 'الغرفة', 'الإفطار']"
Hotels,0.0,قرأت تقييمات كثيرة وقررت التجربة، الغرفة كانت عادية وتفي بالغرض في حين أن تعامل الاستقبال كان جافاً وغير احترافي في حين أن الإفطار كان مقبولاً لكنه يفتقر للتنوع، كما أن الموقع استراتيجي وقريب من كل الفعاليات,الغرفة، الاستقبال، الإفطار، الموقع,"[0, -1, 0, 1]","['الغرفة', 'الاستقبال', 'الإفطار', 'الموقع']"
Restaurants,0.0,بصراحة، الخدمة في المطعم كانت روتينية في حين أن نظافة المكان بشكل عام كانت مقبولة، كما أن الأسعار ممتازة ورخيصة مقارنة بالكمية بالإضافة إلى ذلك، الطلبات كانت متوسطة المستوى ولا بأس بها,الخدمة، النظافة، الأسعار، الأكل,"[0, 0, 1, 0]","['الخدمة', 'النظافة', 'الأسعار', 'الأكل']"
Restaurants,0.0,بصراحة، أسعار المنيو تعتبر طبيعية مقارنة بالمطاعم الأخرى. وبالنسبة للأكل فهو بمستوى طبيعي في حين أن مستوى النظافة عادي ولا بأس به. ومستوى الخدمة لا بأس به,الأسعار، الأكل، النظافة، الخدمة,"[0, 0, 0, 0]","['الأسعار', 'الأكل', 'النظافة', 'الخدمة']"
Attractions,0.0,التجربة بشكل عام كانت متفاوتة، بشكل عام المكان طبيعي كأي حديقة أخرى في حين أن لا بأس بالتنظيم بشكل عام. العروض المقدمة كانت في المستوى الطبيعي بالإضافة إلى ذلك، قيمة التذكرة عادية,المكان، التنظيم، الفعاليات، التذاكر,"[0, 0, 0, 0]","['المكان', 'التنظيم', 'الفعاليات', 'التذاكر']"
Attractions,0.0,بصراحة، الفعاليات كانت تقليدية ومكررة. أسعار الدخول طبيعية مقارنة بالفعاليات في حين أن الوجهة كانت عادية ولم تبهرني كثيراً,الفعاليات، التذاكر، المكان,"[0, 0, 0]","['الفعاليات', 'التذاكر', 'المكان']"
Attractions,-1.0,أسعار الدخول طبيعية مقارنة بالفعاليات بالإضافة إلى ذلك، مساحة المكان وتصميمه مقبول ولا بأس به أما الفعاليات فـ مملة جداً ولا يوجد تجديد,التذاكر، المكان، الفعاليات,"[0, 0, -1]","['التذاكر', 'المكان', 'الفعاليات']"
Hotels,0.0,في زيارتي الأخيرة، الموقع مقبول ولا بأس به مقارنة بالسعر. والغرفة واسعة ومريحة بشكل استثنائي. وتعامل الاستقبال كان جافاً وغير احترافي,الموقع، الغرفة، الاستقبال,"[0, 1, -1]","['الموقع', 'الغرفة', 'الاستقبال']"
Restaurants,1.0,تعامل الويترز كان عادياً. والأسعار ممتازة ورخيصة مقارنة بالكمية، كما أن كل الأطباق كانت مطبوخة باحترافية وطعمها خيال,الخدمة، الأسعار، الأكل,"[0, 1, 1]","['الخدمة', 'الأسعار', 'الأكل']"
Hotels,0.0,بصراحة، الغرفة كانت عادية وتفي بالغرض وبالنسبة للإفطار فـ كان مقبولاً لكنه يفتقر للتنوع. موقع المكان عادي ويمكن الوصول إليه بسهولة,الغرفة، الإفطار، الموقع,"[0, 0, 0]","['الغرفة', 'الإفطار', 'الموقع']"
Hotels,1.0,قمت بتجربة هذا المكان وملاحظاتي هي: موقع الفندق يعتبر متوسطا من حيث القرب للخدمات في حين أن طاقم الاستقبال كان عادياً في التعامل بالإضافة إلى ذلك، بوفيه الإفطار مذهل ويحتوي على خيارات رائعة,الموقع، الاستقبال، الإفطار,"[0, 0, 1]","['الموقع', 'الاستقبال', 'الإفطار']"
Hotels,0.0,قرأت تقييمات كثيرة وقررت التجربة، موظفو الاستقبال قاموا بعملهم بشكل روتيني. والموقع مقبول ولا بأس به مقارنة بالسعر,الاستقبال، الموقع,"[0, 0]","['الاستقبال', 'الموقع']"
Hotels,1.0,قمت بتجربة هذا المكان وملاحظاتي هي: الإفطار كان مقبولاً لكنه يفتقر للتنوع في حين أن أعجبتني الغرفة بنظافتها الفائقة وتصميمها الرائع,الإفطار، الغرفة,"[0, 1]","['الإفطار', 'الغرفة']"
Hotels,0.0,في زيارتي الأخيرة، الغرفة كانت عادية وتفي بالغرض. موظفو الاستقبال قاموا بعملهم بشكل روتيني,الغرفة، الاستقبال,"[0, 0]","['الغرفة', 'الاستقبال']"
Attractions,0.0,التنظيم سيء جداً وهناك عشوائية في المكان. العروض المقدمة كانت في المستوى الطبيعي وبالنسبة للتذاكر فـ سعر كان متوسطا ومقبولا. الوجهة كانت عادية ولم تبهرني كثيراً,التنظيم، الفعاليات، التذاكر، المكان,"[-1, 0, 0, 0]","['التنظيم', 'الفعاليات', 'التذاكر', 'المكان']"
Hotels,0.0,خلال عطلة نهاية الأسبوع ذهبنا إلى هناك، الإفطار سيء جداً والخيارات محدودة أما الموقع فـ موقع الفندق ممتاز جداً وإطلالته خرافية في حين أن موظفو الاستقبال قاموا بعملهم بشكل روتيني,الإفطار، الموقع، الاستقبال,"[-1, 1, 0]","['الإفطار', 'الموقع', 'الاستقبال']"
Hotels,0.0,بصراحة، موقع المكان عادي ويمكن الوصول إليه بسهولة في حين أن بوفيه الإفطار كان تقليدياً ويقدم أصنافاً معتادة. وموظفو الاستقبال في قمة الرقي والتعاون في حين أن بالنسبة للغرفة فهي بمستوى طبيعي ولا بأس بها,الموقع، الإفطار، الاستقبال، الغرفة,"[0, 0, 1, 0]","['الموقع', 'الإفطار', 'الاستقبال', 'الغرفة']"
Hotels,0.0,قرأت تقييمات كثيرة وقررت التجربة، الإفطار كان مقبولاً لكنه يفتقر للتنوع. وأثاث الغرفة يبدو عادياً ليس حديثاً ولا قديماً جداً، كما أن الاستقبال كان مقبولا بشكل عام. موقع المكان عادي ويمكن الوصول إليه بسهولة,الإفطار، الغرفة، الاستقبال، الموقع,"[0, 0, 0, 0]","['الإفطار', 'الغرفة', 'الاستقبال', 'الموقع']"
Attractions,0.0,في زيارتي الأخيرة، مساحة المكان وتصميمه مقبول ولا بأس به. سعر التذاكر كان متوسطا ومقبولا، كما أن التنظيم داخل المرفق كان عاديا,المكان، التذاكر، التنظيم,"[0, 0, 0]","['المكان', 'التذاكر', 'التنظيم']"
Restaurants,0.0,التجربة بشكل عام كانت متفاوتة، بالنسبة للأسعار فهي مقبولة إلى حد ما وبالنسبة للأكل فـ مقبول لكنني تذوقت أفضل منه في حين أن المطعم نظيف لحد معقول أما الخدمة فـ تعامل الويترز كان عادياً,الأسعار، الأكل، النظافة، الخدمة,"[0, 0, 0, 0]","['الأسعار', 'الأكل', 'النظافة', 'الخدمة']"
Hotels,-1.0,الموقع بعيد جداً ومقطوع عن الخدمات في حين أن الغرفة ضيقة جداً ومكتومة,الموقع، الغرفة,"[-1, -1]","['الموقع', 'الغرفة']"
Hotels,0.0,في زيارتي الأخيرة، موقع الفندق يعتبر متوسطا من حيث القرب للخدمات وبالنسبة للاستقبال فـ موظفو قاموا بعملهم بشكل روتيني بالإضافة إلى ذلك، بالنسبة للغرفة فهي بمستوى طبيعي ولا بأس بها,الموقع، الاستقبال، الغرفة,"[0, 0, 0]","['الموقع', 'الاستقبال', 'الغرفة']"
Attractions,0.0,في زيارتي الأخيرة، العروض المقدمة كانت في المستوى الطبيعي بالإضافة إلى ذلك، المكان يعتبر جيد لقضاء بعض الوقت في حين أن التذاكر ليست رخيصة ولا غالية بل في المعقول أما التنظيم فـ مرتبين جداً و احترافي,الفعاليات، المكان، التذاكر، التنظيم,"[0, 0, 0, 1]","['الفعاليات', 'المكان', 'التذاكر', 'التنظيم']"
Restaurants,-1.0,في زيارتي الأخيرة، المطعم غالي بشكل مبالغ فيه ولا يستحق. والخدمة بطيئة للغاية والعمال غير مهتمين,الأسعار، الخدمة,"[-1, -1]","['الأسعار', 'الخدمة']"
Attractions,-1.0,قرأت تقييمات كثيرة وقررت التجربة، فوضى عارمة وسوء تنظيم واضح. لا أنصح بزيارة المكان فهو سيء للغاية,التنظيم، المكان,"[-1, -1]","['التنظيم', 'المكان']"
Hotels,0.0,وجبة الإفطار كانت عادية ولم تكن مميزة في حين أن الغرفة كانت عادية وتفي بالغرض,الإفطار، الغرفة,"[0, 0]","['الإفطار', 'الغرفة']"
Hotels,0.0,موقع الفندق يعتبر متوسطا من حيث القرب للخدمات. وأثاث الغرفة يبدو عادياً ليس حديثاً ولا قديماً جداً. والإفطار كان مقبولاً لكنه يفتقر للتنوع بالإضافة إلى ذلك، ترحيب حار جداً من طاقم الاستقبال,الموقع، الغرفة، الإفطار، الاستقبال,"[0, 0, 0, 1]","['الموقع', 'الغرفة', 'الإفطار', 'الاستقبال']"
Attractions,0.0,المكان يعتبر جيد لقضاء بعض الوقت. التذاكر قيمتها ممتازة وتشمل خيارات كثيرة بالإضافة إلى ذلك، العروض المقدمة كانت في المستوى الطبيعي، كما أن لا بأس بالتنظيم بشكل عام,المكان، التذاكر، الفعاليات، التنظيم,"[0, 1, 0, 0]","['المكان', 'التذاكر', 'الفعاليات', 'التنظيم']"
Restaurants,0.0,التجربة بشكل عام كانت متفاوتة، المطعم غالي بشكل مبالغ فيه ولا يستحق في حين أن طعم الأكل كان عادياً ولا يوجد فيه نكهة مميزة. أسوأ خدمة جربتها في حياتي. نظافة المطعم ممتازة جداً,الأسعار، الأكل، الخدمة، النظافة,"[-1, 0, -1, 1]","['الأسعار', 'الأكل', 'الخدمة', 'النظافة']"
Attractions,1.0,قمت بتجربة هذا المكان وملاحظاتي هي: التنظيم رائع جداً وسلس للغاية. الأنشطة الموجودة لا بأس بها للأطفال. سعر التذاكر كان متوسطا ومقبولا,التنظيم، الفعاليات، التذاكر,"[1, 0, 0]","['التنظيم', 'الفعاليات', 'التذاكر']"
Restaurants,-1.0,بصراحة، المطعم غالي بشكل مبالغ فيه ولا يستحق في حين أن أسوأ خدمة جربتها في حياتي,الأسعار، الخدمة,"[-1, -1]","['الأسعار', 'الخدمة']"
Hotels,0.0,قرأت تقييمات كثيرة وقررت التجربة، موظفو الاستقبال قاموا بعملهم بشكل روتيني في حين أن وجبة الإفطار كانت عادية ولم تكن مميزة بالإضافة إلى ذلك، الموقع مقبول ولا بأس به مقارنة بالسعر,الاستقبال، الإفطار، الموقع,"[0, 0, 0]","['الاستقبال', 'الإفطار', 'الموقع']"
Hotels,0.0,وجبة الإفطار كانت عادية ولم تكن مميزة. والاستقبال كان مقبولا بشكل عام,الإفطار، الاستقبال,"[0, 0]","['الإفطار', 'الاستقبال']"
Attractions,-1.0,بصراحة، التنظيم سيء جداً وهناك عشوائية في المكان وبالنسبة للفعاليات فـ مملة جداً ولا يوجد تجديد وبالنسبة للمكان فـ يعتبر جيد لقضاء بعض الوقت وبالنسبة للتذاكر فـ أسعار الدخول طبيعية مقارنة بالفعاليات,التنظيم، الفعاليات، المكان، التذاكر,"[-1, -1, 0, 0]","['التنظيم', 'الفعاليات', 'المكان', 'التذاكر']"
Attractions,0.0,في زيارتي الأخيرة، الإدارة والتنظيم بمستوى مقبول بالإضافة إلى ذلك، أسعار الدخول طبيعية مقارنة بالفعاليات، كما أن الفعاليات كانت تقليدية ومكررة,التنظيم، التذاكر، الفعاليات,"[0, 0, 0]","['التنظيم', 'التذاكر', 'الفعاليات']"
Hotels,0.0,خلال عطلة نهاية الأسبوع ذهبنا إلى هناك، الموقع بعيد جداً ومقطوع عن الخدمات في حين أن بوفيه الإفطار كان تقليدياً ويقدم أصنافاً معتادة، كما أن الغرفة واسعة ومريحة بشكل استثنائي,الموقع، الإفطار، الغرفة,"[-1, 0, 1]","['الموقع', 'الإفطار', 'الغرفة']"
Restaurants,0.0,قرأت تقييمات كثيرة وقررت التجربة، أسعار المنيو تعتبر طبيعية مقارنة بالمطاعم الأخرى أما الأكل فالطلبات كانت متوسطة المستوى ولا بأس بها، كما أن الخدمة سريعة جداً وطاقم العمل ودود وبالنسبة للنظافة فـ مستوى عادي ولا بأس به,الأسعار، الأكل، الخدمة، النظافة,"[0, 0, 1, 0]","['الأسعار', 'الأكل', 'الخدمة', 'النظافة']"
Hotels,0.0,التجربة بشكل عام كانت متفاوتة، بوفيه الإفطار كان تقليدياً ويقدم أصنافاً معتادة. والموقع مقبول ولا بأس به مقارنة بالسعر,الإفطار، الموقع,"[0, 0]","['الإفطار', 'الموقع']"
Hotels,-1.0,خلال عطلة نهاية الأسبوع ذهبنا إلى هناك، جودة الطعام في الإفطار كانت ضعيفة جداً. ومساحة الغرفة كانت متوسطة كما توقعنا بالإضافة إلى ذلك، موقع المكان عادي ويمكن الوصول إليه بسهولة,الإفطار، الغرفة، الموقع,"[-1, 0, 0]","['الإفطار', 'الغرفة', 'الموقع']"
Hotels,0.0,قمت بتجربة هذا المكان وملاحظاتي هي: بوفيه الإفطار مذهل ويحتوي على خيارات رائعة وبالنسبة للغرفة فـ كانت عادية وتفي بالغرض، كما أن طاقم الاستقبال كان عادياً في التعامل بالإضافة إلى ذلك، موقع المكان عادي ويمكن الوصول إليه بسهولة,الإفطار، الغرفة، الاستقبال، الموقع,"[1, 0, 0, 0]","['الإفطار', 'الغرفة', 'الاستقبال', 'الموقع']"
Hotels,-1.0,الغرفة كانت عادية وتفي بالغرض في حين أن تعامل الاستقبال كان جافاً وغير احترافي,الغرفة، الاستقبال,"[0, -1]","['الغرفة', 'الاستقبال']"
Hotels,-1.0,بصراحة، موظفو الاستقبال قاموا بعملهم بشكل روتيني وبالنسبة للموقع فـ بعيد جداً ومقطوع عن الخدمات وبالنسبة للإفطار فـ كان مقبولاً لكنه يفتقر للتنوع,الاستقبال، الموقع، الإفطار,"[0, -1, 0]","['الاستقبال', 'الموقع', 'الإفطار']"
Restaurants,-1.0,التجربة بشكل عام كانت متفاوتة، المطعم غالي بشكل مبالغ فيه ولا يستحق، كما أن مستوى الخدمة لا بأس به. النظافة معدومة في هذا المطعم في حين أن لم يعجبني الأكل إطلاقاً وكان دون المستوى,الأسعار، الخدمة، النظافة، الأكل,"[-1, 0, -1, -1]","['الأسعار', 'الخدمة', 'النظافة', 'الأكل']"
Attractions,0.0,الوجهة كانت عادية ولم تبهرني كثيراً بالإضافة إلى ذلك، العروض المقدمة كانت في المستوى الطبيعي، كما أن التنظيم داخل المرفق كان عاديا في حين أن أسعار التذاكر غالية جداً ومبالغ فيها,المكان، الفعاليات، التنظيم، التذاكر,"[0, 0, 0, -1]","['المكان', 'الفعاليات', 'التنظيم', 'التذاكر']"
Hotels,-1.0,بصراحة، واجهنا بطء شديد ومماطلة من موظفي الاستقبال، كما أن الموقع لا يتميز بشيء خاص ولكنه مناسب,الاستقبال، الموقع,"[-1, 0]","['الاستقبال', 'الموقع']"
Restaurants,0.0,التجربة بشكل عام كانت متفاوتة، مستوى النظافة عادي ولا بأس به، كما أن السعر كان عاديا وليس مبالغا فيه بالإضافة إلى ذلك، الأكل مقبول لكنني تذوقت أفضل منه,النظافة، الأسعار، الأكل,"[0, 0, 0]","['النظافة', 'الأسعار', 'الأكل']"
Hotels,0.0,خلال عطلة نهاية الأسبوع ذهبنا إلى هناك، الموقع استراتيجي وقريب من كل الفعاليات بالإضافة إلى ذلك، ترحيب حار جداً من طاقم الاستقبال وبالنسبة للإفطار فـ جودة الطعام في كانت ضعيفة جداً في حين أن مساحة الغرفة كانت متوسطة كما توقعنا,الموقع، الاستقبال، الإفطار، الغرفة,"[1, 1, -1, 0]","['الموقع', 'الاستقبال', 'الإفطار', 'الغرفة']"
Restaurants,-1.0,بصراحة، المكان متسخ والطاولات غير نظيفة، كما أن الطلبات كانت متوسطة المستوى ولا بأس بها,النظافة، الأكل,"[-1, 0]","['النظافة', 'الأكل']"
Attractions,-1.0,بصراحة، الفعاليات مملة جداً ولا يوجد تجديد. الإدارة والتنظيم بمستوى مقبول. والمكان يعتبر جيد لقضاء بعض الوقت,الفعاليات، التنظيم، المكان,"[-1, 0, 0]","['الفعاليات', 'التنظيم', 'المكان']"
Attractions,0.0,خلال عطلة نهاية الأسبوع ذهبنا إلى هناك، لا بأس بالتنظيم بشكل عام. والوجهة كانت عادية ولم تبهرني كثيراً,التنظيم، المكان,"[0, 0]","['التنظيم', 'المكان']"
Attractions,-1.0,قرأت تقييمات كثيرة وقررت التجربة، لا أنصح بزيارة المكان فهو سيء للغاية وبالنسبة للفعاليات فـ كانت تقليدية ومكررة، كما أن التنظيم داخل المرفق كان عاديا,المكان، الفعاليات، التنظيم,"[-1, 0, 0]","['المكان', 'الفعاليات', 'التنظيم']"
Attractions,1.0,قرأت تقييمات كثيرة وقررت التجربة، التنظيم رائع جداً وسلس للغاية. ومساحة المكان وتصميمه مقبول ولا بأس به. سعر التذاكر كان متوسطا ومقبولا,التنظيم، المكان، التذاكر,"[1, 0, 0]","['التنظيم', 'المكان', 'التذاكر']"
Attractions,0.0,قمت بتجربة هذا المكان وملاحظاتي هي: سعر التذاكر كان متوسطا ومقبولا في حين أن لا بأس بالتنظيم بشكل عام أما المكان فالوجهة كانت عادية ولم تبهرني كثيراً بالإضافة إلى ذلك، الأنشطة الموجودة لا بأس بها للأطفال,التذاكر، التنظيم، المكان، الفعاليات,"[0, 0, 0, 0]","['التذاكر', 'التنظيم', 'المكان', 'الفعاليات']"
Attractions,-1.0,خلال عطلة نهاية الأسبوع ذهبنا إلى هناك، الفعاليات مقبولة وتمضية وقت ليس إلا وبالنسبة للتنظيم فـ فوضى عارمة وسوء تنظيم واضح,الفعاليات، التنظيم,"[0, -1]","['الفعاليات', 'التنظيم']"
Restaurants,-1.0,قمت بتجربة هذا المكان وملاحظاتي هي: النظافة معدومة في هذا المطعم في حين أن سرعة الخدمة كانت في المعدل الطبيعي والمقبول في حين أن الأسعار مبالغ فيها وغالية جداً,النظافة، الخدمة، الأسعار,"[-1, 0, -1]","['النظافة', 'الخدمة', 'الأسعار']"
Restaurants,-1.0,بصراحة، النظافة معدومة في هذا المطعم. والأكل كان بارداً وطعمه سيء جداً، كما أن المطعم غالي بشكل مبالغ فيه ولا يستحق,النظافة، الأكل، الأسعار,"[-1, -1, -1]","['النظافة', 'الأكل', 'الأسعار']"
Attractions,0.0,قرأت تقييمات كثيرة وقررت التجربة، أسعار التذاكر رخيصة جداً ومناسبة للجميع بالإضافة إلى ذلك، الإدارة والتنظيم بمستوى مقبول بالإضافة إلى ذلك، الوجهة كانت عادية ولم تبهرني كثيراً وبالنسبة للفعاليات فـ كانت تقليدية ومكررة,التذاكر، التنظيم، المكان، الفعاليات,"[1, 0, 0, 0]","['التذاكر', 'التنظيم', 'المكان', 'الفعاليات']"
Attractions,0.0,بصراحة، التذاكر ليست رخيصة ولا غالية بل في المعقول. الفعاليات مقبولة وتمضية وقت ليس إلا,التذاكر، الفعاليات,"[0, 0]","['التذاكر', 'الفعاليات']"
Hotels,-1.0,بالنسبة للإفطار فهو جيد نسبيا كأي فندق آخر. واجهنا بطء شديد ومماطلة من موظفي الاستقبال,الإفطار، الاستقبال,"[0, -1]","['الإفطار', 'الاستقبال']"
Restaurants,0.0,طعم الأكل كان عادياً ولا يوجد فيه نكهة مميزة. والسعر كان عاديا وليس مبالغا فيه,الأكل، الأسعار,"[0, 0]","['الأكل', 'الأسعار']"
Restaurants,0.0,بالنسبة للأكل فهو بمستوى طبيعي. الأسعار ممتازة ورخيصة مقارنة بالكمية في حين أن الخدمة بطيئة للغاية والعمال غير مهتمين، كما أن نظافة المطعم ممتازة جداً,الأكل، الأسعار، الخدمة، النظافة,"[0, 1, -1, 1]","['الأكل', 'الأسعار', 'الخدمة', 'النظافة']"
Attractions,0.0,التنظيم داخل المرفق كان عاديا، كما أن بشكل عام المكان طبيعي كأي حديقة أخرى,التنظيم، المكان,"[0, 0]","['التنظيم', 'المكان']"
Attractions,0.0,قرأت تقييمات كثيرة وقررت التجربة، مساحة المكان وتصميمه مقبول ولا بأس به. والإدارة والتنظيم بمستوى مقبول. الفعاليات مقبولة وتمضية وقت ليس إلا,المكان، التنظيم، الفعاليات,"[0, 0, 0]","['المكان', 'التنظيم', 'الفعاليات']"
Hotels,1.0,قمت بتجربة هذا المكان وملاحظاتي هي: وجبة الإفطار كانت عادية ولم تكن مميزة. وترحيب حار جداً من طاقم الاستقبال,الإفطار، الاستقبال,"[0, 1]","['الإفطار', 'الاستقبال']"
Attractions,0.0,بصراحة، الفعاليات كانت تقليدية ومكررة. والتذاكر ليست رخيصة ولا غالية بل في المعقول,الفعاليات، التذاكر,"[0, 0]","['الفعاليات', 'التذاكر']"
Hotels,0.0,خلال عطلة نهاية الأسبوع ذهبنا إلى هناك، الغرفة كانت عادية وتفي بالغرض. الموقع لا يتميز بشيء خاص ولكنه مناسب. بالنسبة للإفطار فهو جيد نسبيا كأي فندق آخر,الغرفة، الموقع، الإفطار,"[0, 0, 0]","['الغرفة', 'الموقع', 'الإفطار']"
Hotels,0.0,موظفو الاستقبال في قمة الرقي والتعاون. الغرفة ضيقة جداً ومكتومة وبالنسبة للإفطار فـ بالنسبة للإفطار فهو جيد نسبيا كأي فندق آخر,الاستقبال، الغرفة، الإفطار,"[1, -1, 0]","['الاستقبال', 'الغرفة', 'الإفطار']"
Hotels,-1.0,في زيارتي الأخيرة، الموقع لا يتميز بشيء خاص ولكنه مناسب. الإفطار سيء جداً والخيارات محدودة بالإضافة إلى ذلك، للأسف الغرفة كانت سيئة وغير نظيفة على الإطلاق. الاستقبال كان مقبولا بشكل عام,الموقع، الإفطار، الغرفة، الاستقبال,"[0, -1, -1, 0]","['الموقع', 'الإفطار', 'الغرفة', 'الاستقبال']"
Restaurants,0.0,في زيارتي الأخيرة، مستوى الخدمة لا بأس به أما الأكل فـ طعم كان عادياً ولا يوجد فيه نكهة مميزة. بالنسبة للأسعار فهي مقبولة إلى حد ما,الخدمة، الأكل، الأسعار,"[0, 0, 0]","['الخدمة', 'الأكل', 'الأسعار']"
Hotels,0.0,خلال عطلة نهاية الأسبوع ذهبنا إلى هناك، طاقم الاستقبال كان عادياً في التعامل بالإضافة إلى ذلك، بوفيه الإفطار مذهل ويحتوي على خيارات رائعة. وموقع الفندق سيء ويصعب الوصول إليه بالإضافة إلى ذلك، أعجبتني الغرفة بنظافتها الفائقة وتصميمها الرائع,الاستقبال، الإفطار، الموقع، الغرفة,"[0, 1, -1, 1]","['الاستقبال', 'الإفطار', 'الموقع', 'الغرفة']"
Restaurants,0.0,في زيارتي الأخيرة، الطاولات كانت نظيفة بشكل معتاد. وأسعار المنيو تعتبر طبيعية مقارنة بالمطاعم الأخرى في حين أن الطلبات كانت متوسطة المستوى ولا بأس بها,النظافة، الأسعار، الأكل,"[0, 0, 0]","['النظافة', 'الأسعار', 'الأكل']"
Hotels,0.0,خلال عطلة نهاية الأسبوع ذهبنا إلى هناك، بالنسبة للإفطار فهو جيد نسبيا كأي فندق آخر في حين أن موقع المكان عادي ويمكن الوصول إليه بسهولة,الإفطار، الموقع,"[0, 0]","['الإفطار', 'الموقع']"
Attractions,0.0,خلال عطلة نهاية الأسبوع ذهبنا إلى هناك، الإدارة والتنظيم بمستوى مقبول بالإضافة إلى ذلك، أسعار الدخول طبيعية مقارنة بالفعاليات. العروض المقدمة كانت في المستوى الطبيعي,التنظيم، التذاكر، الفعاليات,"[0, 0, 0]","['التنظيم', 'التذاكر', 'الفعاليات']"
Attractions,1.0,قرأت تقييمات كثيرة وقررت التجربة، مساحة المكان وتصميمه مقبول ولا بأس به. مرتبين جداً والتنظيم احترافي أما الفعاليات فالأنشطة و ممتعة جداً ومليئة بالحماس,المكان، التنظيم، الفعاليات,"[0, 1, 1]","['المكان', 'التنظيم', 'الفعاليات']"
Hotels,0.0,وجبة الإفطار كانت عادية ولم تكن مميزة. إجراءات الدخول في الاستقبال كانت طبيعية ولم تستغرق وقتا طويلا أو قصيرا,الإفطار، الاستقبال,"[0, 0]","['الإفطار', 'الاستقبال']"
Hotels,0.0,قرأت تقييمات كثيرة وقررت التجربة، بالنسبة للإفطار فهو جيد نسبيا كأي فندق آخر. ومساحة الغرفة كانت متوسطة كما توقعنا. الموقع لا يتميز بشيء خاص ولكنه مناسب. الاستقبال كان مقبولا بشكل عام,الإفطار، الغرفة، الموقع، الاستقبال,"[0, 0, 0, 0]","['الإفطار', 'الغرفة', 'الموقع', 'الاستقبال']"
Hotels,0.0,بصراحة، مساحة الغرفة كانت متوسطة كما توقعنا، كما أن موظفو الاستقبال في قمة الرقي والتعاون. الإفطار سيء جداً والخيارات محدودة. الموقع بعيد جداً ومقطوع عن الخدمات,الغرفة، الاستقبال، الإفطار، الموقع,"[0, 1, -1, -1]","['الغرفة', 'الاستقبال', 'الإفطار', 'الموقع']"
Restaurants,0.0,طعم الأكل كان عادياً ولا يوجد فيه نكهة مميزة في حين أن الطاولات كانت نظيفة بشكل معتاد أما الأسعار فالسعر كان عاديا وليس مبالغا فيه في حين أن سرعة الخدمة كانت في المعدل الطبيعي والمقبول,الأكل، النظافة، الأسعار، الخدمة,"[0, 0, 0, 0]","['الأكل', 'النظافة', 'الأسعار', 'الخدمة']"
Restaurants,0.0,قرأت تقييمات كثيرة وقررت التجربة، طعم الأكل كان عادياً ولا يوجد فيه نكهة مميزة بالإضافة إلى ذلك، مستوى النظافة عادي ولا بأس به,الأكل، النظافة,"[0, 0]","['الأكل', 'النظافة']"
Attractions,1.0,بصراحة، سعر التذاكر كان متوسطا ومقبولا. والأنشطة والفعاليات ممتعة جداً ومليئة بالحماس,التذاكر، الفعاليات,"[0, 1]","['التذاكر', 'الفعاليات']"
Attractions,-1.0,الفعاليات مملة جداً ولا يوجد تجديد. التذاكر ليست رخيصة ولا غالية بل في المعقول,الفعاليات، التذاكر,"[-1, 0]","['الفعاليات', 'التذاكر']"
Hotels,-1.0,بالنسبة للغرفة فهي بمستوى طبيعي ولا بأس بها. موقع الفندق سيء ويصعب الوصول إليه,الغرفة، الموقع,"[0, -1]","['الغرفة', 'الموقع']"
Restaurants,0.0,بصراحة، مستوى الخدمة لا بأس به أما الأسعار فالسعر كان عاديا وليس مبالغا فيه. والمكان يلمع من النظافة والاهتمام بالتفاصيل أما الأكل فـ بالنسبة للأكل فهو بمستوى طبيعي,الخدمة، الأسعار، النظافة، الأكل,"[0, 0, 1, 0]","['الخدمة', 'الأسعار', 'النظافة', 'الأكل']"
Restaurants,1.0,قرأت تقييمات كثيرة وقررت التجربة، الأسعار ممتازة ورخيصة مقارنة بالكمية بالإضافة إلى ذلك، مستوى الخدمة لا بأس به. الأكل مقبول لكنني تذوقت أفضل منه,الأسعار، الخدمة، الأكل,"[1, 0, 0]","['الأسعار', 'الخدمة', 'الأكل']"
Restaurants,-1.0,أسوأ خدمة جربتها في حياتي في حين أن الأكل كان بارداً وطعمه سيء جداً في حين أن نظافة المكان بشكل عام كانت مقبولة. الأسعار كانت متوسطة ومناسبة لجودة المكان,الخدمة، الأكل، النظافة، الأسعار,"[-1, -1, 0, 0]","['الخدمة', 'الأكل', 'النظافة', 'الأسعار']"
Hotels,1.0,بصراحة، إجراءات الدخول في الاستقبال كانت طبيعية ولم تستغرق وقتا طويلا أو قصيرا. والموقع استراتيجي وقريب من كل الفعاليات بالإضافة إلى ذلك، بالنسبة للإفطار فهو جيد نسبيا كأي فندق آخر,الاستقبال، الموقع، الإفطار,"[0, 1, 0]","['الاستقبال', 'الموقع', 'الإفطار']"
Attractions,1.0,الفعاليات كانت تقليدية ومكررة، كما أن الوجهة كانت عادية ولم تبهرني كثيراً. أسعار التذاكر رخيصة جداً ومناسبة للجميع,الفعاليات، المكان، التذاكر,"[0, 0, 1]","['الفعاليات', 'المكان', 'التذاكر']"
Restaurants,-1.0,خلال عطلة نهاية الأسبوع ذهبنا إلى هناك، المكان متسخ والطاولات غير نظيفة بالإضافة إلى ذلك، مستوى الخدمة لا بأس به,النظافة، الخدمة,"[-1, 0]","['النظافة', 'الخدمة']"
Restaurants,-1.0,خلال عطلة نهاية الأسبوع ذهبنا إلى هناك، المطعم غالي بشكل مبالغ فيه ولا يستحق في حين أن المكان متسخ والطاولات غير نظيفة وبالنسبة للخدمة فـ أسوأ خدمة جربتها في حياتي,الأسعار، النظافة، الخدمة,"[-1, -1, -1]","['الأسعار', 'النظافة', 'الخدمة']"
Hotels,1.0,قمت بتجربة هذا المكان وملاحظاتي هي: ترحيب حار جداً من طاقم الاستقبال. والإفطار كان لذيذاً ومتنوعاً جداً أما الموقع فـ مقبول ولا بأس به مقارنة بالسعر,الاستقبال، الإفطار، الموقع,"[1, 1, 0]","['الاستقبال', 'الإفطار', 'الموقع']"
Restaurants,0.0,السعر كان عاديا وليس مبالغا فيه. وبالنسبة للأكل فهو بمستوى طبيعي، كما أن المطعم نظيف لحد معقول بالإضافة إلى ذلك، الخدمة بطيئة للغاية والعمال غير مهتمين,الأسعار، الأكل، النظافة، الخدمة,"[0, 0, 0, -1]","['الأسعار', 'الأكل', 'النظافة', 'الخدمة']"
Restaurants,0.0,في زيارتي الأخيرة، الأسعار كانت متوسطة ومناسبة لجودة المكان وبالنسبة للنظافة فالطاولات كانت نظيفة بشكل معتاد,الأسعار، النظافة,"[0, 0]","['الأسعار', 'النظافة']"
Attractions,0.0,قرأت تقييمات كثيرة وقررت التجربة، أسعار الدخول طبيعية مقارنة بالفعاليات وبالنسبة للفعاليات فالأنشطة الموجودة لا بأس بها للأطفال. مساحة المكان وتصميمه مقبول ولا بأس به,التذاكر، الفعاليات، المكان,"[0, 0, 0]","['التذاكر', 'الفعاليات', 'المكان']"
Hotels,-1.0,قرأت تقييمات كثيرة وقررت التجربة، موقع الفندق سيء ويصعب الوصول إليه وبالنسبة للإفطار فـ بوفيه كان تقليدياً ويقدم أصنافاً معتادة. وموظفو الاستقبال قاموا بعملهم بشكل روتيني بالإضافة إلى ذلك، للأسف الغرفة كانت سيئة وغير نظيفة على الإطلاق,الموقع، الإفطار، الاستقبال، الغرفة,"[-1, 0, 0, -1]","['الموقع', 'الإفطار', 'الاستقبال', 'الغرفة']"
Attractions,0.0,بصراحة، التذاكر ليست رخيصة ولا غالية بل في المعقول. وترتيب الدخول كان يسير بشكل طبيعي. والأنشطة الموجودة لا بأس بها للأطفال، كما أن الوجهة كانت عادية ولم تبهرني كثيراً,التذاكر، التنظيم، الفعاليات، المكان,"[0, 0, 0, 0]","['التذاكر', 'التنظيم', 'الفعاليات', 'المكان']"
Restaurants,1.0,قمت بتجربة هذا المكان وملاحظاتي هي: مستوى الخدمة لا بأس به. قيمة رائعة مقابل المال والأسعار جداً معقولة,الخدمة، الأسعار,"[0, 1]","['الخدمة', 'الأسعار']"
Attractions,0.0,التجربة بشكل عام كانت متفاوتة، الوجهة كانت عادية ولم تبهرني كثيراً وبالنسبة للفعاليات فالأنشطة و ممتعة جداً ومليئة بالحماس أما التنظيم فـ فوضى عارمة وسوء تنظيم واضح بالإضافة إلى ذلك، التذاكر ليست رخيصة ولا غالية بل في المعقول,المكان، الفعاليات، التنظيم، التذاكر,"[0, 1, -1, 0]","['المكان', 'الفعاليات', 'التنظيم', 'التذاكر']"
Hotels,0.0,قمت بتجربة هذا المكان وملاحظاتي هي: بالنسبة للإفطار فهو جيد نسبيا كأي فندق آخر. وبالنسبة للغرفة فهي بمستوى طبيعي ولا بأس بها في حين أن موقع الفندق يعتبر متوسطا من حيث القرب للخدمات,الإفطار، الغرفة، الموقع,"[0, 0, 0]","['الإفطار', 'الغرفة', 'الموقع']"
Restaurants,0.0,قمت بتجربة هذا المكان وملاحظاتي هي: الأكل مقبول لكنني تذوقت أفضل منه في حين أن أسعار المنيو تعتبر طبيعية مقارنة بالمطاعم الأخرى,الأكل، الأسعار,"[0, 0]","['الأكل', 'الأسعار']"
Restaurants,0.0,خلال عطلة نهاية الأسبوع ذهبنا إلى هناك، سرعة الخدمة كانت في المعدل الطبيعي والمقبول. نظافة المكان بشكل عام كانت مقبولة,الخدمة، النظافة,"[0, 0]","['الخدمة', 'النظافة']"
Attractions,0.0,خلال عطلة نهاية الأسبوع ذهبنا إلى هناك، الإدارة والتنظيم بمستوى مقبول وبالنسبة للتذاكر فـ ليست رخيصة ولا غالية بل في المعقول,التنظيم، التذاكر,"[0, 0]","['التنظيم', 'التذاكر']"
Attractions,0.0,قرأت تقييمات كثيرة وقررت التجربة، التذاكر ليست رخيصة ولا غالية بل في المعقول وبالنسبة للفعاليات فالعروض المقدمة كانت في المستوى الطبيعي أما التنظيم فالإدارة و بمستوى مقبول,التذاكر، الفعاليات، التنظيم,"[0, 0, 0]","['التذاكر', 'الفعاليات', 'التنظيم']"
Restaurants,0.0,خلال عطلة نهاية الأسبوع ذهبنا إلى هناك، الأكل كان بارداً وطعمه سيء جداً أما الأسعار فـ ممتازة ورخيصة مقارنة بالكمية وبالنسبة للنظافة فالطاولات كانت نظيفة بشكل معتاد. وسرعة الخدمة كانت في المعدل الطبيعي والمقبول,الأكل، الأسعار، النظافة، الخدمة,"[-1, 1, 0, 0]","['الأكل', 'الأسعار', 'النظافة', 'الخدمة']"
Hotels,0.0,التجربة بشكل عام كانت متفاوتة، للأسف الغرفة كانت سيئة وغير نظيفة على الإطلاق. ترحيب حار جداً من طاقم الاستقبال,الغرفة، الاستقبال,"[-1, 1]","['الغرفة', 'الاستقبال']"
Restaurants,0.0,التجربة بشكل عام كانت متفاوتة، بالنسبة للأكل فهو بمستوى طبيعي. والمطعم نظيف لحد معقول,الأكل، النظافة,"[0, 0]","['الأكل', 'النظافة']"
Hotels,0.0,بصراحة، الاستقبال كان مقبولا بشكل عام. وبوفيه الإفطار مذهل ويحتوي على خيارات رائعة في حين أن الغرفة كانت عادية وتفي بالغرض وبالنسبة للموقع فـ بعيد جداً ومقطوع عن الخدمات,الاستقبال، الإفطار، الغرفة، الموقع,"[0, 1, 0, -1]","['الاستقبال', 'الإفطار', 'الغرفة', 'الموقع']"
Hotels,0.0,خلال عطلة نهاية الأسبوع ذهبنا إلى هناك، موقع الفندق يعتبر متوسطا من حيث القرب للخدمات وبالنسبة للغرفة فـ ضيقة جداً ومكتومة. موظفو الاستقبال قاموا بعملهم بشكل روتيني. ووجبة الإفطار كانت عادية ولم تكن مميزة,الموقع، الغرفة، الاستقبال، الإفطار,"[0, -1, 0, 0]","['الموقع', 'الغرفة', 'الاستقبال', 'الإفطار']"
Restaurants,0.0,خلال عطلة نهاية الأسبوع ذهبنا إلى هناك، الأكل مقبول لكنني تذوقت أفضل منه، كما أن مستوى الخدمة لا بأس به بالإضافة إلى ذلك، الطاولات كانت نظيفة بشكل معتاد,الأكل، الخدمة، النظافة,"[0, 0, 0]","['الأكل', 'الخدمة', 'النظافة']"
Restaurants,0.0,التجربة بشكل عام كانت متفاوتة، الطاولات كانت نظيفة بشكل معتاد وبالنسبة للأسعار فـ كانت متوسطة ومناسبة لجودة المكان. الخدمة في المطعم كانت روتينية,النظافة، الأسعار، الخدمة,"[0, 0, 0]","['النظافة', 'الأسعار', 'الخدمة']"
Restaurants,0.0,التجربة بشكل عام كانت متفاوتة، المطعم نظيف لحد معقول. وتعامل الويترز كان عادياً,النظافة، الخدمة,"[0, 0]","['النظافة', 'الخدمة']"
Attractions,0.0,بصراحة، أسعار الدخول طبيعية مقارنة بالفعاليات. مساحة المكان وتصميمه مقبول ولا بأس به,التذاكر، المكان,"[0, 0]","['التذاكر', 'المكان']"
Attractions,1.0,بصراحة، التنظيم رائع جداً وسلس للغاية وبالنسبة للتذاكر فـ سعر كان متوسطا ومقبولا,التنظيم، التذاكر,"[1, 0]","['التنظيم', 'التذاكر']"
Restaurants,0.0,الأكل كان بارداً وطعمه سيء جداً. ومستوى النظافة عادي ولا بأس به. تعامل الويترز كان عادياً وبالنسبة للأسعار فالسعر كان عاديا وليس مبالغا فيه,الأكل، النظافة، الخدمة، الأسعار,"[-1, 0, 0, 0]","['الأكل', 'النظافة', 'الخدمة', 'الأسعار']"
Hotels,0.0,في زيارتي الأخيرة، بوفيه الإفطار كان تقليدياً ويقدم أصنافاً معتادة في حين أن موقع المكان عادي ويمكن الوصول إليه بسهولة,الإفطار، الموقع,"[0, 0]","['الإفطار', 'الموقع']"
Hotels,0.0,قرأت تقييمات كثيرة وقررت التجربة، تعامل الاستقبال كان جافاً وغير احترافي، كما أن بالنسبة للغرفة فهي بمستوى طبيعي ولا بأس بها. وبالنسبة للإفطار فهو جيد نسبيا كأي فندق آخر في حين أن الموقع لا يتميز بشيء خاص ولكنه مناسب,الاستقبال، الغرفة، الإفطار، الموقع,"[-1, 0, 0, 0]","['الاستقبال', 'الغرفة', 'الإفطار', 'الموقع']"
Hotels,-1.0,مساحة الغرفة كانت متوسطة كما توقعنا. والإفطار سيء جداً والخيارات محدودة,الغرفة، الإفطار,"[0, -1]","['الغرفة', 'الإفطار']"
Attractions,0.0,التجربة بشكل عام كانت متفاوتة، التذاكر ليست رخيصة ولا غالية بل في المعقول. والمكان يعتبر جيد لقضاء بعض الوقت في حين أن الفعاليات مقبولة وتمضية وقت ليس إلا وبالنسبة للتنظيم فـ لا بأس ب بشكل عام,التذاكر، المكان، الفعاليات، التنظيم,"[0, 0, 0, 0]","['التذاكر', 'المكان', 'الفعاليات', 'التنظيم']"
Hotels,-1.0,في زيارتي الأخيرة، وجبة الإفطار كانت عادية ولم تكن مميزة، كما أن الموقع بعيد جداً ومقطوع عن الخدمات,الإفطار، الموقع,"[0, -1]","['الإفطار', 'الموقع']"
Attractions,-1.0,التجربة بشكل عام كانت متفاوتة، المكان كئيب وممل جداً بالإضافة إلى ذلك، الأنشطة الموجودة لا بأس بها للأطفال,المكان، الفعاليات,"[-1, 0]","['المكان', 'الفعاليات']"
Attractions,0.0,بصراحة، وجهة سياحية رائعة وتستحق الزيارة تكراراً في حين أن الفعاليات مقبولة وتمضية وقت ليس إلا بالإضافة إلى ذلك، الإدارة والتنظيم بمستوى مقبول. وقيمة التذكرة عادية,المكان، الفعاليات، التنظيم، التذاكر,"[1, 0, 0, 0]","['المكان', 'الفعاليات', 'التنظيم', 'التذاكر']"
Attractions,1.0,قرأت تقييمات كثيرة وقررت التجربة، قيمة التذكرة عادية. والأنشطة والفعاليات ممتعة جداً ومليئة بالحماس,التذاكر، الفعاليات,"[0, 1]","['التذاكر', 'الفعاليات']"
Restaurants,0.0,قمت بتجربة هذا المكان وملاحظاتي هي: سرعة الخدمة كانت في المعدل الطبيعي والمقبول، كما أن الأسعار ممتازة ورخيصة مقارنة بالكمية بالإضافة إلى ذلك، الطاولات كانت نظيفة بشكل معتاد بالإضافة إلى ذلك، الطلبات كانت متوسطة المستوى ولا بأس بها,الخدمة، الأسعار، النظافة، الأكل,"[0, 1, 0, 0]","['الخدمة', 'الأسعار', 'النظافة', 'الأكل']"
Attractions,1.0,في زيارتي الأخيرة، المكان ساحر وجميل جداً للتصوير في حين أن التنظيم داخل المرفق كان عاديا، كما أن الأنشطة والفعاليات ممتعة جداً ومليئة بالحماس وبالنسبة للتذاكر فـ ليست رخيصة ولا غالية بل في المعقول,المكان، التنظيم، الفعاليات، التذاكر,"[1, 0, 1, 0]","['المكان', 'التنظيم', 'الفعاليات', 'التذاكر']"
Hotels,-1.0,خلال عطلة نهاية الأسبوع ذهبنا إلى هناك، جودة الطعام في الإفطار كانت ضعيفة جداً وبالنسبة للغرفة فـ أثاث يبدو عادياً ليس حديثاً ولا قديماً جداً أما الموقع فـ موقع الفندق يعتبر متوسطا من حيث القرب للخدمات,الإفطار، الغرفة، الموقع,"[-1, 0, 0]","['الإفطار', 'الغرفة', 'الموقع']"
Attractions,0.0,خلال عطلة نهاية الأسبوع ذهبنا إلى هناك، مساحة المكان وتصميمه مقبول ولا بأس به بالإضافة إلى ذلك، سعر التذاكر كان متوسطا ومقبولا. التنظيم رائع جداً وسلس للغاية أما الفعاليات فـ مملة جداً ولا يوجد تجديد,المكان، التذاكر، التنظيم، الفعاليات,"[0, 0, 1, -1]","['المكان', 'التذاكر', 'التنظيم', 'الفعاليات']"
Attractions,0.0,بصراحة، قيمة التذكرة عادية في حين أن الوجهة كانت عادية ولم تبهرني كثيراً. والعروض المقدمة كانت في المستوى الطبيعي,التذاكر، المكان، الفعاليات,"[0, 0, 0]","['التذاكر', 'المكان', 'الفعاليات']"
Restaurants,0.0,قرأت تقييمات كثيرة وقررت التجربة، الطاولات كانت نظيفة بشكل معتاد في حين أن طعم الأكل كان عادياً ولا يوجد فيه نكهة مميزة، كما أن الخدمة في المطعم كانت روتينية. والسعر كان عاديا وليس مبالغا فيه,النظافة، الأكل، الخدمة، الأسعار,"[0, 0, 0, 0]","['النظافة', 'الأكل', 'الخدمة', 'الأسعار']"
Restaurants,0.0,قمت بتجربة هذا المكان وملاحظاتي هي: سرعة الخدمة كانت في المعدل الطبيعي والمقبول، كما أن الأكل مقبول لكنني تذوقت أفضل منه,الخدمة، الأكل,"[0, 0]","['الخدمة', 'الأكل']"
Restaurants,0.0,في زيارتي الأخيرة، سرعة الخدمة كانت في المعدل الطبيعي والمقبول. والطلبات كانت متوسطة المستوى ولا بأس بها,الخدمة، الأكل,"[0, 0]","['الخدمة', 'الأكل']"
Hotels,-1.0,قرأت تقييمات كثيرة وقررت التجربة، جودة الطعام في الإفطار كانت ضعيفة جداً. الموقع بعيد جداً ومقطوع عن الخدمات. موظفو الاستقبال في قمة الرقي والتعاون,الإفطار، الموقع، الاستقبال,"[-1, -1, 1]","['الإفطار', 'الموقع', 'الاستقبال']"
Restaurants,0.0,خلال عطلة نهاية الأسبوع ذهبنا إلى هناك، الخدمة ممتازة واهتمام كبير بالزبائن، كما أن السعر كان عاديا وليس مبالغا فيه. والطاولات كانت نظيفة بشكل معتاد. الأكل مقبول لكنني تذوقت أفضل منه,الخدمة، الأسعار، النظافة، الأكل,"[1, 0, 0, 0]","['الخدمة', 'الأسعار', 'النظافة', 'الأكل']"
Hotels,0.0,في زيارتي الأخيرة، أثاث الغرفة يبدو عادياً ليس حديثاً ولا قديماً جداً في حين أن موقع الفندق سيء ويصعب الوصول إليه، كما أن موظفو الاستقبال قاموا بعملهم بشكل روتيني، كما أن بوفيه الإفطار مذهل ويحتوي على خيارات رائعة,الغرفة، الموقع، الاستقبال، الإفطار,"[0, -1, 0, 1]","['الغرفة', 'الموقع', 'الاستقبال', 'الإفطار']"
Attractions,0.0,خلال عطلة نهاية الأسبوع ذهبنا إلى هناك، التنظيم سيء جداً وهناك عشوائية في المكان. والفعاليات مقبولة وتمضية وقت ليس إلا أما التذاكر فـ ليست رخيصة ولا غالية بل في المعقول. الوجهة كانت عادية ولم تبهرني كثيراً,التنظيم، الفعاليات، التذاكر، المكان,"[-1, 0, 0, 0]","['التنظيم', 'الفعاليات', 'التذاكر', 'المكان']"
Restaurants,0.0,في زيارتي الأخيرة، تعامل الويترز كان عادياً بالإضافة إلى ذلك، مستوى النظافة عادي ولا بأس به، كما أن أسعار المنيو تعتبر طبيعية مقارنة بالمطاعم الأخرى,الخدمة، النظافة، الأسعار,"[0, 0, 0]","['الخدمة', 'النظافة', 'الأسعار']"
Attractions,-1.0,خلال عطلة نهاية الأسبوع ذهبنا إلى هناك، لا توجد فعاليات تذكر والأنشطة سيئة بالإضافة إلى ذلك، ترتيب الدخول كان يسير بشكل طبيعي,الفعاليات، التنظيم,"[-1, 0]","['الفعاليات', 'التنظيم']"
Hotels,0.0,قمت بتجربة هذا المكان وملاحظاتي هي: الإفطار كان مقبولاً لكنه يفتقر للتنوع في حين أن الموقع لا يتميز بشيء خاص ولكنه مناسب. إجراءات الدخول في الاستقبال كانت طبيعية ولم تستغرق وقتا طويلا أو قصيرا,الإفطار، الموقع، الاستقبال,"[0, 0, 0]","['الإفطار', 'الموقع', 'الاستقبال']"
Restaurants,-1.0,قرأت تقييمات كثيرة وقررت التجربة، نظافة المكان بشكل عام كانت مقبولة. ولم يعجبني الأكل إطلاقاً وكان دون المستوى أما الخدمة فـ تعامل الويترز كان عادياً,النظافة، الأكل، الخدمة,"[0, -1, 0]","['النظافة', 'الأكل', 'الخدمة']"
Attractions,1.0,التجربة بشكل عام كانت متفاوتة، التذاكر ليست رخيصة ولا غالية بل في المعقول، كما أن المكان ساحر وجميل جداً للتصوير وبالنسبة للفعاليات فالأنشطة و ممتعة جداً ومليئة بالحماس,التذاكر، المكان، الفعاليات,"[0, 1, 1]","['التذاكر', 'المكان', 'الفعاليات']"
Attractions,0.0,قمت بتجربة هذا المكان وملاحظاتي هي: الأنشطة والفعاليات ممتعة جداً ومليئة بالحماس. والتنظيم داخل المرفق كان عاديا. والتذكرة لا تستحق هذا السعر المرتفع إطلاقاً أما المكان فـ ساحر وجميل جداً للتصوير,الفعاليات، التنظيم، التذاكر، المكان,"[1, 0, -1, 1]","['الفعاليات', 'التنظيم', 'التذاكر', 'المكان']"
Restaurants,-1.0,التجربة بشكل عام كانت متفاوتة، الخدمة في المطعم كانت روتينية. النظافة معدومة في هذا المطعم. السعر كان عاديا وليس مبالغا فيه,الخدمة، النظافة، الأسعار,"[0, -1, 0]","['الخدمة', 'النظافة', 'الأسعار']"
Attractions,1.0,قرأت تقييمات كثيرة وقررت التجربة، العروض المقدمة كانت في المستوى الطبيعي وبالنسبة للتنظيم فـ مرتبين جداً و احترافي أما المكان فـ يعتبر جيد لقضاء بعض الوقت,الفعاليات، التنظيم، المكان,"[0, 1, 0]","['الفعاليات', 'التنظيم', 'المكان']"
Hotels,0.0,في زيارتي الأخيرة، وجبة الإفطار كانت عادية ولم تكن مميزة أما الاستقبال فـ موظفو قاموا بعملهم بشكل روتيني,الإفطار، الاستقبال,"[0, 0]","['الإفطار', 'الاستقبال']"
Hotels,0.0,قرأت تقييمات كثيرة وقررت التجربة، الغرفة كانت عادية وتفي بالغرض أما الموقع فـ موقع المكان عادي ويمكن الوصول إليه بسهولة,الغرفة، الموقع,"[0, 0]","['الغرفة', 'الموقع']"
Attractions,0.0,بصراحة، أسعار الدخول طبيعية مقارنة بالفعاليات وبالنسبة للتنظيم فالإدارة و بمستوى مقبول، كما أن الفعاليات مقبولة وتمضية وقت ليس إلا. مساحة المكان وتصميمه مقبول ولا بأس به,التذاكر، التنظيم، الفعاليات، المكان,"[0, 0, 0, 0]","['التذاكر', 'التنظيم', 'الفعاليات', 'المكان']"
Attractions,0.0,الفعاليات كانت تقليدية ومكررة في حين أن التذاكر قيمتها ممتازة وتشمل خيارات كثيرة بالإضافة إلى ذلك، التنظيم سيء جداً وهناك عشوائية في المكان,الفعاليات، التذاكر، التنظيم,"[0, 1, -1]","['الفعاليات', 'التذاكر', 'التنظيم']"
Hotels,0.0,بصراحة، أعجبتني الغرفة بنظافتها الفائقة وتصميمها الرائع أما الاستقبال فـ كان مقبولا بشكل عام. وموقع الفندق سيء ويصعب الوصول إليه,الغرفة، الاستقبال، الموقع,"[1, 0, -1]","['الغرفة', 'الاستقبال', 'الموقع']"
Attractions,0.0,خلال عطلة نهاية الأسبوع ذهبنا إلى هناك، التذاكر ليست رخيصة ولا غالية بل في المعقول أما الفعاليات فالأنشطة الموجودة لا بأس بها للأطفال في حين أن بشكل عام المكان طبيعي كأي حديقة أخرى، كما أن فوضى عارمة وسوء تنظيم واضح,التذاكر، الفعاليات، المكان، التنظيم,"[0, 0, 0, -1]","['التذاكر', 'الفعاليات', 'المكان', 'التنظيم']"
Restaurants,1.0,قمت بتجربة هذا المكان وملاحظاتي هي: بالنسبة للأكل فهو بمستوى طبيعي. مستوى النظافة عادي ولا بأس به، كما أن الأسعار ممتازة ورخيصة مقارنة بالكمية,الأكل، النظافة، الأسعار,"[0, 0, 1]","['الأكل', 'النظافة', 'الأسعار']"
Hotels,0.0,التجربة بشكل عام كانت متفاوتة، موظفو الاستقبال قاموا بعملهم بشكل روتيني. الموقع لا يتميز بشيء خاص ولكنه مناسب. والإفطار كان لذيذاً ومتنوعاً جداً في حين أن بالنسبة للغرفة فهي بمستوى طبيعي ولا بأس بها,الاستقبال، الموقع، الإفطار، الغرفة,"[0, 0, 1, 0]","['الاستقبال', 'الموقع', 'الإفطار', 'الغرفة']"
Hotels,1.0,في زيارتي الأخيرة، طاقم الاستقبال كان عادياً في التعامل، كما أن الموقع استراتيجي وقريب من كل الفعاليات في حين أن الغرفة واسعة ومريحة بشكل استثنائي,الاستقبال، الموقع، الغرفة,"[0, 1, 1]","['الاستقبال', 'الموقع', 'الغرفة']"
Restaurants,1.0,في زيارتي الأخيرة، قيمة رائعة مقابل المال والأسعار جداً معقولة، كما أن مستوى الخدمة لا بأس به. ومستوى النظافة عادي ولا بأس به,الأسعار، الخدمة، النظافة,"[1, 0, 0]","['الأسعار', 'الخدمة', 'النظافة']"
Hotels,1.0,بوفيه الإفطار مذهل ويحتوي على خيارات رائعة. وطاقم الاستقبال كان عادياً في التعامل، كما أن الغرفة واسعة ومريحة بشكل استثنائي في حين أن الموقع لا يتميز بشيء خاص ولكنه مناسب,الإفطار، الاستقبال، الغرفة، الموقع,"[1, 0, 1, 0]","['الإفطار', 'الاستقبال', 'الغرفة', 'الموقع']"
Restaurants,-1.0,التجربة بشكل عام كانت متفاوتة، النظافة معدومة في هذا المطعم، كما أن السعر كان عاديا وليس مبالغا فيه أما الخدمة فـ في المطعم كانت روتينية,النظافة، الأسعار، الخدمة,"[-1, 0, 0]","['النظافة', 'الأسعار', 'الخدمة']"
Restaurants,0.0,بصراحة، الأسعار كانت متوسطة ومناسبة لجودة المكان أما النظافة فـ نظافة المكان بشكل عام كانت مقبولة. تعامل الويترز كان عادياً وبالنسبة للأكل فـ مقبول لكنني تذوقت أفضل منه,الأسعار، النظافة، الخدمة، الأكل,"[0, 0, 0, 0]","['الأسعار', 'النظافة', 'الخدمة', 'الأكل']"
Restaurants,-1.0,أسوأ خدمة جربتها في حياتي، كما أن السعر كان عاديا وليس مبالغا فيه في حين أن طعم الأكل كان عادياً ولا يوجد فيه نكهة مميزة,الخدمة، الأسعار، الأكل,"[-1, 0, 0]","['الخدمة', 'الأسعار', 'الأكل']"
Hotels,0.0,خلال عطلة نهاية الأسبوع ذهبنا إلى هناك، مساحة الغرفة كانت متوسطة كما توقعنا. والموقع بعيد جداً ومقطوع عن الخدمات. وبالنسبة للإفطار فهو جيد نسبيا كأي فندق آخر. وطاقم الاستقبال كان عادياً في التعامل,الغرفة، الموقع، الإفطار، الاستقبال,"[0, -1, 0, 0]","['الغرفة', 'الموقع', 'الإفطار', 'الاستقبال']"
Attractions,0.0,في زيارتي الأخيرة، أسعار الدخول طبيعية مقارنة بالفعاليات وبالنسبة للتنظيم فـ سيء جداً وهناك عشوائية في المكان، كما أن المكان يعتبر جيد لقضاء بعض الوقت. والفعاليات كانت تقليدية ومكررة,التذاكر، التنظيم، المكان، الفعاليات,"[0, -1, 0, 0]","['التذاكر', 'التنظيم', 'المكان', 'الفعاليات']"
Attractions,-1.0,التجربة بشكل عام كانت متفاوتة، ترتيب الدخول كان يسير بشكل طبيعي. والمكان كئيب وممل جداً في حين أن الفعاليات كانت تقليدية ومكررة,التنظيم، المكان، الفعاليات,"[0, -1, 0]","['التنظيم', 'المكان', 'الفعاليات']"
Restaurants,0.0,التجربة بشكل عام كانت متفاوتة، الأكل مقبول لكنني تذوقت أفضل منه بالإضافة إلى ذلك، نظافة المكان بشكل عام كانت مقبولة وبالنسبة للأسعار فـ بالنسبة للأسعار فهي مقبولة إلى حد ما وبالنسبة للخدمة فـ مستوى لا بأس به,الأكل، النظافة، الأسعار، الخدمة,"[0, 0, 0, 0]","['الأكل', 'النظافة', 'الأسعار', 'الخدمة']"
Attractions,0.0,في زيارتي الأخيرة، الفعاليات كانت تقليدية ومكررة. ترتيب الدخول كان يسير بشكل طبيعي أما المكان فـ مساحة وتصميمه مقبول ولا بأس به,الفعاليات، التنظيم، المكان,"[0, 0, 0]","['الفعاليات', 'التنظيم', 'المكان']"
Restaurants,0.0,بصراحة، المطعم نظيف لحد معقول في حين أن بالنسبة للأكل فهو بمستوى طبيعي,النظافة، الأكل,"[0, 0]","['النظافة', 'الأكل']"
Attractions,1.0,التجربة بشكل عام كانت متفاوتة، وجهة سياحية رائعة وتستحق الزيارة تكراراً. أسعار التذاكر رخيصة جداً ومناسبة للجميع، كما أن الأنشطة والفعاليات ممتعة جداً ومليئة بالحماس,المكان، التذاكر، الفعاليات,"[1, 1, 1]","['المكان', 'التذاكر', 'الفعاليات']"
Restaurants,0.0,قمت بتجربة هذا المكان وملاحظاتي هي: نظافة المكان بشكل عام كانت مقبولة في حين أن أسعار المنيو تعتبر طبيعية مقارنة بالمطاعم الأخرى أما الأكل فـ مقبول لكنني تذوقت أفضل منه,النظافة، الأسعار، الأكل,"[0, 0, 0]","['النظافة', 'الأسعار', 'الأكل']"
Attractions,1.0,بصراحة، التذاكر قيمتها ممتازة وتشمل خيارات كثيرة. والوجهة كانت عادية ولم تبهرني كثيراً,التذاكر، المكان,"[1, 0]","['التذاكر', 'المكان']"
Attractions,0.0,التجربة بشكل عام كانت متفاوتة، المكان يعتبر جيد لقضاء بعض الوقت بالإضافة إلى ذلك، الفعاليات كانت تقليدية ومكررة، كما أن أسعار الدخول طبيعية مقارنة بالفعاليات وبالنسبة للتنظيم فـ داخل المرفق كان عاديا,المكان، الفعاليات، التذاكر، التنظيم,"[0, 0, 0, 0]","['المكان', 'الفعاليات', 'التذاكر', 'التنظيم']"
Restaurants,0.0,قمت بتجربة هذا المكان وملاحظاتي هي: الطاولات كانت نظيفة بشكل معتاد أما الأسعار فـ ممتازة ورخيصة مقارنة بالكمية في حين أن طعم الأكل كان عادياً ولا يوجد فيه نكهة مميزة وبالنسبة للخدمة فـ أسوأ خدمة جربتها في حياتي,النظافة، الأسعار، الأكل، الخدمة,"[0, 1, 0, -1]","['النظافة', 'الأسعار', 'الأكل', 'الخدمة']"
Hotels,0.0,في زيارتي الأخيرة، بالنسبة للغرفة فهي بمستوى طبيعي ولا بأس بها بالإضافة إلى ذلك، الإفطار كان لذيذاً ومتنوعاً جداً أما الاستقبال فـ موظفو قاموا بعملهم بشكل روتيني وبالنسبة للموقع فـ مقبول ولا بأس به مقارنة بالسعر,الغرفة، الإفطار، الاستقبال، الموقع,"[0, 1, 0, 0]","['الغرفة', 'الإفطار', 'الاستقبال', 'الموقع']"
Hotels,0.0,بصراحة، الإفطار سيء جداً والخيارات محدودة، كما أن موظفو الاستقبال في قمة الرقي والتعاون,الإفطار، الاستقبال,"[-1, 1]","['الإفطار', 'الاستقبال']"
Attractions,0.0,قرأت تقييمات كثيرة وقررت التجربة، بشكل عام المكان طبيعي كأي حديقة أخرى، كما أن الإدارة والتنظيم بمستوى مقبول في حين أن العروض المقدمة كانت في المستوى الطبيعي وبالنسبة للتذاكر فـ أسعار رخيصة جداً ومناسبة للجميع,المكان، التنظيم، الفعاليات، التذاكر,"[0, 0, 0, 1]","['المكان', 'التنظيم', 'الفعاليات', 'التذاكر']"
Hotels,0.0,الإفطار كان مقبولاً لكنه يفتقر للتنوع. وأثاث الغرفة يبدو عادياً ليس حديثاً ولا قديماً جداً. الموقع مقبول ولا بأس به مقارنة بالسعر,الإفطار، الغرفة، الموقع,"[0, 0, 0]","['الإفطار', 'الغرفة', 'الموقع']"
Hotels,-1.0,بصراحة، طاقم الاستقبال كان عادياً في التعامل أما الموقع فـ بعيد جداً ومقطوع عن الخدمات,الاستقبال، الموقع,"[0, -1]","['الاستقبال', 'الموقع']"
Hotels,1.0,خلال عطلة نهاية الأسبوع ذهبنا إلى هناك، الإفطار كان مقبولاً لكنه يفتقر للتنوع، كما أن ترحيب حار جداً من طاقم الاستقبال,الإفطار، الاستقبال,"[0, 1]","['الإفطار', 'الاستقبال']"
Hotels,0.0,بصراحة، بوفيه الإفطار كان تقليدياً ويقدم أصنافاً معتادة. وموقع الفندق يعتبر متوسطا من حيث القرب للخدمات بالإضافة إلى ذلك، إجراءات الدخول في الاستقبال كانت طبيعية ولم تستغرق وقتا طويلا أو قصيرا. ومساحة الغرفة كانت متوسطة كما توقعنا,الإفطار، الموقع، الاستقبال، الغرفة,"[0, 0, 0, 0]","['الإفطار', 'الموقع', 'الاستقبال', 'الغرفة']"
Hotels,1.0,خلال عطلة نهاية الأسبوع ذهبنا إلى هناك، الإفطار كان مقبولاً لكنه يفتقر للتنوع في حين أن الموقع استراتيجي وقريب من كل الفعاليات,الإفطار، الموقع,"[0, 1]","['الإفطار', 'الموقع']"
Restaurants,0.0,قرأت تقييمات كثيرة وقررت التجربة، السعر كان عاديا وليس مبالغا فيه في حين أن تعامل الويترز كان عادياً وبالنسبة للأكل فـ مقبول لكنني تذوقت أفضل منه,الأسعار، الخدمة، الأكل,"[0, 0, 0]","['الأسعار', 'الخدمة', 'الأكل']"
Hotels,0.0,خلال عطلة نهاية الأسبوع ذهبنا إلى هناك، مساحة الغرفة كانت متوسطة كما توقعنا وبالنسبة للموقع فـ بعيد جداً ومقطوع عن الخدمات. وترحيب حار جداً من طاقم الاستقبال,الغرفة، الموقع، الاستقبال,"[0, -1, 1]","['الغرفة', 'الموقع', 'الاستقبال']"
Attractions,0.0,في زيارتي الأخيرة، سعر التذاكر كان متوسطا ومقبولا بالإضافة إلى ذلك، مساحة المكان وتصميمه مقبول ولا بأس به,التذاكر، المكان,"[0, 0]","['التذاكر', 'المكان']"
Attractions,-1.0,التجربة بشكل عام كانت متفاوتة، العروض المقدمة كانت في المستوى الطبيعي. أسعار التذاكر غالية جداً ومبالغ فيها,الفعاليات، التذاكر,"[0, -1]","['الفعاليات', 'التذاكر']"
Hotels,1.0,قرأت تقييمات كثيرة وقررت التجربة، الموقع لا يتميز بشيء خاص ولكنه مناسب، كما أن الغرفة كانت عادية وتفي بالغرض بالإضافة إلى ذلك، بوفيه الإفطار مذهل ويحتوي على خيارات رائعة,الموقع، الغرفة، الإفطار,"[0, 0, 1]","['الموقع', 'الغرفة', 'الإفطار']"
Attractions,0.0,خلال عطلة نهاية الأسبوع ذهبنا إلى هناك، أسعار الدخول طبيعية مقارنة بالفعاليات، كما أن لا بأس بالتنظيم بشكل عام بالإضافة إلى ذلك، الفعاليات مقبولة وتمضية وقت ليس إلا. الوجهة كانت عادية ولم تبهرني كثيراً,التذاكر، التنظيم، الفعاليات، المكان,"[0, 0, 0, 0]","['التذاكر', 'التنظيم', 'الفعاليات', 'المكان']"
Hotels,-1.0,بصراحة، جودة الطعام في الإفطار كانت ضعيفة جداً في حين أن للأسف الغرفة كانت سيئة وغير نظيفة على الإطلاق في حين أن موقع الفندق سيء ويصعب الوصول إليه. وواجهنا بطء شديد ومماطلة من موظفي الاستقبال,الإفطار، الغرفة، الموقع، الاستقبال,"[-1, -1, -1, -1]","['الإفطار', 'الغرفة', 'الموقع', 'الاستقبال']"
Restaurants,0.0,بصراحة، مستوى النظافة عادي ولا بأس به في حين أن الأسعار ممتازة ورخيصة مقارنة بالكمية، كما أن طعم الأكل كان عادياً ولا يوجد فيه نكهة مميزة في حين أن سرعة الخدمة كانت في المعدل الطبيعي والمقبول,النظافة، الأسعار، الأكل، الخدمة,"[0, 1, 0, 0]","['النظافة', 'الأسعار', 'الأكل', 'الخدمة']"
Restaurants,0.0,في زيارتي الأخيرة، المطعم نظيف لحد معقول، كما أن طعم الأكل كان عادياً ولا يوجد فيه نكهة مميزة وبالنسبة للخدمة فـ سرعة كانت في المعدل الطبيعي والمقبول أما الأسعار فـ بالنسبة للأسعار فهي مقبولة إلى حد ما,النظافة، الأكل، الخدمة، الأسعار,"[0, 0, 0, 0]","['النظافة', 'الأكل', 'الخدمة', 'الأسعار']"
Restaurants,0.0,في زيارتي الأخيرة، السعر كان عاديا وليس مبالغا فيه بالإضافة إلى ذلك، أسوأ خدمة جربتها في حياتي أما النظافة فـ نظافة المطعم ممتازة جداً,الأسعار، الخدمة، النظافة,"[0, -1, 1]","['الأسعار', 'الخدمة', 'النظافة']"
Attractions,0.0,خلال عطلة نهاية الأسبوع ذهبنا إلى هناك، التنظيم سيء جداً وهناك عشوائية في المكان بالإضافة إلى ذلك، التذاكر ليست رخيصة ولا غالية بل في المعقول بالإضافة إلى ذلك، الأنشطة الموجودة لا بأس بها للأطفال وبالنسبة للمكان فالوجهة كانت عادية ولم تبهرني كثيراً,التنظيم، التذاكر، الفعاليات، المكان,"[-1, 0, 0, 0]","['التنظيم', 'التذاكر', 'الفعاليات', 'المكان']"
Hotels,0.0,قرأت تقييمات كثيرة وقررت التجربة، الموقع لا يتميز بشيء خاص ولكنه مناسب بالإضافة إلى ذلك، طاقم الاستقبال كان عادياً في التعامل. ومساحة الغرفة كانت متوسطة كما توقعنا أما الإفطار فـ بالنسبة للإفطار فهو جيد نسبيا كأي فندق آخر,الموقع، الاستقبال، الغرفة، الإفطار,"[0, 0, 0, 0]","['الموقع', 'الاستقبال', 'الغرفة', 'الإفطار']"
Attractions,0.0,قرأت تقييمات كثيرة وقررت التجربة، قيمة التذكرة عادية. وفوضى عارمة وسوء تنظيم واضح في حين أن الفعاليات كانت تقليدية ومكررة. الوجهة كانت عادية ولم تبهرني كثيراً,التذاكر، التنظيم، الفعاليات، المكان,"[0, -1, 0, 0]","['التذاكر', 'التنظيم', 'الفعاليات', 'المكان']"
Attractions,0.0,قرأت تقييمات كثيرة وقررت التجربة، بشكل عام المكان طبيعي كأي حديقة أخرى في حين أن أسعار التذاكر غالية جداً ومبالغ فيها بالإضافة إلى ذلك، ترتيب الدخول كان يسير بشكل طبيعي. والفعاليات كانت تقليدية ومكررة,المكان، التذاكر، التنظيم، الفعاليات,"[0, -1, 0, 0]","['المكان', 'التذاكر', 'التنظيم', 'الفعاليات']"
Attractions,0.0,بصراحة، الإدارة والتنظيم بمستوى مقبول. وقيمة التذكرة عادية,التنظيم، التذاكر,"[0, 0]","['التنظيم', 'التذاكر']"
Hotels,0.0,خلال عطلة نهاية الأسبوع ذهبنا إلى هناك، الغرفة واسعة ومريحة بشكل استثنائي وبالنسبة للإفطار فـ كان مقبولاً لكنه يفتقر للتنوع بالإضافة إلى ذلك، موقع الفندق يعتبر متوسطا من حيث القرب للخدمات في حين أن طاقم الاستقبال كان عادياً في التعامل,الغرفة، الإفطار، الموقع، الاستقبال,"[1, 0, 0, 0]","['الغرفة', 'الإفطار', 'الموقع', 'الاستقبال']"
Attractions,-1.0,التجربة بشكل عام كانت متفاوتة، قيمة التذكرة عادية، كما أن التنظيم سيء جداً وهناك عشوائية في المكان,التذاكر، التنظيم,"[0, -1]","['التذاكر', 'التنظيم']"
Hotels,0.0,بصراحة، الغرفة كانت عادية وتفي بالغرض. إجراءات الدخول في الاستقبال كانت طبيعية ولم تستغرق وقتا طويلا أو قصيرا,الغرفة، الاستقبال,"[0, 0]","['الغرفة', 'الاستقبال']"
Restaurants,0.0,في زيارتي الأخيرة، نظافة المكان بشكل عام كانت مقبولة وبالنسبة للأسعار فالسعر كان عاديا وليس مبالغا فيه، كما أن تعامل الويترز كان عادياً,النظافة، الأسعار، الخدمة,"[0, 0, 0]","['النظافة', 'الأسعار', 'الخدمة']"
Hotels,-1.0,التجربة بشكل عام كانت متفاوتة، تعامل الاستقبال كان جافاً وغير احترافي. وجودة الطعام في الإفطار كانت ضعيفة جداً,الاستقبال، الإفطار,"[-1, -1]","['الاستقبال', 'الإفطار']"
Attractions,-1.0,التذكرة لا تستحق هذا السعر المرتفع إطلاقاً، كما أن المكان يعتبر جيد لقضاء بعض الوقت في حين أن الإدارة والتنظيم بمستوى مقبول,التذاكر، المكان، التنظيم,"[-1, 0, 0]","['التذاكر', 'المكان', 'التنظيم']"
Attractions,0.0,المكان يعتبر جيد لقضاء بعض الوقت بالإضافة إلى ذلك، التذاكر ليست رخيصة ولا غالية بل في المعقول وبالنسبة للفعاليات فالعروض المقدمة كانت في المستوى الطبيعي,المكان، التذاكر، الفعاليات,"[0, 0, 0]","['المكان', 'التذاكر', 'الفعاليات']"
Attractions,-1.0,التجربة بشكل عام كانت متفاوتة، التنظيم داخل المرفق كان عاديا في حين أن أسعار التذاكر غالية جداً ومبالغ فيها. والفعاليات كانت تقليدية ومكررة,التنظيم، التذاكر، الفعاليات,"[0, -1, 0]","['التنظيم', 'التذاكر', 'الفعاليات']"
Hotels,0.0,قرأت تقييمات كثيرة وقررت التجربة، بوفيه الإفطار كان تقليدياً ويقدم أصنافاً معتادة بالإضافة إلى ذلك، إجراءات الدخول في الاستقبال كانت طبيعية ولم تستغرق وقتا طويلا أو قصيرا وبالنسبة للموقع فـ بعيد جداً ومقطوع عن الخدمات في حين أن أثاث الغرفة يبدو عادياً ليس حديثاً ولا قديماً جداً,الإفطار، الاستقبال، الموقع، الغرفة,"[0, 0, -1, 0]","['الإفطار', 'الاستقبال', 'الموقع', 'الغرفة']"
Restaurants,0.0,الخدمة بطيئة للغاية والعمال غير مهتمين. وبالنسبة للأسعار فهي مقبولة إلى حد ما، كما أن المطعم نظيف لحد معقول وبالنسبة للأكل فـ بالنسبة للأكل فهو بمستوى طبيعي,الخدمة، الأسعار، النظافة، الأكل,"[-1, 0, 0, 0]","['الخدمة', 'الأسعار', 'النظافة', 'الأكل']"
Restaurants,0.0,التجربة بشكل عام كانت متفاوتة، الخدمة في المطعم كانت روتينية أما الأكل فـ طعم كان عادياً ولا يوجد فيه نكهة مميزة,الخدمة، الأكل,"[0, 0]","['الخدمة', 'الأكل']"
Attractions,0.0,قرأت تقييمات كثيرة وقررت التجربة، سعر التذاكر كان متوسطا ومقبولا. لا أنصح بزيارة المكان فهو سيء للغاية في حين أن الإدارة والتنظيم بمستوى مقبول. الأنشطة والفعاليات ممتعة جداً ومليئة بالحماس,التذاكر، المكان، التنظيم، الفعاليات,"[0, -1, 0, 1]","['التذاكر', 'المكان', 'التنظيم', 'الفعاليات']"
Attractions,0.0,قمت بتجربة هذا المكان وملاحظاتي هي: التنظيم داخل المرفق كان عاديا. والعروض المقدمة كانت في المستوى الطبيعي,التنظيم، الفعاليات,"[0, 0]","['التنظيم', 'الفعاليات']"
Attractions,0.0,بصراحة، المكان يعتبر جيد لقضاء بعض الوقت في حين أن الأنشطة الموجودة لا بأس بها للأطفال,المكان، الفعاليات,"[0, 0]","['المكان', 'الفعاليات']"
Hotels,0.0,الموقع لا يتميز بشيء خاص ولكنه مناسب، كما أن الغرفة ضيقة جداً ومكتومة وبالنسبة للإفطار فـ كان لذيذاً ومتنوعاً جداً,الموقع، الغرفة، الإفطار,"[0, -1, 1]","['الموقع', 'الغرفة', 'الإفطار']"
Attractions,-1.0,خلال عطلة نهاية الأسبوع ذهبنا إلى هناك، التذاكر ليست رخيصة ولا غالية بل في المعقول، كما أن بشكل عام المكان طبيعي كأي حديقة أخرى أما التنظيم فـ سيء جداً وهناك عشوائية في المكان,التذاكر، المكان، التنظيم,"[0, 0, -1]","['التذاكر', 'المكان', 'التنظيم']"
Hotels,0.0,في زيارتي الأخيرة، الموقع مقبول ولا بأس به مقارنة بالسعر. أثاث الغرفة يبدو عادياً ليس حديثاً ولا قديماً جداً وبالنسبة للإفطار فـ وجبة كانت عادية ولم تكن مميزة,الموقع، الغرفة، الإفطار,"[0, 0, 0]","['الموقع', 'الغرفة', 'الإفطار']"
Hotels,0.0,بصراحة، مساحة الغرفة كانت متوسطة كما توقعنا أما الإفطار فـ كان مقبولاً لكنه يفتقر للتنوع,الغرفة، الإفطار,"[0, 0]","['الغرفة', 'الإفطار']"
Attractions,-1.0,في زيارتي الأخيرة، التنظيم سيء جداً وهناك عشوائية في المكان في حين أن أسعار الدخول طبيعية مقارنة بالفعاليات بالإضافة إلى ذلك، الفعاليات مملة جداً ولا يوجد تجديد وبالنسبة للمكان فـ كئيب وممل جداً,التنظيم، التذاكر، الفعاليات، المكان,"[-1, 0, -1, -1]","['التنظيم', 'التذاكر', 'الفعاليات', 'المكان']"
Restaurants,0.0,التجربة بشكل عام كانت متفاوتة، لم يعجبني الأكل إطلاقاً وكان دون المستوى بالإضافة إلى ذلك، النظافة معدومة في هذا المطعم في حين أن قيمة رائعة مقابل المال والأسعار جداً معقولة في حين أن الخدمة سريعة جداً وطاقم العمل ودود,الأكل، النظافة، الأسعار، الخدمة,"[-1, -1, 1, 1]","['الأكل', 'النظافة', 'الأسعار', 'الخدمة']"
Hotels,1.0,التجربة بشكل عام كانت متفاوتة، بالنسبة للإفطار فهو جيد نسبيا كأي فندق آخر أما الموقع فـ موقع الفندق ممتاز جداً وإطلالته خرافية,الإفطار، الموقع,"[0, 1]","['الإفطار', 'الموقع']"
Attractions,1.0,قمت بتجربة هذا المكان وملاحظاتي هي: العروض المقدمة كانت في المستوى الطبيعي في حين أن التذاكر قيمتها ممتازة وتشمل خيارات كثيرة، كما أن مساحة المكان وتصميمه مقبول ولا بأس به,الفعاليات، التذاكر، المكان,"[0, 1, 0]","['الفعاليات', 'التذاكر', 'المكان']"
Restaurants,0.0,قرأت تقييمات كثيرة وقررت التجربة، الخدمة في المطعم كانت روتينية أما النظافة فـ نظافة المكان بشكل عام كانت مقبولة وبالنسبة للأكل فـ طعم كان عادياً ولا يوجد فيه نكهة مميزة. وقيمة رائعة مقابل المال والأسعار جداً معقولة,الخدمة، النظافة، الأكل، الأسعار,"[0, 0, 0, 1]","['الخدمة', 'النظافة', 'الأكل', 'الأسعار']"
Restaurants,-1.0,التجربة بشكل عام كانت متفاوتة، النظافة معدومة في هذا المطعم بالإضافة إلى ذلك، الخدمة في المطعم كانت روتينية,النظافة، الخدمة,"[-1, 0]","['النظافة', 'الخدمة']"
Restaurants,0.0,بصراحة، الأسعار مبالغ فيها وغالية جداً. وكل الأطباق كانت مطبوخة باحترافية وطعمها خيال,الأسعار، الأكل,"[-1, 1]","['الأسعار', 'الأكل']"
Attractions,-1.0,قرأت تقييمات كثيرة وقررت التجربة، فوضى عارمة وسوء تنظيم واضح في حين أن بشكل عام المكان طبيعي كأي حديقة أخرى. قيمة التذكرة عادية,التنظيم، المكان، التذاكر,"[-1, 0, 0]","['التنظيم', 'المكان', 'التذاكر']"
Restaurants,0.0,الخدمة في المطعم كانت روتينية. أسعار المنيو تعتبر طبيعية مقارنة بالمطاعم الأخرى، كما أن الطاولات كانت نظيفة بشكل معتاد، كما أن الأكل كان لذيذاً جداً وأنصح به بشدة,الخدمة، الأسعار، النظافة، الأكل,"[0, 0, 0, 1]","['الخدمة', 'الأسعار', 'النظافة', 'الأكل']"
Attractions,0.0,خلال عطلة نهاية الأسبوع ذهبنا إلى هناك، قيمة التذكرة عادية في حين أن الفعاليات كانت تقليدية ومكررة أما التنظيم فالإدارة و بمستوى مقبول. ولا أنصح بزيارة المكان فهو سيء للغاية,التذاكر، الفعاليات، التنظيم، المكان,"[0, 0, 0, -1]","['التذاكر', 'الفعاليات', 'التنظيم', 'المكان']"
Attractions,1.0,خلال عطلة نهاية الأسبوع ذهبنا إلى هناك، مساحة المكان وتصميمه مقبول ولا بأس به. التنظيم رائع جداً وسلس للغاية,المكان، التنظيم,"[0, 1]","['المكان', 'التنظيم']"
Restaurants,0.0,في زيارتي الأخيرة، مستوى النظافة عادي ولا بأس به، كما أن بالنسبة للأكل فهو بمستوى طبيعي. بالنسبة للأسعار فهي مقبولة إلى حد ما، كما أن تعامل الويترز كان عادياً,النظافة، الأكل، الأسعار، الخدمة,"[0, 0, 0, 0]","['النظافة', 'الأكل', 'الأسعار', 'الخدمة']"
Restaurants,0.0,قمت بتجربة هذا المكان وملاحظاتي هي: بالنسبة للأكل فهو بمستوى طبيعي أما الخدمة فـ سرعة كانت في المعدل الطبيعي والمقبول أما الأسعار فـ كانت متوسطة ومناسبة لجودة المكان في حين أن الطاولات كانت نظيفة بشكل معتاد,الأكل، الخدمة، الأسعار، النظافة,"[0, 0, 0, 0]","['الأكل', 'الخدمة', 'الأسعار', 'النظافة']"
Restaurants,0.0,بصراحة، سرعة الخدمة كانت في المعدل الطبيعي والمقبول، كما أن مستوى النظافة عادي ولا بأس به,الخدمة، النظافة,"[0, 0]","['الخدمة', 'النظافة']"
Hotels,-1.0,خلال عطلة نهاية الأسبوع ذهبنا إلى هناك، جودة الطعام في الإفطار كانت ضعيفة جداً. موقع الفندق سيء ويصعب الوصول إليه,الإفطار، الموقع,"[-1, -1]","['الإفطار', 'الموقع']"
Attractions,-1.0,بصراحة، مساحة المكان وتصميمه مقبول ولا بأس به. سعر التذاكر كان متوسطا ومقبولا وبالنسبة للتنظيم فـ فوضى عارمة وسوء تنظيم واضح,المكان، التذاكر، التنظيم,"[0, 0, -1]","['المكان', 'التذاكر', 'التنظيم']"
Restaurants,1.0,قمت بتجربة هذا المكان وملاحظاتي هي: الطلبات كانت متوسطة المستوى ولا بأس بها، كما أن الأسعار ممتازة ورخيصة مقارنة بالكمية,الأكل، الأسعار,"[0, 1]","['الأكل', 'الأسعار']"
Attractions,-1.0,التجربة بشكل عام كانت متفاوتة، الوجهة كانت عادية ولم تبهرني كثيراً بالإضافة إلى ذلك، العروض المقدمة كانت في المستوى الطبيعي. فوضى عارمة وسوء تنظيم واضح,المكان، الفعاليات، التنظيم,"[0, 0, -1]","['المكان', 'الفعاليات', 'التنظيم']"
Restaurants,0.0,التجربة بشكل عام كانت متفاوتة، المطعم نظيف لحد معقول، كما أن السعر كان عاديا وليس مبالغا فيه أما الخدمة فـ في المطعم كانت روتينية,النظافة، الأسعار، الخدمة,"[0, 0, 0]","['النظافة', 'الأسعار', 'الخدمة']"
Attractions,0.0,التجربة بشكل عام كانت متفاوتة، المكان يعتبر جيد لقضاء بعض الوقت بالإضافة إلى ذلك، التذاكر ليست رخيصة ولا غالية بل في المعقول وبالنسبة للتنظيم فالإدارة و بمستوى مقبول,المكان، التذاكر، التنظيم,"[0, 0, 0]","['المكان', 'التذاكر', 'التنظيم']"
Hotels,0.0,بصراحة، الموقع مقبول ولا بأس به مقارنة بالسعر وبالنسبة للإفطار فـ بالنسبة للإفطار فهو جيد نسبيا كأي فندق آخر. والغرفة ضيقة جداً ومكتومة وبالنسبة للاستقبال فـ إجراءات الدخول في كانت طبيعية ولم تستغرق وقتا طويلا أو قصيرا,الموقع، الإفطار، الغرفة، الاستقبال,"[0, 0, -1, 0]","['الموقع', 'الإفطار', 'الغرفة', 'الاستقبال']"
Attractions,0.0,قرأت تقييمات كثيرة وقررت التجربة، الإدارة والتنظيم بمستوى مقبول وبالنسبة للمكان فـ يعتبر جيد لقضاء بعض الوقت,التنظيم، المكان,"[0, 0]","['التنظيم', 'المكان']"
Restaurants,-1.0,بصراحة، الأسعار كانت متوسطة ومناسبة لجودة المكان بالإضافة إلى ذلك، الخدمة في المطعم كانت روتينية. والنظافة معدومة في هذا المطعم,الأسعار، الخدمة، النظافة,"[0, 0, -1]","['الأسعار', 'الخدمة', 'النظافة']"
Hotels,0.0,قرأت تقييمات كثيرة وقررت التجربة، بالنسبة للإفطار فهو جيد نسبيا كأي فندق آخر أما الاستقبال فـ موظفو قاموا بعملهم بشكل روتيني,الإفطار، الاستقبال,"[0, 0]","['الإفطار', 'الاستقبال']"
Restaurants,0.0,خلال عطلة نهاية الأسبوع ذهبنا إلى هناك، الأكل مقبول لكنني تذوقت أفضل منه أما الخدمة فـ مستوى لا بأس به. أسعار المنيو تعتبر طبيعية مقارنة بالمطاعم الأخرى، كما أن المطعم نظيف لحد معقول,الأكل، الخدمة، الأسعار، النظافة,"[0, 0, 0, 0]","['الأكل', 'الخدمة', 'الأسعار', 'النظافة']"
Hotels,0.0,قرأت تقييمات كثيرة وقررت التجربة، موقع الفندق يعتبر متوسطا من حيث القرب للخدمات. وطاقم الاستقبال كان عادياً في التعامل في حين أن الإفطار كان مقبولاً لكنه يفتقر للتنوع. بالنسبة للغرفة فهي بمستوى طبيعي ولا بأس بها,الموقع، الاستقبال، الإفطار، الغرفة,"[0, 0, 0, 0]","['الموقع', 'الاستقبال', 'الإفطار', 'الغرفة']"
Restaurants,0.0,السعر كان عاديا وليس مبالغا فيه. والأكل كان بارداً وطعمه سيء جداً وبالنسبة للنظافة فـ مستوى عادي ولا بأس به بالإضافة إلى ذلك، تعامل الويترز كان عادياً,الأسعار، الأكل، النظافة، الخدمة,"[0, -1, 0, 0]","['الأسعار', 'الأكل', 'النظافة', 'الخدمة']"
Attractions,0.0,التجربة بشكل عام كانت متفاوتة، قيمة التذكرة عادية وبالنسبة للتنظيم فـ ترتيب الدخول كان يسير بشكل طبيعي,التذاكر، التنظيم,"[0, 0]","['التذاكر', 'التنظيم']"
Hotels,1.0,قمت بتجربة هذا المكان وملاحظاتي هي: موقع الفندق يعتبر متوسطا من حيث القرب للخدمات. والإفطار كان مقبولاً لكنه يفتقر للتنوع. وترحيب حار جداً من طاقم الاستقبال,الموقع، الإفطار، الاستقبال,"[0, 0, 1]","['الموقع', 'الإفطار', 'الاستقبال']"
Restaurants,1.0,قرأت تقييمات كثيرة وقررت التجربة، الأكل كان لذيذاً جداً وأنصح به بشدة في حين أن بالنسبة للأسعار فهي مقبولة إلى حد ما,الأكل، الأسعار,"[1, 0]","['الأكل', 'الأسعار']"
Restaurants,0.0,قرأت تقييمات كثيرة وقررت التجربة، طعم الأكل كان عادياً ولا يوجد فيه نكهة مميزة. ومستوى الخدمة لا بأس به في حين أن قيمة رائعة مقابل المال والأسعار جداً معقولة بالإضافة إلى ذلك، الطاولات كانت نظيفة بشكل معتاد,الأكل، الخدمة، الأسعار، النظافة,"[0, 0, 1, 0]","['الأكل', 'الخدمة', 'الأسعار', 'النظافة']"
Restaurants,0.0,خلال عطلة نهاية الأسبوع ذهبنا إلى هناك، تعامل الويترز كان عادياً في حين أن الأسعار مبالغ فيها وغالية جداً، كما أن المطعم نظيف لحد معقول في حين أن كل الأطباق كانت مطبوخة باحترافية وطعمها خيال,الخدمة، الأسعار، النظافة، الأكل,"[0, -1, 0, 1]","['الخدمة', 'الأسعار', 'النظافة', 'الأكل']"
Hotels,0.0,خلال عطلة نهاية الأسبوع ذهبنا إلى هناك، الإفطار كان مقبولاً لكنه يفتقر للتنوع بالإضافة إلى ذلك، أثاث الغرفة يبدو عادياً ليس حديثاً ولا قديماً جداً,الإفطار، الغرفة,"[0, 0]","['الإفطار', 'الغرفة']"
Restaurants,1.0,بصراحة، قيمة رائعة مقابل المال والأسعار جداً معقولة وبالنسبة للخدمة فـ سريعة جداً وطاقم العمل ودود في حين أن الأكل كان لذيذاً جداً وأنصح به بشدة أما النظافة فالمطعم نظيف لحد معقول,الأسعار، الخدمة، الأكل، النظافة,"[1, 1, 1, 0]","['الأسعار', 'الخدمة', 'الأكل', 'النظافة']"
Attractions,0.0,قمت بتجربة هذا المكان وملاحظاتي هي: سعر التذاكر كان متوسطا ومقبولا، كما أن العروض المقدمة كانت في المستوى الطبيعي في حين أن التنظيم داخل المرفق كان عاديا في حين أن المكان يعتبر جيد لقضاء بعض الوقت,التذاكر، الفعاليات، التنظيم، المكان,"[0, 0, 0, 0]","['التذاكر', 'الفعاليات', 'التنظيم', 'المكان']"
Attractions,0.0,بصراحة، الإدارة والتنظيم بمستوى مقبول وبالنسبة للمكان فـ بشكل عام طبيعي كأي حديقة أخرى. لا توجد فعاليات تذكر والأنشطة سيئة. وأسعار التذاكر رخيصة جداً ومناسبة للجميع,التنظيم، المكان، الفعاليات، التذاكر,"[0, 0, -1, 1]","['التنظيم', 'المكان', 'الفعاليات', 'التذاكر']"
Hotels,-1.0,طاقم الاستقبال كان عادياً في التعامل في حين أن الموقع مقبول ولا بأس به مقارنة بالسعر وبالنسبة للإفطار فـ جودة الطعام في كانت ضعيفة جداً,الاستقبال، الموقع، الإفطار,"[0, 0, -1]","['الاستقبال', 'الموقع', 'الإفطار']"
Hotels,-1.0,التجربة بشكل عام كانت متفاوتة، الغرفة كانت عادية وتفي بالغرض. تعامل الاستقبال كان جافاً وغير احترافي أما الإفطار فـ سيء جداً والخيارات محدودة,الغرفة، الاستقبال، الإفطار,"[0, -1, -1]","['الغرفة', 'الاستقبال', 'الإفطار']"
Attractions,1.0,قمت بتجربة هذا المكان وملاحظاتي هي: الأنشطة والفعاليات ممتعة جداً ومليئة بالحماس، كما أن الوجهة كانت عادية ولم تبهرني كثيراً,الفعاليات، المكان,"[1, 0]","['الفعاليات', 'المكان']"
Hotels,1.0,موقع الفندق ممتاز جداً وإطلالته خرافية وبالنسبة للاستقبال فـ موظفو في قمة الرقي والتعاون، كما أن مساحة الغرفة كانت متوسطة كما توقعنا,الموقع، الاستقبال، الغرفة,"[1, 1, 0]","['الموقع', 'الاستقبال', 'الغرفة']"
Restaurants,0.0,التجربة بشكل عام كانت متفاوتة، الطاولات كانت نظيفة بشكل معتاد أما الخدمة فـ مستوى لا بأس به. وطعم الأكل كان عادياً ولا يوجد فيه نكهة مميزة بالإضافة إلى ذلك، بالنسبة للأسعار فهي مقبولة إلى حد ما,النظافة، الخدمة، الأكل، الأسعار,"[0, 0, 0, 0]","['النظافة', 'الخدمة', 'الأكل', 'الأسعار']"
Restaurants,1.0,بصراحة، الخدمة سريعة جداً وطاقم العمل ودود وبالنسبة للنظافة فالمكان يلمع من والاهتمام بالتفاصيل. بالنسبة للأكل فهو بمستوى طبيعي. وقيمة رائعة مقابل المال والأسعار جداً معقولة,الخدمة، النظافة، الأكل، الأسعار,"[1, 1, 0, 1]","['الخدمة', 'النظافة', 'الأكل', 'الأسعار']"
Restaurants,0.0,بصراحة، الطاولات كانت نظيفة بشكل معتاد في حين أن الخدمة في المطعم كانت روتينية أما الأسعار فـ كانت متوسطة ومناسبة لجودة المكان وبالنسبة للأكل فـ طعم كان عادياً ولا يوجد فيه نكهة مميزة,النظافة، الخدمة، الأسعار، الأكل,"[0, 0, 0, 0]","['النظافة', 'الخدمة', 'الأسعار', 'الأكل']"
Attractions,0.0,المكان يعتبر جيد لقضاء بعض الوقت. عروض رائعة ومتنوعة تناسب كل الأعمار. أسعار التذاكر غالية جداً ومبالغ فيها,المكان، الفعاليات، التذاكر,"[0, 1, -1]","['المكان', 'الفعاليات', 'التذاكر']"
Restaurants,0.0,في زيارتي الأخيرة، الأكل مقبول لكنني تذوقت أفضل منه. مستوى النظافة عادي ولا بأس به في حين أن الخدمة في المطعم كانت روتينية,الأكل، النظافة، الخدمة,"[0, 0, 0]","['الأكل', 'النظافة', 'الخدمة']"
Restaurants,1.0,قرأت تقييمات كثيرة وقررت التجربة، الأسعار ممتازة ورخيصة مقارنة بالكمية. الخدمة في المطعم كانت روتينية,الأسعار، الخدمة,"[1, 0]","['الأسعار', 'الخدمة']"
Attractions,1.0,خلال عطلة نهاية الأسبوع ذهبنا إلى هناك، الفعاليات كانت تقليدية ومكررة، كما أن التنظيم رائع جداً وسلس للغاية,الفعاليات، التنظيم,"[0, 1]","['الفعاليات', 'التنظيم']"
Hotels,0.0,في زيارتي الأخيرة، مساحة الغرفة كانت متوسطة كما توقعنا. وبوفيه الإفطار كان تقليدياً ويقدم أصنافاً معتادة، كما أن الموقع مقبول ولا بأس به مقارنة بالسعر,الغرفة، الإفطار، الموقع,"[0, 0, 0]","['الغرفة', 'الإفطار', 'الموقع']"
Restaurants,1.0,قمت بتجربة هذا المكان وملاحظاتي هي: قيمة رائعة مقابل المال والأسعار جداً معقولة بالإضافة إلى ذلك، الطلبات كانت متوسطة المستوى ولا بأس بها,الأسعار، الأكل,"[1, 0]","['الأسعار', 'الأكل']"
Restaurants,0.0,قمت بتجربة هذا المكان وملاحظاتي هي: المطعم نظيف لحد معقول وبالنسبة للأسعار فالسعر كان عاديا وليس مبالغا فيه,النظافة، الأسعار,"[0, 0]","['النظافة', 'الأسعار']"
Hotels,0.0,في زيارتي الأخيرة، الاستقبال كان مقبولا بشكل عام. والموقع مقبول ولا بأس به مقارنة بالسعر. بوفيه الإفطار كان تقليدياً ويقدم أصنافاً معتادة,الاستقبال، الموقع، الإفطار,"[0, 0, 0]","['الاستقبال', 'الموقع', 'الإفطار']"
Restaurants,0.0,قرأت تقييمات كثيرة وقررت التجربة، بالنسبة للأكل فهو بمستوى طبيعي وبالنسبة للنظافة فالمطعم نظيف لحد معقول,الأكل، النظافة,"[0, 0]","['الأكل', 'النظافة']"
Attractions,0.0,قرأت تقييمات كثيرة وقررت التجربة، الفعاليات كانت تقليدية ومكررة بالإضافة إلى ذلك، التنظيم داخل المرفق كان عاديا,الفعاليات، التنظيم,"[0, 0]","['الفعاليات', 'التنظيم']"
Attractions,0.0,في زيارتي الأخيرة، العروض المقدمة كانت في المستوى الطبيعي وبالنسبة للمكان فـ وجهة سياحية رائعة وتستحق الزيارة تكراراً بالإضافة إلى ذلك، التذاكر قيمتها ممتازة وتشمل خيارات كثيرة. والتنظيم سيء جداً وهناك عشوائية في المكان,الفعاليات، المكان، التذاكر، التنظيم,"[0, 1, 1, -1]","['الفعاليات', 'المكان', 'التذاكر', 'التنظيم']"
Hotels,1.0,بصراحة، بوفيه الإفطار مذهل ويحتوي على خيارات رائعة. الموقع مقبول ولا بأس به مقارنة بالسعر,الإفطار، الموقع,"[1, 0]","['الإفطار', 'الموقع']"
Attractions,0.0,قرأت تقييمات كثيرة وقررت التجربة، فوضى عارمة وسوء تنظيم واضح. والأنشطة والفعاليات ممتعة جداً ومليئة بالحماس,التنظيم، الفعاليات,"[-1, 1]","['التنظيم', 'الفعاليات']"
Attractions,-1.0,قمت بتجربة هذا المكان وملاحظاتي هي: الإدارة والتنظيم بمستوى مقبول أما التذاكر فالتذكرة لا تستحق هذا السعر المرتفع إطلاقاً,التنظيم، التذاكر,"[0, -1]","['التنظيم', 'التذاكر']"
Attractions,0.0,خلال عطلة نهاية الأسبوع ذهبنا إلى هناك، الفعاليات مقبولة وتمضية وقت ليس إلا بالإضافة إلى ذلك، مساحة المكان وتصميمه مقبول ولا بأس به وبالنسبة للتنظيم فالإدارة و بمستوى مقبول، كما أن قيمة التذكرة عادية,الفعاليات، المكان، التنظيم، التذاكر,"[0, 0, 0, 0]","['الفعاليات', 'المكان', 'التنظيم', 'التذاكر']"
Hotels,0.0,قمت بتجربة هذا المكان وملاحظاتي هي: مساحة الغرفة كانت متوسطة كما توقعنا. الموقع استراتيجي وقريب من كل الفعاليات في حين أن واجهنا بطء شديد ومماطلة من موظفي الاستقبال في حين أن جودة الطعام في الإفطار كانت ضعيفة جداً,الغرفة، الموقع، الاستقبال، الإفطار,"[0, 1, -1, -1]","['الغرفة', 'الموقع', 'الاستقبال', 'الإفطار']"
Restaurants,0.0,قمت بتجربة هذا المكان وملاحظاتي هي: مستوى الخدمة لا بأس به بالإضافة إلى ذلك، طعم الأكل كان عادياً ولا يوجد فيه نكهة مميزة,الخدمة، الأكل,"[0, 0]","['الخدمة', 'الأكل']"
Restaurants,-1.0,قمت بتجربة هذا المكان وملاحظاتي هي: الخدمة في المطعم كانت روتينية. والأسعار مبالغ فيها وغالية جداً,الخدمة، الأسعار,"[0, -1]","['الخدمة', 'الأسعار']"
Restaurants,0.0,خلال عطلة نهاية الأسبوع ذهبنا إلى هناك، السعر كان عاديا وليس مبالغا فيه أما النظافة فالطاولات كانت نظيفة بشكل معتاد,الأسعار، النظافة,"[0, 0]","['الأسعار', 'النظافة']"
Restaurants,0.0,بالنسبة للأكل فهو بمستوى طبيعي أما الخدمة فـ تعامل الويترز كان عادياً. والأسعار مبالغ فيها وغالية جداً. نظافة المطعم ممتازة جداً,الأكل، الخدمة، الأسعار، النظافة,"[0, 0, -1, 1]","['الأكل', 'الخدمة', 'الأسعار', 'النظافة']"
Attractions,1.0,التجربة بشكل عام كانت متفاوتة، لا بأس بالتنظيم بشكل عام، كما أن أسعار التذاكر رخيصة جداً ومناسبة للجميع في حين أن المكان يعتبر جيد لقضاء بعض الوقت,التنظيم، التذاكر، المكان,"[0, 1, 0]","['التنظيم', 'التذاكر', 'المكان']"
Hotels,0.0,التجربة بشكل عام كانت متفاوتة، موقع المكان عادي ويمكن الوصول إليه بسهولة في حين أن الإفطار سيء جداً والخيارات محدودة أما الاستقبال فـ موظفو قاموا بعملهم بشكل روتيني. ومساحة الغرفة كانت متوسطة كما توقعنا,الموقع، الإفطار، الاستقبال، الغرفة,"[0, -1, 0, 0]","['الموقع', 'الإفطار', 'الاستقبال', 'الغرفة']"
Hotels,0.0,الموقع مقبول ولا بأس به مقارنة بالسعر وبالنسبة للاستقبال فـ إجراءات الدخول في كانت طبيعية ولم تستغرق وقتا طويلا أو قصيرا,الموقع، الاستقبال,"[0, 0]","['الموقع', 'الاستقبال']"
Hotels,-1.0,التجربة بشكل عام كانت متفاوتة، الغرفة ضيقة جداً ومكتومة بالإضافة إلى ذلك، إجراءات الدخول في الاستقبال كانت طبيعية ولم تستغرق وقتا طويلا أو قصيرا,الغرفة، الاستقبال,"[-1, 0]","['الغرفة', 'الاستقبال']"
Attractions,-1.0,قمت بتجربة هذا المكان وملاحظاتي هي: التذكرة لا تستحق هذا السعر المرتفع إطلاقاً. فوضى عارمة وسوء تنظيم واضح. والفعاليات مقبولة وتمضية وقت ليس إلا أما المكان فالوجهة كانت عادية ولم تبهرني كثيراً,التذاكر، التنظيم، الفعاليات، المكان,"[-1, -1, 0, 0]","['التذاكر', 'التنظيم', 'الفعاليات', 'المكان']"
Hotels,1.0,في زيارتي الأخيرة، طاقم الاستقبال كان عادياً في التعامل أما الغرفة فـ واسعة ومريحة بشكل استثنائي بالإضافة إلى ذلك، بوفيه الإفطار كان تقليدياً ويقدم أصنافاً معتادة,الاستقبال، الغرفة، الإفطار,"[0, 1, 0]","['الاستقبال', 'الغرفة', 'الإفطار']"
Restaurants,-1.0,خلال عطلة نهاية الأسبوع ذهبنا إلى هناك، الطاولات كانت نظيفة بشكل معتاد، كما أن تعامل الويترز كان عادياً أما الأكل فـ كان بارداً وطعمه سيء جداً,النظافة، الخدمة، الأكل,"[0, 0, -1]","['النظافة', 'الخدمة', 'الأكل']"
Attractions,-1.0,التجربة بشكل عام كانت متفاوتة، لا توجد فعاليات تذكر والأنشطة سيئة بالإضافة إلى ذلك، أسعار التذاكر غالية جداً ومبالغ فيها وبالنسبة للمكان فـ يعتبر جيد لقضاء بعض الوقت,الفعاليات، التذاكر، المكان,"[-1, -1, 0]","['الفعاليات', 'التذاكر', 'المكان']"
Restaurants,-1.0,مستوى الخدمة لا بأس به في حين أن المطعم غالي بشكل مبالغ فيه ولا يستحق. الطلبات كانت متوسطة المستوى ولا بأس بها,الخدمة، الأسعار، الأكل,"[0, -1, 0]","['الخدمة', 'الأسعار', 'الأكل']"
Restaurants,0.0,بصراحة، الأسعار كانت متوسطة ومناسبة لجودة المكان أما النظافة فالمطعم نظيف لحد معقول أما الخدمة فـ أسوأ خدمة جربتها في حياتي. والطلبات كانت متوسطة المستوى ولا بأس بها,الأسعار، النظافة، الخدمة، الأكل,"[0, 0, -1, 0]","['الأسعار', 'النظافة', 'الخدمة', 'الأكل']"
Attractions,-1.0,المكان كئيب وممل جداً، كما أن التنظيم سيء جداً وهناك عشوائية في المكان أما التذاكر فـ قيمة التذكرة عادية، كما أن الفعاليات مملة جداً ولا يوجد تجديد,المكان، التنظيم، التذاكر، الفعاليات,"[-1, -1, 0, -1]","['المكان', 'التنظيم', 'التذاكر', 'الفعاليات']"
Restaurants,0.0,قرأت تقييمات كثيرة وقررت التجربة، بالنسبة للأسعار فهي مقبولة إلى حد ما، كما أن الخدمة في المطعم كانت روتينية,الأسعار، الخدمة,"[0, 0]","['الأسعار', 'الخدمة']"
Restaurants,0.0,قرأت تقييمات كثيرة وقررت التجربة، بالنسبة للأسعار فهي مقبولة إلى حد ما وبالنسبة للأكل فالطلبات كانت متوسطة المستوى ولا بأس بها,الأسعار، الأكل,"[0, 0]","['الأسعار', 'الأكل']"
Restaurants,0.0,قمت بتجربة هذا المكان وملاحظاتي هي: كل الأطباق كانت مطبوخة باحترافية وطعمها خيال وبالنسبة للأسعار فـ مبالغ فيها وغالية جداً. مستوى الخدمة لا بأس به,الأكل، الأسعار، الخدمة,"[1, -1, 0]","['الأكل', 'الأسعار', 'الخدمة']"
Hotels,0.0,بصراحة، الموقع استراتيجي وقريب من كل الفعاليات. طاقم الاستقبال كان عادياً في التعامل بالإضافة إلى ذلك، الإفطار كان مقبولاً لكنه يفتقر للتنوع أما الغرفة فـ أثاث يبدو عادياً ليس حديثاً ولا قديماً جداً,الموقع، الاستقبال، الإفطار، الغرفة,"[1, 0, 0, 0]","['الموقع', 'الاستقبال', 'الإفطار', 'الغرفة']"
Restaurants,-1.0,الأكل مقبول لكنني تذوقت أفضل منه، كما أن نظافة المكان بشكل عام كانت مقبولة. والأسعار مبالغ فيها وغالية جداً,الأكل، النظافة، الأسعار,"[0, 0, -1]","['الأكل', 'النظافة', 'الأسعار']"
Hotels,0.0,خلال عطلة نهاية الأسبوع ذهبنا إلى هناك، الموقع استراتيجي وقريب من كل الفعاليات. وترحيب حار جداً من طاقم الاستقبال أما الغرفة فـ بالنسبة للغرفة فهي بمستوى طبيعي ولا بأس بها بالإضافة إلى ذلك، جودة الطعام في الإفطار كانت ضعيفة جداً,الموقع، الاستقبال، الغرفة، الإفطار,"[1, 1, 0, -1]","['الموقع', 'الاستقبال', 'الغرفة', 'الإفطار']"
Restaurants,0.0,التجربة بشكل عام كانت متفاوتة، السعر كان عاديا وليس مبالغا فيه وبالنسبة للأكل فـ مقبول لكنني تذوقت أفضل منه وبالنسبة للخدمة فـ بطيئة للغاية والعمال غير مهتمين وبالنسبة للنظافة فالمكان يلمع من والاهتمام بالتفاصيل,الأسعار، الأكل، الخدمة، النظافة,"[0, 0, -1, 1]","['الأسعار', 'الأكل', 'الخدمة', 'النظافة']"
Hotels,0.0,خلال عطلة نهاية الأسبوع ذهبنا إلى هناك، موظفو الاستقبال قاموا بعملهم بشكل روتيني، كما أن الموقع لا يتميز بشيء خاص ولكنه مناسب في حين أن بالنسبة للغرفة فهي بمستوى طبيعي ولا بأس بها,الاستقبال، الموقع، الغرفة,"[0, 0, 0]","['الاستقبال', 'الموقع', 'الغرفة']"
Restaurants,0.0,في زيارتي الأخيرة، طعم الأكل كان عادياً ولا يوجد فيه نكهة مميزة. الأسعار كانت متوسطة ومناسبة لجودة المكان,الأكل، الأسعار,"[0, 0]","['الأكل', 'الأسعار']"
Restaurants,0.0,قمت بتجربة هذا المكان وملاحظاتي هي: لم يعجبني الأكل إطلاقاً وكان دون المستوى بالإضافة إلى ذلك، نظافة المكان بشكل عام كانت مقبولة أما الأسعار فـ ممتازة ورخيصة مقارنة بالكمية في حين أن الخدمة في المطعم كانت روتينية,الأكل، النظافة، الأسعار، الخدمة,"[-1, 0, 1, 0]","['الأكل', 'النظافة', 'الأسعار', 'الخدمة']"
Attractions,-1.0,بشكل عام المكان طبيعي كأي حديقة أخرى، كما أن لا بأس بالتنظيم بشكل عام بالإضافة إلى ذلك، أسعار التذاكر غالية جداً ومبالغ فيها,المكان، التنظيم، التذاكر,"[0, 0, -1]","['المكان', 'التنظيم', 'التذاكر']"
Restaurants,1.0,التجربة بشكل عام كانت متفاوتة، الخدمة في المطعم كانت روتينية بالإضافة إلى ذلك، الأكل كان لذيذاً جداً وأنصح به بشدة,الخدمة، الأكل,"[0, 1]","['الخدمة', 'الأكل']"
Restaurants,0.0,قرأت تقييمات كثيرة وقررت التجربة، المطعم نظيف لحد معقول بالإضافة إلى ذلك، الطلبات كانت متوسطة المستوى ولا بأس بها، كما أن مستوى الخدمة لا بأس به,النظافة، الأكل، الخدمة,"[0, 0, 0]","['النظافة', 'الأكل', 'الخدمة']"
Hotels,0.0,في زيارتي الأخيرة، موظفو الاستقبال قاموا بعملهم بشكل روتيني، كما أن الإفطار كان مقبولاً لكنه يفتقر للتنوع,الاستقبال، الإفطار,"[0, 0]","['الاستقبال', 'الإفطار']"
Attractions,1.0,بصراحة، أسعار الدخول طبيعية مقارنة بالفعاليات أما الفعاليات فـ كانت تقليدية ومكررة أما التنظيم فـ رائع جداً وسلس للغاية,التذاكر، الفعاليات، التنظيم,"[0, 0, 1]","['التذاكر', 'الفعاليات', 'التنظيم']"
Hotels,0.0,قمت بتجربة هذا المكان وملاحظاتي هي: موظفو الاستقبال قاموا بعملهم بشكل روتيني أما الموقع فـ موقع الفندق سيء ويصعب الوصول إليه أما الغرفة فـ أثاث يبدو عادياً ليس حديثاً ولا قديماً جداً أما الإفطار فـ بوفيه مذهل ويحتوي على خيارات رائعة,الاستقبال، الموقع، الغرفة، الإفطار,"[0, -1, 0, 1]","['الاستقبال', 'الموقع', 'الغرفة', 'الإفطار']"
Restaurants,0.0,التجربة بشكل عام كانت متفاوتة، طعم الأكل كان عادياً ولا يوجد فيه نكهة مميزة وبالنسبة للخدمة فـ مستوى لا بأس به في حين أن الطاولات كانت نظيفة بشكل معتاد. أسعار المنيو تعتبر طبيعية مقارنة بالمطاعم الأخرى,الأكل، الخدمة، النظافة، الأسعار,"[0, 0, 0, 0]","['الأكل', 'الخدمة', 'النظافة', 'الأسعار']"
Restaurants,1.0,التجربة بشكل عام كانت متفاوتة، الأسعار ممتازة ورخيصة مقارنة بالكمية أما الخدمة فـ مستوى لا بأس به. مستوى النظافة عادي ولا بأس به,الأسعار، الخدمة، النظافة,"[1, 0, 0]","['الأسعار', 'الخدمة', 'النظافة']"
Hotels,0.0,بصراحة، بالنسبة للإفطار فهو جيد نسبيا كأي فندق آخر. الموقع لا يتميز بشيء خاص ولكنه مناسب. تعامل الاستقبال كان جافاً وغير احترافي بالإضافة إلى ذلك، أثاث الغرفة يبدو عادياً ليس حديثاً ولا قديماً جداً,الإفطار، الموقع، الاستقبال، الغرفة,"[0, 0, -1, 0]","['الإفطار', 'الموقع', 'الاستقبال', 'الغرفة']"
Attractions,0.0,خلال عطلة نهاية الأسبوع ذهبنا إلى هناك، مساحة المكان وتصميمه مقبول ولا بأس به. والأنشطة الموجودة لا بأس بها للأطفال في حين أن مرتبين جداً والتنظيم احترافي بالإضافة إلى ذلك، التذاكر ليست رخيصة ولا غالية بل في المعقول,المكان، الفعاليات، التنظيم، التذاكر,"[0, 0, 1, 0]","['المكان', 'الفعاليات', 'التنظيم', 'التذاكر']"
Attractions,0.0,المكان يعتبر جيد لقضاء بعض الوقت وبالنسبة للتذاكر فـ قيمة التذكرة عادية,المكان، التذاكر,"[0, 0]","['المكان', 'التذاكر']"
Restaurants,1.0,التجربة بشكل عام كانت متفاوتة، الأسعار كانت متوسطة ومناسبة لجودة المكان في حين أن نظافة المطعم ممتازة جداً وبالنسبة للأكل فـ مقبول لكنني تذوقت أفضل منه,الأسعار، النظافة، الأكل,"[0, 1, 0]","['الأسعار', 'النظافة', 'الأكل']"
Hotels,0.0,قمت بتجربة هذا المكان وملاحظاتي هي: بالنسبة للغرفة فهي بمستوى طبيعي ولا بأس بها. وموقع المكان عادي ويمكن الوصول إليه بسهولة,الغرفة، الموقع,"[0, 0]","['الغرفة', 'الموقع']"
Restaurants,0.0,بصراحة، سرعة الخدمة كانت في المعدل الطبيعي والمقبول وبالنسبة للأسعار فـ بالنسبة للأسعار فهي مقبولة إلى حد ما بالإضافة إلى ذلك، لم يعجبني الأكل إطلاقاً وكان دون المستوى. الطاولات كانت نظيفة بشكل معتاد,الخدمة، الأسعار، الأكل، النظافة,"[0, 0, -1, 0]","['الخدمة', 'الأسعار', 'الأكل', 'النظافة']"
Restaurants,-1.0,بصراحة، سرعة الخدمة كانت في المعدل الطبيعي والمقبول بالإضافة إلى ذلك، لم يعجبني الأكل إطلاقاً وكان دون المستوى بالإضافة إلى ذلك، الطاولات كانت نظيفة بشكل معتاد,الخدمة، الأكل، النظافة,"[0, -1, 0]","['الخدمة', 'الأكل', 'النظافة']"
Hotels,0.0,قمت بتجربة هذا المكان وملاحظاتي هي: بوفيه الإفطار كان تقليدياً ويقدم أصنافاً معتادة وبالنسبة للموقع فـ موقع الفندق يعتبر متوسطا من حيث القرب للخدمات أما الاستقبال فـ موظفو قاموا بعملهم بشكل روتيني. وأثاث الغرفة يبدو عادياً ليس حديثاً ولا قديماً جداً,الإفطار، الموقع، الاستقبال، الغرفة,"[0, 0, 0, 0]","['الإفطار', 'الموقع', 'الاستقبال', 'الغرفة']"
Hotels,0.0,بصراحة، الموقع لا يتميز بشيء خاص ولكنه مناسب أما الاستقبال فـ تعامل كان جافاً وغير احترافي في حين أن بوفيه الإفطار مذهل ويحتوي على خيارات رائعة,الموقع، الاستقبال، الإفطار,"[0, -1, 1]","['الموقع', 'الاستقبال', 'الإفطار']"
Attractions,-1.0,الوجهة كانت عادية ولم تبهرني كثيراً في حين أن لا توجد فعاليات تذكر والأنشطة سيئة أما التنظيم فـ ترتيب الدخول كان يسير بشكل طبيعي,المكان، الفعاليات، التنظيم,"[0, -1, 0]","['المكان', 'الفعاليات', 'التنظيم']"
Hotels,-1.0,تعامل الاستقبال كان جافاً وغير احترافي بالإضافة إلى ذلك، الموقع لا يتميز بشيء خاص ولكنه مناسب,الاستقبال، الموقع,"[-1, 0]","['الاستقبال', 'الموقع']"
Hotels,0.0,الإفطار كان مقبولاً لكنه يفتقر للتنوع، كما أن الاستقبال كان مقبولا بشكل عام. ومساحة الغرفة كانت متوسطة كما توقعنا,الإفطار، الاستقبال، الغرفة,"[0, 0, 0]","['الإفطار', 'الاستقبال', 'الغرفة']"
Restaurants,-1.0,خلال عطلة نهاية الأسبوع ذهبنا إلى هناك، طعم الأكل كان عادياً ولا يوجد فيه نكهة مميزة. والمكان متسخ والطاولات غير نظيفة,الأكل، النظافة,"[0, -1]","['الأكل', 'النظافة']"
Attractions,-1.0,قمت بتجربة هذا المكان وملاحظاتي هي: أسعار التذاكر غالية جداً ومبالغ فيها في حين أن الإدارة والتنظيم بمستوى مقبول,التذاكر، التنظيم,"[-1, 0]","['التذاكر', 'التنظيم']"
Restaurants,0.0,قرأت تقييمات كثيرة وقررت التجربة، طعم الأكل كان عادياً ولا يوجد فيه نكهة مميزة في حين أن المطعم نظيف لحد معقول أما الخدمة فـ تعامل الويترز كان عادياً,الأكل، النظافة، الخدمة,"[0, 0, 0]","['الأكل', 'النظافة', 'الخدمة']"
Hotels,0.0,قمت بتجربة هذا المكان وملاحظاتي هي: بالنسبة للغرفة فهي بمستوى طبيعي ولا بأس بها في حين أن الاستقبال كان مقبولا بشكل عام,الغرفة، الاستقبال,"[0, 0]","['الغرفة', 'الاستقبال']"
Attractions,0.0,التنظيم داخل المرفق كان عاديا. وسعر التذاكر كان متوسطا ومقبولا,التنظيم، التذاكر,"[0, 0]","['التنظيم', 'التذاكر']"
Attractions,0.0,في زيارتي الأخيرة، الوجهة كانت عادية ولم تبهرني كثيراً أما الفعاليات فالعروض المقدمة كانت في المستوى الطبيعي أما التنظيم فـ داخل المرفق كان عاديا,المكان، الفعاليات، التنظيم,"[0, 0, 0]","['المكان', 'الفعاليات', 'التنظيم']"
Hotels,0.0,الاستقبال كان مقبولا بشكل عام. أثاث الغرفة يبدو عادياً ليس حديثاً ولا قديماً جداً بالإضافة إلى ذلك، الإفطار كان لذيذاً ومتنوعاً جداً. موقع المكان عادي ويمكن الوصول إليه بسهولة,الاستقبال، الغرفة، الإفطار، الموقع,"[0, 0, 1, 0]","['الاستقبال', 'الغرفة', 'الإفطار', 'الموقع']"
Restaurants,-1.0,المطعم نظيف لحد معقول أما الأكل فـ كان بارداً وطعمه سيء جداً. وأسعار المنيو تعتبر طبيعية مقارنة بالمطاعم الأخرى,النظافة، الأكل، الأسعار,"[0, -1, 0]","['النظافة', 'الأكل', 'الأسعار']"
Hotels,0.0,قمت بتجربة هذا المكان وملاحظاتي هي: الموقع لا يتميز بشيء خاص ولكنه مناسب بالإضافة إلى ذلك، أثاث الغرفة يبدو عادياً ليس حديثاً ولا قديماً جداً وبالنسبة للاستقبال فـ تعامل كان جافاً وغير احترافي وبالنسبة للإفطار فـ بالنسبة للإفطار فهو جيد نسبيا كأي فندق آخر,الموقع، الغرفة، الاستقبال، الإفطار,"[0, 0, -1, 0]","['الموقع', 'الغرفة', 'الاستقبال', 'الإفطار']"
Attractions,-1.0,بصراحة، أسعار التذاكر غالية جداً ومبالغ فيها. الأنشطة الموجودة لا بأس بها للأطفال,التذاكر، الفعاليات,"[-1, 0]","['التذاكر', 'الفعاليات']"
Restaurants,0.0,قمت بتجربة هذا المكان وملاحظاتي هي: المطعم نظيف لحد معقول بالإضافة إلى ذلك، الأسعار ممتازة ورخيصة مقارنة بالكمية في حين أن الخدمة في المطعم كانت روتينية أما الأكل فـ بالنسبة للأكل فهو بمستوى طبيعي,النظافة، الأسعار، الخدمة، الأكل,"[0, 1, 0, 0]","['النظافة', 'الأسعار', 'الخدمة', 'الأكل']"
Hotels,0.0,التجربة بشكل عام كانت متفاوتة، موظفو الاستقبال قاموا بعملهم بشكل روتيني أما الموقع فـ موقع الفندق يعتبر متوسطا من حيث القرب للخدمات وبالنسبة للإفطار فـ وجبة كانت عادية ولم تكن مميزة,الاستقبال، الموقع، الإفطار,"[0, 0, 0]","['الاستقبال', 'الموقع', 'الإفطار']"
Restaurants,0.0,التجربة بشكل عام كانت متفاوتة، الخدمة سريعة جداً وطاقم العمل ودود في حين أن المكان متسخ والطاولات غير نظيفة. وأسعار المنيو تعتبر طبيعية مقارنة بالمطاعم الأخرى. كل الأطباق كانت مطبوخة باحترافية وطعمها خيال,الخدمة، النظافة، الأسعار، الأكل,"[1, -1, 0, 1]","['الخدمة', 'النظافة', 'الأسعار', 'الأكل']"
Restaurants,0.0,قرأت تقييمات كثيرة وقررت التجربة، بالنسبة للأسعار فهي مقبولة إلى حد ما بالإضافة إلى ذلك، الأكل كان لذيذاً جداً وأنصح به بشدة وبالنسبة للنظافة فالطاولات كانت نظيفة بشكل معتاد وبالنسبة للخدمة فـ مستوى لا بأس به,الأسعار، الأكل، النظافة، الخدمة,"[0, 1, 0, 0]","['الأسعار', 'الأكل', 'النظافة', 'الخدمة']"
Attractions,0.0,قرأت تقييمات كثيرة وقررت التجربة، مساحة المكان وتصميمه مقبول ولا بأس به بالإضافة إلى ذلك، الإدارة والتنظيم بمستوى مقبول. الأنشطة الموجودة لا بأس بها للأطفال,المكان، التنظيم، الفعاليات,"[0, 0, 0]","['المكان', 'التنظيم', 'الفعاليات']"
Attractions,0.0,قمت بتجربة هذا المكان وملاحظاتي هي: الإدارة والتنظيم بمستوى مقبول بالإضافة إلى ذلك، الفعاليات مملة جداً ولا يوجد تجديد وبالنسبة للمكان فـ ساحر وجميل جداً للتصوير,التنظيم، الفعاليات، المكان,"[0, -1, 1]","['التنظيم', 'الفعاليات', 'المكان']"
Restaurants,-1.0,التجربة بشكل عام كانت متفاوتة، الطلبات كانت متوسطة المستوى ولا بأس بها بالإضافة إلى ذلك، أسوأ خدمة جربتها في حياتي وبالنسبة للنظافة فالطاولات كانت نظيفة بشكل معتاد,الأكل، الخدمة، النظافة,"[0, -1, 0]","['الأكل', 'الخدمة', 'النظافة']"
Attractions,1.0,بصراحة، بشكل عام المكان طبيعي كأي حديقة أخرى في حين أن مرتبين جداً والتنظيم احترافي وبالنسبة للفعاليات فـ مقبولة وتمضية وقت ليس إلا,المكان، التنظيم، الفعاليات,"[0, 1, 0]","['المكان', 'التنظيم', 'الفعاليات']"
Restaurants,0.0,قمت بتجربة هذا المكان وملاحظاتي هي: تعامل الويترز كان عادياً أما الأسعار فالمطعم غالي بشكل مبالغ فيه ولا يستحق في حين أن بالنسبة للأكل فهو بمستوى طبيعي وبالنسبة للنظافة فالطاولات كانت نظيفة بشكل معتاد,الخدمة، الأسعار، الأكل، النظافة,"[0, -1, 0, 0]","['الخدمة', 'الأسعار', 'الأكل', 'النظافة']"
Attractions,1.0,خلال عطلة نهاية الأسبوع ذهبنا إلى هناك، بشكل عام المكان طبيعي كأي حديقة أخرى. ومرتبين جداً والتنظيم احترافي. وعروض رائعة ومتنوعة تناسب كل الأعمار في حين أن سعر التذاكر كان متوسطا ومقبولا,المكان، التنظيم، الفعاليات، التذاكر,"[0, 1, 1, 0]","['المكان', 'التنظيم', 'الفعاليات', 'التذاكر']"
Attractions,0.0,قمت بتجربة هذا المكان وملاحظاتي هي: الوجهة كانت عادية ولم تبهرني كثيراً وبالنسبة للتنظيم فـ داخل المرفق كان عاديا، كما أن التذكرة لا تستحق هذا السعر المرتفع إطلاقاً أما الفعاليات فالأنشطة و ممتعة جداً ومليئة بالحماس,المكان، التنظيم، التذاكر، الفعاليات,"[0, 0, -1, 1]","['المكان', 'التنظيم', 'التذاكر', 'الفعاليات']"
Hotels,1.0,بصراحة، طاقم الاستقبال كان عادياً في التعامل. بوفيه الإفطار مذهل ويحتوي على خيارات رائعة في حين أن بالنسبة للغرفة فهي بمستوى طبيعي ولا بأس بها بالإضافة إلى ذلك، موقع الفندق ممتاز جداً وإطلالته خرافية,الاستقبال، الإفطار، الغرفة، الموقع,"[0, 1, 0, 1]","['الاستقبال', 'الإفطار', 'الغرفة', 'الموقع']"
Attractions,0.0,بصراحة، الفعاليات كانت تقليدية ومكررة. وقيمة التذكرة عادية أما المكان فـ يعتبر جيد لقضاء بعض الوقت,الفعاليات، التذاكر، المكان,"[0, 0, 0]","['الفعاليات', 'التذاكر', 'المكان']"
Hotels,0.0,مساحة الغرفة كانت متوسطة كما توقعنا أما الإفطار فـ كان لذيذاً ومتنوعاً جداً. موقع المكان عادي ويمكن الوصول إليه بسهولة في حين أن موظفو الاستقبال قاموا بعملهم بشكل روتيني,الغرفة، الإفطار، الموقع، الاستقبال,"[0, 1, 0, 0]","['الغرفة', 'الإفطار', 'الموقع', 'الاستقبال']"
Attractions,0.0,قمت بتجربة هذا المكان وملاحظاتي هي: ترتيب الدخول كان يسير بشكل طبيعي. وسعر التذاكر كان متوسطا ومقبولا. مساحة المكان وتصميمه مقبول ولا بأس به. الفعاليات مقبولة وتمضية وقت ليس إلا,التنظيم، التذاكر، المكان، الفعاليات,"[0, 0, 0, 0]","['التنظيم', 'التذاكر', 'المكان', 'الفعاليات']"
Attractions,0.0,خلال عطلة نهاية الأسبوع ذهبنا إلى هناك، أسعار الدخول طبيعية مقارنة بالفعاليات. ترتيب الدخول كان يسير بشكل طبيعي,التذاكر، التنظيم,"[0, 0]","['التذاكر', 'التنظيم']"
Restaurants,0.0,خلال عطلة نهاية الأسبوع ذهبنا إلى هناك، مستوى النظافة عادي ولا بأس به، كما أن طعم الأكل كان عادياً ولا يوجد فيه نكهة مميزة، كما أن الخدمة في المطعم كانت روتينية,النظافة، الأكل، الخدمة,"[0, 0, 0]","['النظافة', 'الأكل', 'الخدمة']"
Attractions,0.0,التجربة بشكل عام كانت متفاوتة، الفعاليات كانت تقليدية ومكررة وبالنسبة للتذاكر فـ سعر كان متوسطا ومقبولا أما المكان فـ يعتبر جيد لقضاء بعض الوقت,الفعاليات، التذاكر، المكان,"[0, 0, 0]","['الفعاليات', 'التذاكر', 'المكان']"
Hotels,0.0,قرأت تقييمات كثيرة وقررت التجربة، بوفيه الإفطار كان تقليدياً ويقدم أصنافاً معتادة. الغرفة ضيقة جداً ومكتومة، كما أن ترحيب حار جداً من طاقم الاستقبال. والموقع مقبول ولا بأس به مقارنة بالسعر,الإفطار، الغرفة، الاستقبال، الموقع,"[0, -1, 1, 0]","['الإفطار', 'الغرفة', 'الاستقبال', 'الموقع']"
Restaurants,-1.0,في زيارتي الأخيرة، الأسعار ممتازة ورخيصة مقارنة بالكمية في حين أن الأكل كان بارداً وطعمه سيء جداً. وأسوأ خدمة جربتها في حياتي,الأسعار، الأكل، الخدمة,"[1, -1, -1]","['الأسعار', 'الأكل', 'الخدمة']"
Attractions,0.0,قرأت تقييمات كثيرة وقررت التجربة، التذاكر قيمتها ممتازة وتشمل خيارات كثيرة. الإدارة والتنظيم بمستوى مقبول أما الفعاليات فالعروض المقدمة كانت في المستوى الطبيعي وبالنسبة للمكان فالوجهة كانت عادية ولم تبهرني كثيراً,التذاكر، التنظيم، الفعاليات، المكان,"[1, 0, 0, 0]","['التذاكر', 'التنظيم', 'الفعاليات', 'المكان']"
Restaurants,-1.0,التجربة بشكل عام كانت متفاوتة، الأكل كان بارداً وطعمه سيء جداً أما الأسعار فـ كانت متوسطة ومناسبة لجودة المكان، كما أن مستوى النظافة عادي ولا بأس به,الأكل، الأسعار، النظافة,"[-1, 0, 0]","['الأكل', 'الأسعار', 'النظافة']"
Restaurants,1.0,قرأت تقييمات كثيرة وقررت التجربة، الطلبات كانت متوسطة المستوى ولا بأس بها وبالنسبة للنظافة فالمكان يلمع من والاهتمام بالتفاصيل أما الخدمة فـ مستوى لا بأس به,الأكل، النظافة، الخدمة,"[0, 1, 0]","['الأكل', 'النظافة', 'الخدمة']"
Restaurants,0.0,التجربة بشكل عام كانت متفاوتة، الأكل مقبول لكنني تذوقت أفضل منه أما الخدمة فـ سرعة كانت في المعدل الطبيعي والمقبول وبالنسبة للنظافة فـ مستوى عادي ولا بأس به,الأكل، الخدمة، النظافة,"[0, 0, 0]","['الأكل', 'الخدمة', 'النظافة']"
Hotels,-1.0,بصراحة، تعامل الاستقبال كان جافاً وغير احترافي في حين أن الموقع مقبول ولا بأس به مقارنة بالسعر وبالنسبة للغرفة فـ مساحة كانت متوسطة كما توقعنا,الاستقبال، الموقع، الغرفة,"[-1, 0, 0]","['الاستقبال', 'الموقع', 'الغرفة']"
Attractions,1.0,التجربة بشكل عام كانت متفاوتة، عروض رائعة ومتنوعة تناسب كل الأعمار، كما أن لا بأس بالتنظيم بشكل عام,الفعاليات، التنظيم,"[1, 0]","['الفعاليات', 'التنظيم']"
Hotels,-1.0,في زيارتي الأخيرة، وجبة الإفطار كانت عادية ولم تكن مميزة. وتعامل الاستقبال كان جافاً وغير احترافي,الإفطار، الاستقبال,"[0, -1]","['الإفطار', 'الاستقبال']"
Hotels,-1.0,خلال عطلة نهاية الأسبوع ذهبنا إلى هناك، الإفطار سيء جداً والخيارات محدودة. طاقم الاستقبال كان عادياً في التعامل أما الغرفة فـ مساحة كانت متوسطة كما توقعنا,الإفطار، الاستقبال، الغرفة,"[-1, 0, 0]","['الإفطار', 'الاستقبال', 'الغرفة']"
Hotels,0.0,خلال عطلة نهاية الأسبوع ذهبنا إلى هناك، بوفيه الإفطار مذهل ويحتوي على خيارات رائعة أما الغرفة فـ ضيقة جداً ومكتومة أما الموقع فـ لا يتميز بشيء خاص ولكنه مناسب,الإفطار، الغرفة، الموقع,"[1, -1, 0]","['الإفطار', 'الغرفة', 'الموقع']"
Attractions,-1.0,بصراحة، الأنشطة الموجودة لا بأس بها للأطفال بالإضافة إلى ذلك، بشكل عام المكان طبيعي كأي حديقة أخرى، كما أن أسعار التذاكر غالية جداً ومبالغ فيها,الفعاليات، المكان، التذاكر,"[0, 0, -1]","['الفعاليات', 'المكان', 'التذاكر']"
Attractions,0.0,بصراحة، التذكرة لا تستحق هذا السعر المرتفع إطلاقاً وبالنسبة للمكان فـ يعتبر جيد لقضاء بعض الوقت بالإضافة إلى ذلك، ترتيب الدخول كان يسير بشكل طبيعي أما الفعاليات فالعروض المقدمة كانت في المستوى الطبيعي,التذاكر، المكان، التنظيم، الفعاليات,"[-1, 0, 0, 0]","['التذاكر', 'المكان', 'التنظيم', 'الفعاليات']"
Hotels,1.0,قرأت تقييمات كثيرة وقررت التجربة، الغرفة كانت عادية وتفي بالغرض وبالنسبة للموقع فـ موقع الفندق يعتبر متوسطا من حيث القرب للخدمات وبالنسبة للاستقبال فـ موظفو في قمة الرقي والتعاون,الغرفة، الموقع، الاستقبال,"[0, 0, 1]","['الغرفة', 'الموقع', 'الاستقبال']"
Restaurants,1.0,قمت بتجربة هذا المكان وملاحظاتي هي: نظافة المكان بشكل عام كانت مقبولة. الخدمة سريعة جداً وطاقم العمل ودود,النظافة، الخدمة,"[0, 1]","['النظافة', 'الخدمة']"
Restaurants,0.0,خلال عطلة نهاية الأسبوع ذهبنا إلى هناك، قيمة رائعة مقابل المال والأسعار جداً معقولة وبالنسبة للخدمة فـ تعامل الويترز كان عادياً، كما أن الأكل مقبول لكنني تذوقت أفضل منه في حين أن النظافة معدومة في هذا المطعم,الأسعار، الخدمة، الأكل، النظافة,"[1, 0, 0, -1]","['الأسعار', 'الخدمة', 'الأكل', 'النظافة']"
Hotels,0.0,وجبة الإفطار كانت عادية ولم تكن مميزة وبالنسبة للموقع فـ موقع المكان عادي ويمكن الوصول إليه بسهولة,الإفطار، الموقع,"[0, 0]","['الإفطار', 'الموقع']"
Attractions,0.0,التجربة بشكل عام كانت متفاوتة، الأنشطة والفعاليات ممتعة جداً ومليئة بالحماس. وقيمة التذكرة عادية. التنظيم سيء جداً وهناك عشوائية في المكان,الفعاليات، التذاكر، التنظيم,"[1, 0, -1]","['الفعاليات', 'التذاكر', 'التنظيم']"
Restaurants,-1.0,التجربة بشكل عام كانت متفاوتة، تعامل الويترز كان عادياً بالإضافة إلى ذلك، الأكل مقبول لكنني تذوقت أفضل منه. والمطعم غالي بشكل مبالغ فيه ولا يستحق,الخدمة، الأكل، الأسعار,"[0, 0, -1]","['الخدمة', 'الأكل', 'الأسعار']"
Hotels,-1.0,بصراحة، للأسف الغرفة كانت سيئة وغير نظيفة على الإطلاق بالإضافة إلى ذلك، وجبة الإفطار كانت عادية ولم تكن مميزة بالإضافة إلى ذلك، موظفو الاستقبال قاموا بعملهم بشكل روتيني,الغرفة، الإفطار، الاستقبال,"[-1, 0, 0]","['الغرفة', 'الإفطار', 'الاستقبال']"
Attractions,0.0,بصراحة، ترتيب الدخول كان يسير بشكل طبيعي. التذاكر ليست رخيصة ولا غالية بل في المعقول,التنظيم، التذاكر,"[0, 0]","['التنظيم', 'التذاكر']"
Hotels,-1.0,في زيارتي الأخيرة، موقع الفندق سيء ويصعب الوصول إليه بالإضافة إلى ذلك، الغرفة كانت عادية وتفي بالغرض,الموقع، الغرفة,"[-1, 0]","['الموقع', 'الغرفة']"
Hotels,0.0,في زيارتي الأخيرة، بالنسبة للغرفة فهي بمستوى طبيعي ولا بأس بها، كما أن الموقع مقبول ولا بأس به مقارنة بالسعر. بالنسبة للإفطار فهو جيد نسبيا كأي فندق آخر في حين أن طاقم الاستقبال كان عادياً في التعامل,الغرفة، الموقع، الإفطار، الاستقبال,"[0, 0, 0, 0]","['الغرفة', 'الموقع', 'الإفطار', 'الاستقبال']"
Restaurants,0.0,الطلبات كانت متوسطة المستوى ولا بأس بها وبالنسبة للأسعار فـ أسعار المنيو تعتبر طبيعية مقارنة بالمطاعم الأخرى وبالنسبة للنظافة فالمطعم نظيف لحد معقول,الأكل، الأسعار، النظافة,"[0, 0, 0]","['الأكل', 'الأسعار', 'النظافة']"
Restaurants,0.0,التجربة بشكل عام كانت متفاوتة، الطاولات كانت نظيفة بشكل معتاد وبالنسبة للخدمة فـ مستوى لا بأس به. الأكل كان بارداً وطعمه سيء جداً أما الأسعار فـ كانت متوسطة ومناسبة لجودة المكان,النظافة، الخدمة، الأكل، الأسعار,"[0, 0, -1, 0]","['النظافة', 'الخدمة', 'الأكل', 'الأسعار']"
Hotels,-1.0,قرأت تقييمات كثيرة وقررت التجربة، واجهنا بطء شديد ومماطلة من موظفي الاستقبال. وبالنسبة للغرفة فهي بمستوى طبيعي ولا بأس بها. والإفطار كان مقبولاً لكنه يفتقر للتنوع,الاستقبال، الغرفة، الإفطار,"[-1, 0, 0]","['الاستقبال', 'الغرفة', 'الإفطار']"
Attractions,0.0,خلال عطلة نهاية الأسبوع ذهبنا إلى هناك، الإدارة والتنظيم بمستوى مقبول. سعر التذاكر كان متوسطا ومقبولا بالإضافة إلى ذلك، الوجهة كانت عادية ولم تبهرني كثيراً,التنظيم، التذاكر، المكان,"[0, 0, 0]","['التنظيم', 'التذاكر', 'المكان']"
Hotels,0.0,في زيارتي الأخيرة، الموقع لا يتميز بشيء خاص ولكنه مناسب بالإضافة إلى ذلك، إجراءات الدخول في الاستقبال كانت طبيعية ولم تستغرق وقتا طويلا أو قصيرا. بالنسبة للغرفة فهي بمستوى طبيعي ولا بأس بها,الموقع، الاستقبال، الغرفة,"[0, 0, 0]","['الموقع', 'الاستقبال', 'الغرفة']"
Attractions,-1.0,بصراحة، لا توجد فعاليات تذكر والأنشطة سيئة، كما أن سعر التذاكر كان متوسطا ومقبولا,الفعاليات، التذاكر,"[-1, 0]","['الفعاليات', 'التذاكر']"
Hotels,0.0,في زيارتي الأخيرة، الغرفة كانت عادية وتفي بالغرض، كما أن الاستقبال كان مقبولا بشكل عام بالإضافة إلى ذلك، جودة الطعام في الإفطار كانت ضعيفة جداً. الموقع مقبول ولا بأس به مقارنة بالسعر,الغرفة، الاستقبال، الإفطار، الموقع,"[0, 0, -1, 0]","['الغرفة', 'الاستقبال', 'الإفطار', 'الموقع']"
Hotels,-1.0,قرأت تقييمات كثيرة وقررت التجربة، الإفطار كان مقبولاً لكنه يفتقر للتنوع أما الغرفة فـ للأسف كانت سيئة وغير نظيفة على الإطلاق. والموقع بعيد جداً ومقطوع عن الخدمات,الإفطار، الغرفة، الموقع,"[0, -1, -1]","['الإفطار', 'الغرفة', 'الموقع']"
Attractions,-1.0,بصراحة، الفعاليات مملة جداً ولا يوجد تجديد. قيمة التذكرة عادية في حين أن المكان يعتبر جيد لقضاء بعض الوقت,الفعاليات، التذاكر، المكان,"[-1, 0, 0]","['الفعاليات', 'التذاكر', 'المكان']"
Attractions,-1.0,قمت بتجربة هذا المكان وملاحظاتي هي: قيمة التذكرة عادية في حين أن الفعاليات مملة جداً ولا يوجد تجديد بالإضافة إلى ذلك، المكان كئيب وممل جداً. ترتيب الدخول كان يسير بشكل طبيعي,التذاكر، الفعاليات، المكان، التنظيم,"[0, -1, -1, 0]","['التذاكر', 'الفعاليات', 'المكان', 'التنظيم']"
Attractions,0.0,بصراحة، الأنشطة الموجودة لا بأس بها للأطفال وبالنسبة للتنظيم فـ مرتبين جداً و احترافي وبالنسبة للمكان فـ كئيب وممل جداً,الفعاليات، التنظيم، المكان,"[0, 1, -1]","['الفعاليات', 'التنظيم', 'المكان']"
Attractions,0.0,قمت بتجربة هذا المكان وملاحظاتي هي: سعر التذاكر كان متوسطا ومقبولا، كما أن مساحة المكان وتصميمه مقبول ولا بأس به في حين أن لا بأس بالتنظيم بشكل عام,التذاكر، المكان، التنظيم,"[0, 0, 0]","['التذاكر', 'المكان', 'التنظيم']"
Attractions,0.0,خلال عطلة نهاية الأسبوع ذهبنا إلى هناك، الوجهة كانت عادية ولم تبهرني كثيراً، كما أن التنظيم داخل المرفق كان عاديا,المكان، التنظيم,"[0, 0]","['المكان', 'التنظيم']"
Restaurants,1.0,قرأت تقييمات كثيرة وقررت التجربة، الطاولات كانت نظيفة بشكل معتاد، كما أن أسعار المنيو تعتبر طبيعية مقارنة بالمطاعم الأخرى في حين أن الأكل كان لذيذاً جداً وأنصح به بشدة,النظافة، الأسعار، الأكل,"[0, 0, 1]","['النظافة', 'الأسعار', 'الأكل']"
Attractions,1.0,بصراحة، التنظيم رائع جداً وسلس للغاية. وسعر التذاكر كان متوسطا ومقبولا. وبشكل عام المكان طبيعي كأي حديقة أخرى,التنظيم، التذاكر، المكان,"[1, 0, 0]","['التنظيم', 'التذاكر', 'المكان']"
Attractions,0.0,قمت بتجربة هذا المكان وملاحظاتي هي: لا بأس بالتنظيم بشكل عام، كما أن الأنشطة الموجودة لا بأس بها للأطفال. وأسعار الدخول طبيعية مقارنة بالفعاليات,التنظيم، الفعاليات، التذاكر,"[0, 0, 0]","['التنظيم', 'الفعاليات', 'التذاكر']"
Restaurants,0.0,تعامل الويترز كان عادياً أما الأكل فـ مقبول لكنني تذوقت أفضل منه بالإضافة إلى ذلك، أسعار المنيو تعتبر طبيعية مقارنة بالمطاعم الأخرى في حين أن الطاولات كانت نظيفة بشكل معتاد,الخدمة، الأكل، الأسعار، النظافة,"[0, 0, 0, 0]","['الخدمة', 'الأكل', 'الأسعار', 'النظافة']"
Restaurants,0.0,قمت بتجربة هذا المكان وملاحظاتي هي: الطاولات كانت نظيفة بشكل معتاد. وسرعة الخدمة كانت في المعدل الطبيعي والمقبول,النظافة، الخدمة,"[0, 0]","['النظافة', 'الخدمة']"
Hotels,0.0,في زيارتي الأخيرة، الإفطار سيء جداً والخيارات محدودة. بالنسبة للغرفة فهي بمستوى طبيعي ولا بأس بها وبالنسبة للاستقبال فـ موظفو في قمة الرقي والتعاون، كما أن الموقع استراتيجي وقريب من كل الفعاليات,الإفطار، الغرفة، الاستقبال، الموقع,"[-1, 0, 1, 1]","['الإفطار', 'الغرفة', 'الاستقبال', 'الموقع']"
Hotels,1.0,خلال عطلة نهاية الأسبوع ذهبنا إلى هناك، موظفو الاستقبال في قمة الرقي والتعاون. مساحة الغرفة كانت متوسطة كما توقعنا,الاستقبال، الغرفة,"[1, 0]","['الاستقبال', 'الغرفة']"
Hotels,0.0,في زيارتي الأخيرة، موقع المكان عادي ويمكن الوصول إليه بسهولة بالإضافة إلى ذلك، الغرفة كانت عادية وتفي بالغرض بالإضافة إلى ذلك، طاقم الاستقبال كان عادياً في التعامل، كما أن وجبة الإفطار كانت عادية ولم تكن مميزة,الموقع، الغرفة، الاستقبال، الإفطار,"[0, 0, 0, 0]","['الموقع', 'الغرفة', 'الاستقبال', 'الإفطار']"
Attractions,1.0,عروض رائعة ومتنوعة تناسب كل الأعمار أما التنظيم فـ ترتيب الدخول كان يسير بشكل طبيعي,الفعاليات، التنظيم,"[1, 0]","['الفعاليات', 'التنظيم']"
Restaurants,0.0,قمت بتجربة هذا المكان وملاحظاتي هي: مستوى الخدمة لا بأس به بالإضافة إلى ذلك، أسعار المنيو تعتبر طبيعية مقارنة بالمطاعم الأخرى بالإضافة إلى ذلك، طعم الأكل كان عادياً ولا يوجد فيه نكهة مميزة وبالنسبة للنظافة فالمكان يلمع من والاهتمام بالتفاصيل,الخدمة، الأسعار، الأكل، النظافة,"[0, 0, 0, 1]","['الخدمة', 'الأسعار', 'الأكل', 'النظافة']"
Restaurants,0.0,التجربة بشكل عام كانت متفاوتة، الطلبات كانت متوسطة المستوى ولا بأس بها في حين أن الأسعار كانت متوسطة ومناسبة لجودة المكان,الأكل، الأسعار,"[0, 0]","['الأكل', 'الأسعار']"
Hotels,1.0,قرأت تقييمات كثيرة وقررت التجربة، بوفيه الإفطار مذهل ويحتوي على خيارات رائعة، كما أن موظفو الاستقبال قاموا بعملهم بشكل روتيني,الإفطار، الاستقبال,"[1, 0]","['الإفطار', 'الاستقبال']"
Hotels,0.0,قرأت تقييمات كثيرة وقررت التجربة، الاستقبال كان مقبولا بشكل عام وبالنسبة للغرفة فـ مساحة كانت متوسطة كما توقعنا وبالنسبة للإفطار فـ كان مقبولاً لكنه يفتقر للتنوع. موقع المكان عادي ويمكن الوصول إليه بسهولة,الاستقبال، الغرفة، الإفطار، الموقع,"[0, 0, 0, 0]","['الاستقبال', 'الغرفة', 'الإفطار', 'الموقع']"
Attractions,0.0,بصراحة، أسعار الدخول طبيعية مقارنة بالفعاليات بالإضافة إلى ذلك، الأنشطة الموجودة لا بأس بها للأطفال أما المكان فـ بشكل عام طبيعي كأي حديقة أخرى,التذاكر، الفعاليات، المكان,"[0, 0, 0]","['التذاكر', 'الفعاليات', 'المكان']"
Hotels,0.0,قمت بتجربة هذا المكان وملاحظاتي هي: وجبة الإفطار كانت عادية ولم تكن مميزة في حين أن أثاث الغرفة يبدو عادياً ليس حديثاً ولا قديماً جداً بالإضافة إلى ذلك، موظفو الاستقبال قاموا بعملهم بشكل روتيني في حين أن موقع الفندق ممتاز جداً وإطلالته خرافية,الإفطار، الغرفة، الاستقبال، الموقع,"[0, 0, 0, 1]","['الإفطار', 'الغرفة', 'الاستقبال', 'الموقع']"
Restaurants,0.0,قمت بتجربة هذا المكان وملاحظاتي هي: الطاولات كانت نظيفة بشكل معتاد وبالنسبة للخدمة فـ في المطعم كانت روتينية,النظافة، الخدمة,"[0, 0]","['النظافة', 'الخدمة']"
Hotels,1.0,الإفطار كان لذيذاً ومتنوعاً جداً. وإجراءات الدخول في الاستقبال كانت طبيعية ولم تستغرق وقتا طويلا أو قصيرا في حين أن مساحة الغرفة كانت متوسطة كما توقعنا,الإفطار، الاستقبال، الغرفة,"[1, 0, 0]","['الإفطار', 'الاستقبال', 'الغرفة']"
Hotels,1.0,خلال عطلة نهاية الأسبوع ذهبنا إلى هناك، ترحيب حار جداً من طاقم الاستقبال أما الغرفة فـ أثاث يبدو عادياً ليس حديثاً ولا قديماً جداً,الاستقبال، الغرفة,"[1, 0]","['الاستقبال', 'الغرفة']"
Hotels,-1.0,قمت بتجربة هذا المكان وملاحظاتي هي: واجهنا بطء شديد ومماطلة من موظفي الاستقبال أما الموقع فـ لا يتميز بشيء خاص ولكنه مناسب أما الغرفة فـ بالنسبة للغرفة فهي بمستوى طبيعي ولا بأس بها,الاستقبال، الموقع، الغرفة,"[-1, 0, 0]","['الاستقبال', 'الموقع', 'الغرفة']"
Attractions,0.0,في زيارتي الأخيرة، الوجهة كانت عادية ولم تبهرني كثيراً بالإضافة إلى ذلك، العروض المقدمة كانت في المستوى الطبيعي بالإضافة إلى ذلك، الإدارة والتنظيم بمستوى مقبول، كما أن سعر التذاكر كان متوسطا ومقبولا,المكان، الفعاليات، التنظيم، التذاكر,"[0, 0, 0, 0]","['المكان', 'الفعاليات', 'التنظيم', 'التذاكر']"
Hotels,-1.0,قمت بتجربة هذا المكان وملاحظاتي هي: واجهنا بطء شديد ومماطلة من موظفي الاستقبال وبالنسبة للموقع فـ موقع الفندق يعتبر متوسطا من حيث القرب للخدمات، كما أن مساحة الغرفة كانت متوسطة كما توقعنا. جودة الطعام في الإفطار كانت ضعيفة جداً,الاستقبال، الموقع، الغرفة، الإفطار,"[-1, 0, 0, -1]","['الاستقبال', 'الموقع', 'الغرفة', 'الإفطار']"
Hotels,1.0,خلال عطلة نهاية الأسبوع ذهبنا إلى هناك، الغرفة واسعة ومريحة بشكل استثنائي أما الموقع فـ موقع المكان عادي ويمكن الوصول إليه بسهولة وبالنسبة للإفطار فـ وجبة كانت عادية ولم تكن مميزة. وموظفو الاستقبال في قمة الرقي والتعاون,الغرفة، الموقع، الإفطار، الاستقبال,"[1, 0, 0, 1]","['الغرفة', 'الموقع', 'الإفطار', 'الاستقبال']"
Attractions,1.0,بصراحة، قيمة التذكرة عادية. التنظيم رائع جداً وسلس للغاية,التذاكر، التنظيم,"[0, 1]","['التذاكر', 'التنظيم']"
Attractions,1.0,التذاكر قيمتها ممتازة وتشمل خيارات كثيرة وبالنسبة للفعاليات فالعروض المقدمة كانت في المستوى الطبيعي وبالنسبة للمكان فـ يعتبر جيد لقضاء بعض الوقت,التذاكر، الفعاليات، المكان,"[1, 0, 0]","['التذاكر', 'الفعاليات', 'المكان']"
Restaurants,0.0,الخدمة في المطعم كانت روتينية وبالنسبة للأسعار فالسعر كان عاديا وليس مبالغا فيه في حين أن بالنسبة للأكل فهو بمستوى طبيعي,الخدمة، الأسعار، الأكل,"[0, 0, 0]","['الخدمة', 'الأسعار', 'الأكل']"
Hotels,0.0,قمت بتجربة هذا المكان وملاحظاتي هي: الغرفة واسعة ومريحة بشكل استثنائي بالإضافة إلى ذلك، موقع الفندق سيء ويصعب الوصول إليه,الغرفة، الموقع,"[1, -1]","['الغرفة', 'الموقع']"
Restaurants,0.0,بصراحة، قيمة رائعة مقابل المال والأسعار جداً معقولة وبالنسبة للأكل فالطلبات كانت متوسطة المستوى ولا بأس بها أما الخدمة فـ مستوى لا بأس به وبالنسبة للنظافة فالطاولات كانت نظيفة بشكل معتاد,الأسعار، الأكل، الخدمة، النظافة,"[1, 0, 0, 0]","['الأسعار', 'الأكل', 'الخدمة', 'النظافة']"
Restaurants,0.0,خلال عطلة نهاية الأسبوع ذهبنا إلى هناك، الخدمة في المطعم كانت روتينية. والمطعم نظيف لحد معقول,الخدمة، النظافة,"[0, 0]","['الخدمة', 'النظافة']"
Hotels,0.0,التجربة بشكل عام كانت متفاوتة، بالنسبة للإفطار فهو جيد نسبيا كأي فندق آخر. وموقع المكان عادي ويمكن الوصول إليه بسهولة,الإفطار، الموقع,"[0, 0]","['الإفطار', 'الموقع']"
Restaurants,-1.0,خلال عطلة نهاية الأسبوع ذهبنا إلى هناك، تعامل الويترز كان عادياً. والأكل كان بارداً وطعمه سيء جداً,الخدمة، الأكل,"[0, -1]","['الخدمة', 'الأكل']"
Attractions,1.0,الأنشطة والفعاليات ممتعة جداً ومليئة بالحماس بالإضافة إلى ذلك، لا بأس بالتنظيم بشكل عام,الفعاليات، التنظيم,"[1, 0]","['الفعاليات', 'التنظيم']"
Attractions,-1.0,بصراحة، لا توجد فعاليات تذكر والأنشطة سيئة. الوجهة كانت عادية ولم تبهرني كثيراً,الفعاليات، المكان,"[-1, 0]","['الفعاليات', 'المكان']"
Attractions,0.0,قرأت تقييمات كثيرة وقررت التجربة، الأنشطة الموجودة لا بأس بها للأطفال. ولا بأس بالتنظيم بشكل عام في حين أن أسعار التذاكر غالية جداً ومبالغ فيها. والمكان يعتبر جيد لقضاء بعض الوقت,الفعاليات، التنظيم، التذاكر، المكان,"[0, 0, -1, 0]","['الفعاليات', 'التنظيم', 'التذاكر', 'المكان']"
Attractions,-1.0,التذاكر ليست رخيصة ولا غالية بل في المعقول. المكان كئيب وممل جداً أما التنظيم فالإدارة و بمستوى مقبول,التذاكر، المكان، التنظيم,"[0, -1, 0]","['التذاكر', 'المكان', 'التنظيم']"
Restaurants,-1.0,خلال عطلة نهاية الأسبوع ذهبنا إلى هناك، بالنسبة للأسعار فهي مقبولة إلى حد ما. سرعة الخدمة كانت في المعدل الطبيعي والمقبول، كما أن النظافة معدومة في هذا المطعم,الأسعار، الخدمة، النظافة,"[0, 0, -1]","['الأسعار', 'الخدمة', 'النظافة']"
Attractions,0.0,قرأت تقييمات كثيرة وقررت التجربة، المكان يعتبر جيد لقضاء بعض الوقت، كما أن لا بأس بالتنظيم بشكل عام. وسعر التذاكر كان متوسطا ومقبولا أما الفعاليات فالأنشطة و ممتعة جداً ومليئة بالحماس,المكان، التنظيم، التذاكر، الفعاليات,"[0, 0, 0, 1]","['المكان', 'التنظيم', 'التذاكر', 'الفعاليات']"
Attractions,0.0,التجربة بشكل عام كانت متفاوتة، الوجهة كانت عادية ولم تبهرني كثيراً. ولا بأس بالتنظيم بشكل عام. سعر التذاكر كان متوسطا ومقبولا,المكان، التنظيم، التذاكر,"[0, 0, 0]","['المكان', 'التنظيم', 'التذاكر']"
Attractions,-1.0,قمت بتجربة هذا المكان وملاحظاتي هي: فوضى عارمة وسوء تنظيم واضح وبالنسبة للفعاليات فالأنشطة الموجودة لا بأس بها للأطفال بالإضافة إلى ذلك، بشكل عام المكان طبيعي كأي حديقة أخرى,التنظيم، الفعاليات، المكان,"[-1, 0, 0]","['التنظيم', 'الفعاليات', 'المكان']"
Restaurants,0.0,الخدمة في المطعم كانت روتينية بالإضافة إلى ذلك، المطعم نظيف لحد معقول,الخدمة، النظافة,"[0, 0]","['الخدمة', 'النظافة']"
Restaurants,0.0,التجربة بشكل عام كانت متفاوتة، المطعم نظيف لحد معقول، كما أن الأكل مقبول لكنني تذوقت أفضل منه,النظافة، الأكل,"[0, 0]","['النظافة', 'الأكل']"
Hotels,-1.0,في زيارتي الأخيرة، الغرفة ضيقة جداً ومكتومة بالإضافة إلى ذلك، الإفطار كان مقبولاً لكنه يفتقر للتنوع أما الموقع فـ موقع المكان عادي ويمكن الوصول إليه بسهولة,الغرفة، الإفطار، الموقع,"[-1, 0, 0]","['الغرفة', 'الإفطار', 'الموقع']"
Attractions,0.0,التجربة بشكل عام كانت متفاوتة، الفعاليات كانت تقليدية ومكررة. ترتيب الدخول كان يسير بشكل طبيعي وبالنسبة للتذاكر فـ سعر كان متوسطا ومقبولا,الفعاليات، التنظيم، التذاكر,"[0, 0, 0]","['الفعاليات', 'التنظيم', 'التذاكر']"
Restaurants,0.0,قمت بتجربة هذا المكان وملاحظاتي هي: طعم الأكل كان عادياً ولا يوجد فيه نكهة مميزة في حين أن تعامل الويترز كان عادياً,الأكل، الخدمة,"[0, 0]","['الأكل', 'الخدمة']"
Hotels,0.0,بصراحة، موقع المكان عادي ويمكن الوصول إليه بسهولة أما الغرفة فـ بالنسبة للغرفة فهي بمستوى طبيعي ولا بأس بها,الموقع، الغرفة,"[0, 0]","['الموقع', 'الغرفة']"
Hotels,0.0,قرأت تقييمات كثيرة وقررت التجربة، وجبة الإفطار كانت عادية ولم تكن مميزة. وللأسف الغرفة كانت سيئة وغير نظيفة على الإطلاق في حين أن الموقع مقبول ولا بأس به مقارنة بالسعر أما الاستقبال فـ كان مقبولا بشكل عام,الإفطار، الغرفة، الموقع، الاستقبال,"[0, -1, 0, 0]","['الإفطار', 'الغرفة', 'الموقع', 'الاستقبال']"
Attractions,0.0,قرأت تقييمات كثيرة وقررت التجربة، المكان يعتبر جيد لقضاء بعض الوقت، كما أن أسعار الدخول طبيعية مقارنة بالفعاليات أما التنظيم فـ ترتيب الدخول كان يسير بشكل طبيعي,المكان، التذاكر، التنظيم,"[0, 0, 0]","['المكان', 'التذاكر', 'التنظيم']"
Hotels,0.0,خلال عطلة نهاية الأسبوع ذهبنا إلى هناك، موظفو الاستقبال في قمة الرقي والتعاون في حين أن بالنسبة للإفطار فهو جيد نسبيا كأي فندق آخر بالإضافة إلى ذلك، موقع الفندق سيء ويصعب الوصول إليه,الاستقبال، الإفطار، الموقع,"[1, 0, -1]","['الاستقبال', 'الإفطار', 'الموقع']"
Restaurants,0.0,بصراحة، المكان يلمع من النظافة والاهتمام بالتفاصيل أما الأسعار فـ مبالغ فيها وغالية جداً، كما أن الخدمة في المطعم كانت روتينية. والطلبات كانت متوسطة المستوى ولا بأس بها,النظافة، الأسعار، الخدمة، الأكل,"[1, -1, 0, 0]","['النظافة', 'الأسعار', 'الخدمة', 'الأكل']"
Attractions,0.0,في زيارتي الأخيرة، ترتيب الدخول كان يسير بشكل طبيعي وبالنسبة للفعاليات فـ كانت تقليدية ومكررة. بشكل عام المكان طبيعي كأي حديقة أخرى، كما أن سعر التذاكر كان متوسطا ومقبولا,التنظيم، الفعاليات، المكان، التذاكر,"[0, 0, 0, 0]","['التنظيم', 'الفعاليات', 'المكان', 'التذاكر']"
Restaurants,0.0,بصراحة، الخدمة ممتازة واهتمام كبير بالزبائن، كما أن كل الأطباق كانت مطبوخة باحترافية وطعمها خيال في حين أن مستوى النظافة عادي ولا بأس به أما الأسعار فـ مبالغ فيها وغالية جداً,الخدمة، الأكل، النظافة، الأسعار,"[1, 1, 0, -1]","['الخدمة', 'الأكل', 'النظافة', 'الأسعار']"
Attractions,0.0,بصراحة، قيمة التذكرة عادية وبالنسبة للفعاليات فـ كانت تقليدية ومكررة,التذاكر، الفعاليات,"[0, 0]","['التذاكر', 'الفعاليات']"
Attractions,0.0,بصراحة، لا بأس بالتنظيم بشكل عام في حين أن العروض المقدمة كانت في المستوى الطبيعي، كما أن مساحة المكان وتصميمه مقبول ولا بأس به وبالنسبة للتذاكر فـ أسعار غالية جداً ومبالغ فيها,التنظيم، الفعاليات، المكان، التذاكر,"[0, 0, 0, -1]","['التنظيم', 'الفعاليات', 'المكان', 'التذاكر']"
Attractions,1.0,خلال عطلة نهاية الأسبوع ذهبنا إلى هناك، الأنشطة والفعاليات ممتعة جداً ومليئة بالحماس. ولا بأس بالتنظيم بشكل عام. التذاكر ليست رخيصة ولا غالية بل في المعقول,الفعاليات، التنظيم، التذاكر,"[1, 0, 0]","['الفعاليات', 'التنظيم', 'التذاكر']"
Restaurants,-1.0,قرأت تقييمات كثيرة وقررت التجربة، لم يعجبني الأكل إطلاقاً وكان دون المستوى بالإضافة إلى ذلك، مستوى الخدمة لا بأس به. وبالنسبة للأسعار فهي مقبولة إلى حد ما,الأكل، الخدمة، الأسعار,"[-1, 0, 0]","['الأكل', 'الخدمة', 'الأسعار']"
Hotels,0.0,في زيارتي الأخيرة، الغرفة واسعة ومريحة بشكل استثنائي بالإضافة إلى ذلك، جودة الطعام في الإفطار كانت ضعيفة جداً,الغرفة، الإفطار,"[1, -1]","['الغرفة', 'الإفطار']"
Hotels,1.0,الموقع استراتيجي وقريب من كل الفعاليات. الغرفة واسعة ومريحة بشكل استثنائي في حين أن بوفيه الإفطار كان تقليدياً ويقدم أصنافاً معتادة في حين أن إجراءات الدخول في الاستقبال كانت طبيعية ولم تستغرق وقتا طويلا أو قصيرا,الموقع، الغرفة، الإفطار، الاستقبال,"[1, 1, 0, 0]","['الموقع', 'الغرفة', 'الإفطار', 'الاستقبال']"
Hotels,1.0,خلال عطلة نهاية الأسبوع ذهبنا إلى هناك، مساحة الغرفة كانت متوسطة كما توقعنا. الإفطار كان لذيذاً ومتنوعاً جداً، كما أن موظفو الاستقبال قاموا بعملهم بشكل روتيني، كما أن موقع الفندق ممتاز جداً وإطلالته خرافية,الغرفة، الإفطار، الاستقبال، الموقع,"[0, 1, 0, 1]","['الغرفة', 'الإفطار', 'الاستقبال', 'الموقع']"
Attractions,0.0,في زيارتي الأخيرة، التنظيم سيء جداً وهناك عشوائية في المكان بالإضافة إلى ذلك، الفعاليات كانت تقليدية ومكررة في حين أن وجهة سياحية رائعة وتستحق الزيارة تكراراً وبالنسبة للتذاكر فـ ليست رخيصة ولا غالية بل في المعقول,التنظيم، الفعاليات، المكان، التذاكر,"[-1, 0, 1, 0]","['التنظيم', 'الفعاليات', 'المكان', 'التذاكر']"
Attractions,1.0,الأنشطة الموجودة لا بأس بها للأطفال. والمكان يعتبر جيد لقضاء بعض الوقت وبالنسبة للتنظيم فـ رائع جداً وسلس للغاية,الفعاليات، المكان، التنظيم,"[0, 0, 1]","['الفعاليات', 'المكان', 'التنظيم']"
Attractions,0.0,بصراحة، قيمة التذكرة عادية. وعروض رائعة ومتنوعة تناسب كل الأعمار، كما أن المكان يعتبر جيد لقضاء بعض الوقت أما التنظيم فـ فوضى عارمة وسوء تنظيم واضح,التذاكر، الفعاليات، المكان، التنظيم,"[0, 1, 0, -1]","['التذاكر', 'الفعاليات', 'المكان', 'التنظيم']"
Restaurants,0.0,خلال عطلة نهاية الأسبوع ذهبنا إلى هناك، الطاولات كانت نظيفة بشكل معتاد. الطلبات كانت متوسطة المستوى ولا بأس بها. السعر كان عاديا وليس مبالغا فيه في حين أن مستوى الخدمة لا بأس به,النظافة، الأكل، الأسعار، الخدمة,"[0, 0, 0, 0]","['النظافة', 'الأكل', 'الأسعار', 'الخدمة']"
Hotels,0.0,التجربة بشكل عام كانت متفاوتة، بالنسبة للغرفة فهي بمستوى طبيعي ولا بأس بها. وبالنسبة للإفطار فهو جيد نسبيا كأي فندق آخر أما الاستقبال فـ موظفو قاموا بعملهم بشكل روتيني,الغرفة، الإفطار، الاستقبال,"[0, 0, 0]","['الغرفة', 'الإفطار', 'الاستقبال']"
Restaurants,0.0,في زيارتي الأخيرة، أسعار المنيو تعتبر طبيعية مقارنة بالمطاعم الأخرى في حين أن الطلبات كانت متوسطة المستوى ولا بأس بها,الأسعار، الأكل,"[0, 0]","['الأسعار', 'الأكل']"
Attractions,0.0,بصراحة، لا بأس بالتنظيم بشكل عام أما الفعاليات فـ مقبولة وتمضية وقت ليس إلا. وبشكل عام المكان طبيعي كأي حديقة أخرى,التنظيم، الفعاليات، المكان,"[0, 0, 0]","['التنظيم', 'الفعاليات', 'المكان']"
Attractions,-1.0,بصراحة، فوضى عارمة وسوء تنظيم واضح بالإضافة إلى ذلك، التذاكر ليست رخيصة ولا غالية بل في المعقول أما الفعاليات فـ كانت تقليدية ومكررة,التنظيم، التذاكر، الفعاليات,"[-1, 0, 0]","['التنظيم', 'التذاكر', 'الفعاليات']"
Attractions,0.0,في زيارتي الأخيرة، العروض المقدمة كانت في المستوى الطبيعي في حين أن الوجهة كانت عادية ولم تبهرني كثيراً,الفعاليات، المكان,"[0, 0]","['الفعاليات', 'المكان']"
Hotels,0.0,التجربة بشكل عام كانت متفاوتة، بالنسبة للغرفة فهي بمستوى طبيعي ولا بأس بها، كما أن الموقع لا يتميز بشيء خاص ولكنه مناسب بالإضافة إلى ذلك، إجراءات الدخول في الاستقبال كانت طبيعية ولم تستغرق وقتا طويلا أو قصيرا,الغرفة، الموقع، الاستقبال,"[0, 0, 0]","['الغرفة', 'الموقع', 'الاستقبال']"
Restaurants,1.0,التجربة بشكل عام كانت متفاوتة، مستوى الخدمة لا بأس به، كما أن قيمة رائعة مقابل المال والأسعار جداً معقولة,الخدمة، الأسعار,"[0, 1]","['الخدمة', 'الأسعار']"
Hotels,1.0,خلال عطلة نهاية الأسبوع ذهبنا إلى هناك، الإفطار كان مقبولاً لكنه يفتقر للتنوع وبالنسبة للموقع فـ مقبول ولا بأس به مقارنة بالسعر وبالنسبة للاستقبال فـ ترحيب حار جداً من طاقم,الإفطار، الموقع، الاستقبال,"[0, 0, 1]","['الإفطار', 'الموقع', 'الاستقبال']"
Restaurants,0.0,التجربة بشكل عام كانت متفاوتة، الأسعار كانت متوسطة ومناسبة لجودة المكان. والمطعم نظيف لحد معقول بالإضافة إلى ذلك، طعم الأكل كان عادياً ولا يوجد فيه نكهة مميزة,الأسعار، النظافة، الأكل,"[0, 0, 0]","['الأسعار', 'النظافة', 'الأكل']"
Hotels,0.0,بصراحة، وجبة الإفطار كانت عادية ولم تكن مميزة. وأثاث الغرفة يبدو عادياً ليس حديثاً ولا قديماً جداً,الإفطار، الغرفة,"[0, 0]","['الإفطار', 'الغرفة']"
Attractions,0.0,ترتيب الدخول كان يسير بشكل طبيعي في حين أن العروض المقدمة كانت في المستوى الطبيعي. أسعار الدخول طبيعية مقارنة بالفعاليات,التنظيم، الفعاليات، التذاكر,"[0, 0, 0]","['التنظيم', 'الفعاليات', 'التذاكر']"
Restaurants,1.0,التجربة بشكل عام كانت متفاوتة، قيمة رائعة مقابل المال والأسعار جداً معقولة، كما أن الطاولات كانت نظيفة بشكل معتاد في حين أن سرعة الخدمة كانت في المعدل الطبيعي والمقبول,الأسعار، النظافة، الخدمة,"[1, 0, 0]","['الأسعار', 'النظافة', 'الخدمة']"
Hotels,0.0,خلال عطلة نهاية الأسبوع ذهبنا إلى هناك، الغرفة واسعة ومريحة بشكل استثنائي بالإضافة إلى ذلك، بوفيه الإفطار كان تقليدياً ويقدم أصنافاً معتادة وبالنسبة للموقع فـ موقع المكان عادي ويمكن الوصول إليه بسهولة وبالنسبة للاستقبال فـ تعامل كان جافاً وغير احترافي,الغرفة، الإفطار، الموقع، الاستقبال,"[1, 0, 0, -1]","['الغرفة', 'الإفطار', 'الموقع', 'الاستقبال']"
Hotels,0.0,قرأت تقييمات كثيرة وقررت التجربة، بالنسبة للغرفة فهي بمستوى طبيعي ولا بأس بها بالإضافة إلى ذلك، موظفو الاستقبال قاموا بعملهم بشكل روتيني وبالنسبة للإفطار فـ كان مقبولاً لكنه يفتقر للتنوع. وموقع الفندق يعتبر متوسطا من حيث القرب للخدمات,الغرفة، الاستقبال، الإفطار، الموقع,"[0, 0, 0, 0]","['الغرفة', 'الاستقبال', 'الإفطار', 'الموقع']"
Hotels,-1.0,قرأت تقييمات كثيرة وقررت التجربة، مساحة الغرفة كانت متوسطة كما توقعنا. والموقع بعيد جداً ومقطوع عن الخدمات. إجراءات الدخول في الاستقبال كانت طبيعية ولم تستغرق وقتا طويلا أو قصيرا,الغرفة، الموقع، الاستقبال,"[0, -1, 0]","['الغرفة', 'الموقع', 'الاستقبال']"
Attractions,0.0,بصراحة، الفعاليات كانت تقليدية ومكررة، كما أن بشكل عام المكان طبيعي كأي حديقة أخرى,الفعاليات، المكان,"[0, 0]","['الفعاليات', 'المكان']"
Hotels,0.0,بصراحة، طاقم الاستقبال كان عادياً في التعامل في حين أن أثاث الغرفة يبدو عادياً ليس حديثاً ولا قديماً جداً,الاستقبال، الغرفة,"[0, 0]","['الاستقبال', 'الغرفة']"
Restaurants,0.0,مستوى الخدمة لا بأس به. الأكل كان بارداً وطعمه سيء جداً بالإضافة إلى ذلك، المطعم غالي بشكل مبالغ فيه ولا يستحق، كما أن المكان يلمع من النظافة والاهتمام بالتفاصيل,الخدمة، الأكل، الأسعار، النظافة,"[0, -1, -1, 1]","['الخدمة', 'الأكل', 'الأسعار', 'النظافة']"
Hotels,-1.0,قمت بتجربة هذا المكان وملاحظاتي هي: موقع الفندق يعتبر متوسطا من حيث القرب للخدمات وبالنسبة للإفطار فـ جودة الطعام في كانت ضعيفة جداً,الموقع، الإفطار,"[0, -1]","['الموقع', 'الإفطار']"
Hotels,0.0,قرأت تقييمات كثيرة وقررت التجربة، بالنسبة للغرفة فهي بمستوى طبيعي ولا بأس بها أما الموقع فـ موقع الفندق يعتبر متوسطا من حيث القرب للخدمات. موظفو الاستقبال قاموا بعملهم بشكل روتيني. جودة الطعام في الإفطار كانت ضعيفة جداً,الغرفة، الموقع، الاستقبال، الإفطار,"[0, 0, 0, -1]","['الغرفة', 'الموقع', 'الاستقبال', 'الإفطار']"
Hotels,0.0,خلال عطلة نهاية الأسبوع ذهبنا إلى هناك، أثاث الغرفة يبدو عادياً ليس حديثاً ولا قديماً جداً وبالنسبة للاستقبال فـ موظفو قاموا بعملهم بشكل روتيني، كما أن الموقع مقبول ولا بأس به مقارنة بالسعر,الغرفة، الاستقبال، الموقع,"[0, 0, 0]","['الغرفة', 'الاستقبال', 'الموقع']"
Restaurants,0.0,قرأت تقييمات كثيرة وقررت التجربة، تعامل الويترز كان عادياً. والأكل مقبول لكنني تذوقت أفضل منه في حين أن بالنسبة للأسعار فهي مقبولة إلى حد ما في حين أن مستوى النظافة عادي ولا بأس به,الخدمة، الأكل، الأسعار، النظافة,"[0, 0, 0, 0]","['الخدمة', 'الأكل', 'الأسعار', 'النظافة']"
Restaurants,1.0,قرأت تقييمات كثيرة وقررت التجربة، الخدمة سريعة جداً وطاقم العمل ودود. المكان يلمع من النظافة والاهتمام بالتفاصيل أما الأكل فـ كان لذيذاً جداً وأنصح به بشدة بالإضافة إلى ذلك، المطعم غالي بشكل مبالغ فيه ولا يستحق,الخدمة، النظافة، الأكل، الأسعار,"[1, 1, 1, -1]","['الخدمة', 'النظافة', 'الأكل', 'الأسعار']"
Restaurants,1.0,قمت بتجربة هذا المكان وملاحظاتي هي: سرعة الخدمة كانت في المعدل الطبيعي والمقبول أما النظافة فـ نظافة المكان بشكل عام كانت مقبولة في حين أن الأسعار ممتازة ورخيصة مقارنة بالكمية,الخدمة، النظافة، الأسعار,"[0, 0, 1]","['الخدمة', 'النظافة', 'الأسعار']"
Hotels,0.0,الإفطار كان مقبولاً لكنه يفتقر للتنوع في حين أن الاستقبال كان مقبولا بشكل عام في حين أن مساحة الغرفة كانت متوسطة كما توقعنا وبالنسبة للموقع فـ موقع المكان عادي ويمكن الوصول إليه بسهولة,الإفطار، الاستقبال، الغرفة، الموقع,"[0, 0, 0, 0]","['الإفطار', 'الاستقبال', 'الغرفة', 'الموقع']"
Hotels,-1.0,في زيارتي الأخيرة، الموقع بعيد جداً ومقطوع عن الخدمات وبالنسبة للغرفة فـ مساحة كانت متوسطة كما توقعنا. وإجراءات الدخول في الاستقبال كانت طبيعية ولم تستغرق وقتا طويلا أو قصيرا,الموقع، الغرفة، الاستقبال,"[-1, 0, 0]","['الموقع', 'الغرفة', 'الاستقبال']"
Hotels,0.0,التجربة بشكل عام كانت متفاوتة، بالنسبة للإفطار فهو جيد نسبيا كأي فندق آخر. الموقع مقبول ولا بأس به مقارنة بالسعر، كما أن إجراءات الدخول في الاستقبال كانت طبيعية ولم تستغرق وقتا طويلا أو قصيرا في حين أن للأسف الغرفة كانت سيئة وغير نظيفة على الإطلاق,الإفطار، الموقع، الاستقبال، الغرفة,"[0, 0, 0, -1]","['الإفطار', 'الموقع', 'الاستقبال', 'الغرفة']"
Restaurants,1.0,بصراحة، الطاولات كانت نظيفة بشكل معتاد. الأكل كان لذيذاً جداً وأنصح به بشدة,النظافة، الأكل,"[0, 1]","['النظافة', 'الأكل']"
Hotels,-1.0,في زيارتي الأخيرة، الإفطار كان مقبولاً لكنه يفتقر للتنوع، كما أن تعامل الاستقبال كان جافاً وغير احترافي,الإفطار، الاستقبال,"[0, -1]","['الإفطار', 'الاستقبال']"
Hotels,0.0,موظفو الاستقبال قاموا بعملهم بشكل روتيني. وموقع الفندق يعتبر متوسطا من حيث القرب للخدمات,الاستقبال، الموقع,"[0, 0]","['الاستقبال', 'الموقع']"
Hotels,0.0,التجربة بشكل عام كانت متفاوتة، طاقم الاستقبال كان عادياً في التعامل بالإضافة إلى ذلك، بوفيه الإفطار كان تقليدياً ويقدم أصنافاً معتادة بالإضافة إلى ذلك، الموقع لا يتميز بشيء خاص ولكنه مناسب,الاستقبال، الإفطار، الموقع,"[0, 0, 0]","['الاستقبال', 'الإفطار', 'الموقع']"
Restaurants,0.0,بصراحة، نظافة المكان بشكل عام كانت مقبولة. ومستوى الخدمة لا بأس به,النظافة، الخدمة,"[0, 0]","['النظافة', 'الخدمة']"
Hotels,0.0,موقع المكان عادي ويمكن الوصول إليه بسهولة بالإضافة إلى ذلك، طاقم الاستقبال كان عادياً في التعامل أما الإفطار فـ سيء جداً والخيارات محدودة. والغرفة كانت عادية وتفي بالغرض,الموقع، الاستقبال، الإفطار، الغرفة,"[0, 0, -1, 0]","['الموقع', 'الاستقبال', 'الإفطار', 'الغرفة']"
Restaurants,0.0,خلال عطلة نهاية الأسبوع ذهبنا إلى هناك، الأكل كان لذيذاً جداً وأنصح به بشدة بالإضافة إلى ذلك، بالنسبة للأسعار فهي مقبولة إلى حد ما بالإضافة إلى ذلك، الخدمة ممتازة واهتمام كبير بالزبائن. والمكان متسخ والطاولات غير نظيفة,الأكل، الأسعار، الخدمة، النظافة,"[1, 0, 1, -1]","['الأكل', 'الأسعار', 'الخدمة', 'النظافة']"
Attractions,0.0,قرأت تقييمات كثيرة وقررت التجربة، سعر التذاكر كان متوسطا ومقبولا وبالنسبة للفعاليات فالعروض المقدمة كانت في المستوى الطبيعي، كما أن ترتيب الدخول كان يسير بشكل طبيعي,التذاكر، الفعاليات، التنظيم,"[0, 0, 0]","['التذاكر', 'الفعاليات', 'التنظيم']"
Restaurants,-1.0,التجربة بشكل عام كانت متفاوتة، مستوى النظافة عادي ولا بأس به بالإضافة إلى ذلك، الخدمة بطيئة للغاية والعمال غير مهتمين، كما أن بالنسبة للأكل فهو بمستوى طبيعي,النظافة، الخدمة، الأكل,"[0, -1, 0]","['النظافة', 'الخدمة', 'الأكل']"
Attractions,0.0,الأنشطة الموجودة لا بأس بها للأطفال بالإضافة إلى ذلك، الوجهة كانت عادية ولم تبهرني كثيراً بالإضافة إلى ذلك، ترتيب الدخول كان يسير بشكل طبيعي,الفعاليات، المكان، التنظيم,"[0, 0, 0]","['الفعاليات', 'المكان', 'التنظيم']"
Attractions,0.0,قرأت تقييمات كثيرة وقررت التجربة، لا بأس بالتنظيم بشكل عام. مساحة المكان وتصميمه مقبول ولا بأس به,التنظيم، المكان,"[0, 0]","['التنظيم', 'المكان']"
Attractions,0.0,التجربة بشكل عام كانت متفاوتة، أسعار التذاكر غالية جداً ومبالغ فيها في حين أن المكان ساحر وجميل جداً للتصوير,التذاكر، المكان,"[-1, 1]","['التذاكر', 'المكان']"
Attractions,1.0,التجربة بشكل عام كانت متفاوتة، مرتبين جداً والتنظيم احترافي أما المكان فـ ساحر وجميل جداً للتصوير,التنظيم، المكان,"[1, 1]","['التنظيم', 'المكان']"
Restaurants,-1.0,في زيارتي الأخيرة، طعم الأكل كان عادياً ولا يوجد فيه نكهة مميزة. الأسعار مبالغ فيها وغالية جداً في حين أن سرعة الخدمة كانت في المعدل الطبيعي والمقبول,الأكل، الأسعار، الخدمة,"[0, -1, 0]","['الأكل', 'الأسعار', 'الخدمة']"
Attractions,0.0,بصراحة، الفعاليات مقبولة وتمضية وقت ليس إلا. المكان يعتبر جيد لقضاء بعض الوقت بالإضافة إلى ذلك، ترتيب الدخول كان يسير بشكل طبيعي,الفعاليات، المكان، التنظيم,"[0, 0, 0]","['الفعاليات', 'المكان', 'التنظيم']"
Restaurants,0.0,قرأت تقييمات كثيرة وقررت التجربة، بالنسبة للأسعار فهي مقبولة إلى حد ما. وتعامل الويترز كان عادياً,الأسعار، الخدمة,"[0, 0]","['الأسعار', 'الخدمة']"
Hotels,0.0,بصراحة، موقع الفندق ممتاز جداً وإطلالته خرافية. الإفطار كان لذيذاً ومتنوعاً جداً، كما أن الغرفة كانت عادية وتفي بالغرض أما الاستقبال فـ واجهنا بطء شديد ومماطلة من موظفي,الموقع، الإفطار، الغرفة، الاستقبال,"[1, 1, 0, -1]","['الموقع', 'الإفطار', 'الغرفة', 'الاستقبال']"
Attractions,0.0,قرأت تقييمات كثيرة وقررت التجربة، وجهة سياحية رائعة وتستحق الزيارة تكراراً، كما أن سعر التذاكر كان متوسطا ومقبولا بالإضافة إلى ذلك، التنظيم سيء جداً وهناك عشوائية في المكان,المكان، التذاكر، التنظيم,"[1, 0, -1]","['المكان', 'التذاكر', 'التنظيم']"
Attractions,-1.0,قمت بتجربة هذا المكان وملاحظاتي هي: العروض المقدمة كانت في المستوى الطبيعي وبالنسبة للتنظيم فـ ترتيب الدخول كان يسير بشكل طبيعي بالإضافة إلى ذلك، التذكرة لا تستحق هذا السعر المرتفع إطلاقاً,الفعاليات، التنظيم، التذاكر,"[0, 0, -1]","['الفعاليات', 'التنظيم', 'التذاكر']"
Attractions,0.0,قمت بتجربة هذا المكان وملاحظاتي هي: التذكرة لا تستحق هذا السعر المرتفع إطلاقاً وبالنسبة للفعاليات فـ عروض رائعة ومتنوعة تناسب كل الأعمار وبالنسبة للمكان فـ مساحة وتصميمه مقبول ولا بأس به,التذاكر، الفعاليات، المكان,"[-1, 1, 0]","['التذاكر', 'الفعاليات', 'المكان']"
Hotels,0.0,الإفطار سيء جداً والخيارات محدودة. موقع الفندق يعتبر متوسطا من حيث القرب للخدمات وبالنسبة للغرفة فـ مساحة كانت متوسطة كما توقعنا، كما أن ترحيب حار جداً من طاقم الاستقبال,الإفطار، الموقع، الغرفة، الاستقبال,"[-1, 0, 0, 1]","['الإفطار', 'الموقع', 'الغرفة', 'الاستقبال']"
Attractions,1.0,قمت بتجربة هذا المكان وملاحظاتي هي: الأنشطة الموجودة لا بأس بها للأطفال بالإضافة إلى ذلك، التذاكر قيمتها ممتازة وتشمل خيارات كثيرة بالإضافة إلى ذلك، مساحة المكان وتصميمه مقبول ولا بأس به وبالنسبة للتنظيم فـ مرتبين جداً و احترافي,الفعاليات، التذاكر، المكان، التنظيم,"[0, 1, 0, 1]","['الفعاليات', 'التذاكر', 'المكان', 'التنظيم']"
Attractions,1.0,خلال عطلة نهاية الأسبوع ذهبنا إلى هناك، الفعاليات كانت تقليدية ومكررة أما التذاكر فـ قيمتها ممتازة وتشمل خيارات كثيرة,الفعاليات، التذاكر,"[0, 1]","['الفعاليات', 'التذاكر']"
Hotels,1.0,في زيارتي الأخيرة، بوفيه الإفطار كان تقليدياً ويقدم أصنافاً معتادة. أعجبتني الغرفة بنظافتها الفائقة وتصميمها الرائع,الإفطار، الغرفة,"[0, 1]","['الإفطار', 'الغرفة']"
Hotels,1.0,الاستقبال كان مقبولا بشكل عام وبالنسبة للغرفة فـ أعجبتني بنظافتها الفائقة وتصميمها الرائع بالإضافة إلى ذلك، الموقع مقبول ولا بأس به مقارنة بالسعر وبالنسبة للإفطار فـ بوفيه مذهل ويحتوي على خيارات رائعة,الاستقبال، الغرفة، الموقع، الإفطار,"[0, 1, 0, 1]","['الاستقبال', 'الغرفة', 'الموقع', 'الإفطار']"
Restaurants,0.0,التجربة بشكل عام كانت متفاوتة، أسعار المنيو تعتبر طبيعية مقارنة بالمطاعم الأخرى أما النظافة فـ مستوى عادي ولا بأس به,الأسعار، النظافة,"[0, 0]","['الأسعار', 'النظافة']"
Restaurants,0.0,في زيارتي الأخيرة، الأكل مقبول لكنني تذوقت أفضل منه في حين أن مستوى النظافة عادي ولا بأس به,الأكل، النظافة,"[0, 0]","['الأكل', 'النظافة']"
Attractions,0.0,أسعار الدخول طبيعية مقارنة بالفعاليات. لا بأس بالتنظيم بشكل عام,التذاكر، التنظيم,"[0, 0]","['التذاكر', 'التنظيم']"
Restaurants,0.0,بصراحة، الطاولات كانت نظيفة بشكل معتاد في حين أن سرعة الخدمة كانت في المعدل الطبيعي والمقبول، كما أن الأكل مقبول لكنني تذوقت أفضل منه,النظافة، الخدمة، الأكل,"[0, 0, 0]","['النظافة', 'الخدمة', 'الأكل']"
Hotels,1.0,في زيارتي الأخيرة، موقع الفندق ممتاز جداً وإطلالته خرافية أما الاستقبال فـ طاقم كان عادياً في التعامل، كما أن بوفيه الإفطار كان تقليدياً ويقدم أصنافاً معتادة,الموقع، الاستقبال، الإفطار,"[1, 0, 0]","['الموقع', 'الاستقبال', 'الإفطار']"
Restaurants,1.0,التجربة بشكل عام كانت متفاوتة، نظافة المطعم ممتازة جداً وبالنسبة للأكل فـ كان لذيذاً جداً وأنصح به بشدة في حين أن أسوأ خدمة جربتها في حياتي,النظافة، الأكل، الخدمة,"[1, 1, -1]","['النظافة', 'الأكل', 'الخدمة']"
Hotels,0.0,الإفطار كان مقبولاً لكنه يفتقر للتنوع بالإضافة إلى ذلك، أثاث الغرفة يبدو عادياً ليس حديثاً ولا قديماً جداً. وموظفو الاستقبال قاموا بعملهم بشكل روتيني. وموقع الفندق سيء ويصعب الوصول إليه,الإفطار، الغرفة، الاستقبال، الموقع,"[0, 0, 0, -1]","['الإفطار', 'الغرفة', 'الاستقبال', 'الموقع']"
Restaurants,0.0,قرأت تقييمات كثيرة وقررت التجربة، سرعة الخدمة كانت في المعدل الطبيعي والمقبول بالإضافة إلى ذلك، الأسعار كانت متوسطة ومناسبة لجودة المكان,الخدمة، الأسعار,"[0, 0]","['الخدمة', 'الأسعار']"
Restaurants,0.0,بصراحة، السعر كان عاديا وليس مبالغا فيه. المطعم نظيف لحد معقول. والطلبات كانت متوسطة المستوى ولا بأس بها في حين أن الخدمة سريعة جداً وطاقم العمل ودود,الأسعار، النظافة، الأكل، الخدمة,"[0, 0, 0, 1]","['الأسعار', 'النظافة', 'الأكل', 'الخدمة']"
Attractions,0.0,لا توجد فعاليات تذكر والأنشطة سيئة وبالنسبة للتذاكر فـ قيمتها ممتازة وتشمل خيارات كثيرة,الفعاليات، التذاكر,"[-1, 1]","['الفعاليات', 'التذاكر']"
Attractions,-1.0,قرأت تقييمات كثيرة وقررت التجربة، التذاكر ليست رخيصة ولا غالية بل في المعقول. والتنظيم سيء جداً وهناك عشوائية في المكان,التذاكر، التنظيم,"[0, -1]","['التذاكر', 'التنظيم']"
Attractions,-1.0,التجربة بشكل عام كانت متفاوتة، لا أنصح بزيارة المكان فهو سيء للغاية في حين أن أسعار الدخول طبيعية مقارنة بالفعاليات,المكان، التذاكر,"[-1, 0]","['المكان', 'التذاكر']"
Hotels,0.0,في زيارتي الأخيرة، إجراءات الدخول في الاستقبال كانت طبيعية ولم تستغرق وقتا طويلا أو قصيرا. موقع الفندق يعتبر متوسطا من حيث القرب للخدمات وبالنسبة للإفطار فـ بوفيه كان تقليدياً ويقدم أصنافاً معتادة,الاستقبال، الموقع، الإفطار,"[0, 0, 0]","['الاستقبال', 'الموقع', 'الإفطار']"
Restaurants,0.0,خلال عطلة نهاية الأسبوع ذهبنا إلى هناك، طعم الأكل كان عادياً ولا يوجد فيه نكهة مميزة، كما أن نظافة المكان بشكل عام كانت مقبولة، كما أن الأسعار مبالغ فيها وغالية جداً أما الخدمة فـ مستوى لا بأس به,الأكل، النظافة، الأسعار، الخدمة,"[0, 0, -1, 0]","['الأكل', 'النظافة', 'الأسعار', 'الخدمة']"
Attractions,-1.0,قيمة التذكرة عادية في حين أن الفعاليات مملة جداً ولا يوجد تجديد. المكان كئيب وممل جداً,التذاكر، الفعاليات، المكان,"[0, -1, -1]","['التذاكر', 'الفعاليات', 'المكان']"
Restaurants,-1.0,التجربة بشكل عام كانت متفاوتة، الطاولات كانت نظيفة بشكل معتاد أما الخدمة فـ بطيئة للغاية والعمال غير مهتمين,النظافة، الخدمة,"[0, -1]","['النظافة', 'الخدمة']"
Hotels,0.0,التجربة بشكل عام كانت متفاوتة، موظفو الاستقبال قاموا بعملهم بشكل روتيني في حين أن للأسف الغرفة كانت سيئة وغير نظيفة على الإطلاق أما الإفطار فـ كان لذيذاً ومتنوعاً جداً، كما أن موقع الفندق يعتبر متوسطا من حيث القرب للخدمات,الاستقبال، الغرفة، الإفطار، الموقع,"[0, -1, 1, 0]","['الاستقبال', 'الغرفة', 'الإفطار', 'الموقع']"
Hotels,1.0,بالنسبة للغرفة فهي بمستوى طبيعي ولا بأس بها، كما أن إجراءات الدخول في الاستقبال كانت طبيعية ولم تستغرق وقتا طويلا أو قصيرا. وبوفيه الإفطار مذهل ويحتوي على خيارات رائعة,الغرفة، الاستقبال، الإفطار,"[0, 0, 1]","['الغرفة', 'الاستقبال', 'الإفطار']"
Restaurants,1.0,قرأت تقييمات كثيرة وقررت التجربة، مستوى الخدمة لا بأس به. والمكان يلمع من النظافة والاهتمام بالتفاصيل أما الأكل فـ طعم كان عادياً ولا يوجد فيه نكهة مميزة,الخدمة، النظافة، الأكل,"[0, 1, 0]","['الخدمة', 'النظافة', 'الأكل']"
Hotels,1.0,بصراحة، طاقم الاستقبال كان عادياً في التعامل بالإضافة إلى ذلك، الغرفة واسعة ومريحة بشكل استثنائي، كما أن موقع الفندق ممتاز جداً وإطلالته خرافية,الاستقبال، الغرفة، الموقع,"[0, 1, 1]","['الاستقبال', 'الغرفة', 'الموقع']"
Hotels,0.0,بصراحة، موظفو الاستقبال قاموا بعملهم بشكل روتيني أما الغرفة فـ مساحة كانت متوسطة كما توقعنا وبالنسبة للإفطار فـ بوفيه كان تقليدياً ويقدم أصنافاً معتادة. وموقع المكان عادي ويمكن الوصول إليه بسهولة,الاستقبال، الغرفة، الإفطار، الموقع,"[0, 0, 0, 0]","['الاستقبال', 'الغرفة', 'الإفطار', 'الموقع']"
Restaurants,0.0,قمت بتجربة هذا المكان وملاحظاتي هي: الأكل كان لذيذاً جداً وأنصح به بشدة في حين أن مستوى النظافة عادي ولا بأس به. السعر كان عاديا وليس مبالغا فيه في حين أن الخدمة في المطعم كانت روتينية,الأكل، النظافة، الأسعار، الخدمة,"[1, 0, 0, 0]","['الأكل', 'النظافة', 'الأسعار', 'الخدمة']"
Hotels,0.0,خلال عطلة نهاية الأسبوع ذهبنا إلى هناك، وجبة الإفطار كانت عادية ولم تكن مميزة أما الموقع فـ مقبول ولا بأس به مقارنة بالسعر,الإفطار، الموقع,"[0, 0]","['الإفطار', 'الموقع']"
Hotels,0.0,موقع المكان عادي ويمكن الوصول إليه بسهولة. موظفو الاستقبال قاموا بعملهم بشكل روتيني. بالنسبة للغرفة فهي بمستوى طبيعي ولا بأس بها أما الإفطار فـ وجبة كانت عادية ولم تكن مميزة,الموقع، الاستقبال، الغرفة، الإفطار,"[0, 0, 0, 0]","['الموقع', 'الاستقبال', 'الغرفة', 'الإفطار']"
Restaurants,0.0,الخدمة في المطعم كانت روتينية أما الأكل فالطلبات كانت متوسطة المستوى ولا بأس بها في حين أن الطاولات كانت نظيفة بشكل معتاد بالإضافة إلى ذلك، قيمة رائعة مقابل المال والأسعار جداً معقولة,الخدمة، الأكل، النظافة، الأسعار,"[0, 0, 0, 1]","['الخدمة', 'الأكل', 'النظافة', 'الأسعار']"
Hotels,-1.0,خلال عطلة نهاية الأسبوع ذهبنا إلى هناك، وجبة الإفطار كانت عادية ولم تكن مميزة. موقع الفندق سيء ويصعب الوصول إليه,الإفطار، الموقع,"[0, -1]","['الإفطار', 'الموقع']"
Attractions,-1.0,قرأت تقييمات كثيرة وقررت التجربة، المكان يعتبر جيد لقضاء بعض الوقت. قيمة التذكرة عادية. ولا توجد فعاليات تذكر والأنشطة سيئة وبالنسبة للتنظيم فـ فوضى عارمة وسوء تنظيم واضح,المكان، التذاكر، الفعاليات، التنظيم,"[0, 0, -1, -1]","['المكان', 'التذاكر', 'الفعاليات', 'التنظيم']"
Hotels,1.0,في زيارتي الأخيرة، موقع الفندق يعتبر متوسطا من حيث القرب للخدمات في حين أن ترحيب حار جداً من طاقم الاستقبال بالإضافة إلى ذلك، بوفيه الإفطار كان تقليدياً ويقدم أصنافاً معتادة,الموقع، الاستقبال، الإفطار,"[0, 1, 0]","['الموقع', 'الاستقبال', 'الإفطار']"
Hotels,1.0,قرأت تقييمات كثيرة وقررت التجربة، موظفو الاستقبال قاموا بعملهم بشكل روتيني بالإضافة إلى ذلك، الإفطار كان لذيذاً ومتنوعاً جداً. وموقع الفندق يعتبر متوسطا من حيث القرب للخدمات,الاستقبال، الإفطار، الموقع,"[0, 1, 0]","['الاستقبال', 'الإفطار', 'الموقع']"
Hotels,0.0,في زيارتي الأخيرة، بوفيه الإفطار كان تقليدياً ويقدم أصنافاً معتادة في حين أن موقع الفندق ممتاز جداً وإطلالته خرافية وبالنسبة للغرفة فـ للأسف كانت سيئة وغير نظيفة على الإطلاق,الإفطار، الموقع، الغرفة,"[0, 1, -1]","['الإفطار', 'الموقع', 'الغرفة']"
Hotels,0.0,قمت بتجربة هذا المكان وملاحظاتي هي: أثاث الغرفة يبدو عادياً ليس حديثاً ولا قديماً جداً بالإضافة إلى ذلك، بالنسبة للإفطار فهو جيد نسبيا كأي فندق آخر، كما أن موقع الفندق يعتبر متوسطا من حيث القرب للخدمات، كما أن إجراءات الدخول في الاستقبال كانت طبيعية ولم تستغرق وقتا طويلا أو قصيرا,الغرفة، الإفطار، الموقع، الاستقبال,"[0, 0, 0, 0]","['الغرفة', 'الإفطار', 'الموقع', 'الاستقبال']"
Hotels,1.0,التجربة بشكل عام كانت متفاوتة، بالنسبة للإفطار فهو جيد نسبيا كأي فندق آخر في حين أن الغرفة واسعة ومريحة بشكل استثنائي. موقع المكان عادي ويمكن الوصول إليه بسهولة,الإفطار، الغرفة، الموقع,"[0, 1, 0]","['الإفطار', 'الغرفة', 'الموقع']"
Restaurants,0.0,قمت بتجربة هذا المكان وملاحظاتي هي: بالنسبة للأسعار فهي مقبولة إلى حد ما. الطاولات كانت نظيفة بشكل معتاد. الخدمة ممتازة واهتمام كبير بالزبائن في حين أن طعم الأكل كان عادياً ولا يوجد فيه نكهة مميزة,الأسعار، النظافة، الخدمة، الأكل,"[0, 0, 1, 0]","['الأسعار', 'النظافة', 'الخدمة', 'الأكل']"
Attractions,0.0,في زيارتي الأخيرة، الإدارة والتنظيم بمستوى مقبول في حين أن الوجهة كانت عادية ولم تبهرني كثيراً. وسعر التذاكر كان متوسطا ومقبولا,التنظيم، المكان، التذاكر,"[0, 0, 0]","['التنظيم', 'المكان', 'التذاكر']"
Attractions,0.0,قمت بتجربة هذا المكان وملاحظاتي هي: لا بأس بالتنظيم بشكل عام، كما أن التذاكر قيمتها ممتازة وتشمل خيارات كثيرة أما المكان فـ بشكل عام طبيعي كأي حديقة أخرى أما الفعاليات فـ مقبولة وتمضية وقت ليس إلا,التنظيم، التذاكر، المكان، الفعاليات,"[0, 1, 0, 0]","['التنظيم', 'التذاكر', 'المكان', 'الفعاليات']"
Attractions,0.0,أسعار الدخول طبيعية مقارنة بالفعاليات وبالنسبة للفعاليات فالعروض المقدمة كانت في المستوى الطبيعي، كما أن الوجهة كانت عادية ولم تبهرني كثيراً,التذاكر، الفعاليات، المكان,"[0, 0, 0]","['التذاكر', 'الفعاليات', 'المكان']"
Restaurants,-1.0,قرأت تقييمات كثيرة وقررت التجربة، طعم الأكل كان عادياً ولا يوجد فيه نكهة مميزة وبالنسبة للأسعار فالسعر كان عاديا وليس مبالغا فيه أما النظافة فـ معدومة في هذا المطعم,الأكل، الأسعار، النظافة,"[0, 0, -1]","['الأكل', 'الأسعار', 'النظافة']"
Hotels,0.0,التجربة بشكل عام كانت متفاوتة، الغرفة كانت عادية وتفي بالغرض في حين أن وجبة الإفطار كانت عادية ولم تكن مميزة. والاستقبال كان مقبولا بشكل عام,الغرفة، الإفطار، الاستقبال,"[0, 0, 0]","['الغرفة', 'الإفطار', 'الاستقبال']"
Restaurants,0.0,التجربة بشكل عام كانت متفاوتة، نظافة المكان بشكل عام كانت مقبولة وبالنسبة للأسعار فالسعر كان عاديا وليس مبالغا فيه,النظافة، الأسعار,"[0, 0]","['النظافة', 'الأسعار']"
Restaurants,0.0,بصراحة، قيمة رائعة مقابل المال والأسعار جداً معقولة أما الخدمة فـ تعامل الويترز كان عادياً في حين أن الطاولات كانت نظيفة بشكل معتاد. والطلبات كانت متوسطة المستوى ولا بأس بها,الأسعار، الخدمة، النظافة، الأكل,"[1, 0, 0, 0]","['الأسعار', 'الخدمة', 'النظافة', 'الأكل']"
Attractions,0.0,خلال عطلة نهاية الأسبوع ذهبنا إلى هناك، التذاكر قيمتها ممتازة وتشمل خيارات كثيرة. وترتيب الدخول كان يسير بشكل طبيعي. الفعاليات مملة جداً ولا يوجد تجديد بالإضافة إلى ذلك، بشكل عام المكان طبيعي كأي حديقة أخرى,التذاكر، التنظيم، الفعاليات، المكان,"[1, 0, -1, 0]","['التذاكر', 'التنظيم', 'الفعاليات', 'المكان']"
Attractions,0.0,قمت بتجربة هذا المكان وملاحظاتي هي: سعر التذاكر كان متوسطا ومقبولا في حين أن الفعاليات مقبولة وتمضية وقت ليس إلا. الوجهة كانت عادية ولم تبهرني كثيراً وبالنسبة للتنظيم فـ فوضى عارمة وسوء تنظيم واضح,التذاكر، الفعاليات، المكان، التنظيم,"[0, 0, 0, -1]","['التذاكر', 'الفعاليات', 'المكان', 'التنظيم']"
Hotels,0.0,قمت بتجربة هذا المكان وملاحظاتي هي: الموقع مقبول ولا بأس به مقارنة بالسعر بالإضافة إلى ذلك، بالنسبة للغرفة فهي بمستوى طبيعي ولا بأس بها. والإفطار سيء جداً والخيارات محدودة وبالنسبة للاستقبال فـ ترحيب حار جداً من طاقم,الموقع، الغرفة، الإفطار، الاستقبال,"[0, 0, -1, 1]","['الموقع', 'الغرفة', 'الإفطار', 'الاستقبال']"
Attractions,-1.0,خلال عطلة نهاية الأسبوع ذهبنا إلى هناك، العروض المقدمة كانت في المستوى الطبيعي بالإضافة إلى ذلك، المكان كئيب وممل جداً في حين أن أسعار الدخول طبيعية مقارنة بالفعاليات,الفعاليات، المكان، التذاكر,"[0, -1, 0]","['الفعاليات', 'المكان', 'التذاكر']"
Hotels,0.0,واجهنا بطء شديد ومماطلة من موظفي الاستقبال. ومساحة الغرفة كانت متوسطة كما توقعنا. وبوفيه الإفطار مذهل ويحتوي على خيارات رائعة. موقع الفندق سيء ويصعب الوصول إليه,الاستقبال، الغرفة، الإفطار، الموقع,"[-1, 0, 1, -1]","['الاستقبال', 'الغرفة', 'الإفطار', 'الموقع']"
Hotels,0.0,مساحة الغرفة كانت متوسطة كما توقعنا أما الموقع فـ لا يتميز بشيء خاص ولكنه مناسب,الغرفة، الموقع,"[0, 0]","['الغرفة', 'الموقع']"
Attractions,0.0,في زيارتي الأخيرة، أسعار الدخول طبيعية مقارنة بالفعاليات بالإضافة إلى ذلك، لا بأس بالتنظيم بشكل عام. والفعاليات مقبولة وتمضية وقت ليس إلا. والمكان يعتبر جيد لقضاء بعض الوقت,التذاكر، التنظيم، الفعاليات، المكان,"[0, 0, 0, 0]","['التذاكر', 'التنظيم', 'الفعاليات', 'المكان']"
Attractions,0.0,بصراحة، لا بأس بالتنظيم بشكل عام، كما أن المكان يعتبر جيد لقضاء بعض الوقت، كما أن العروض المقدمة كانت في المستوى الطبيعي,التنظيم، المكان، الفعاليات,"[0, 0, 0]","['التنظيم', 'المكان', 'الفعاليات']"
Restaurants,-1.0,قرأت تقييمات كثيرة وقررت التجربة، السعر كان عاديا وليس مبالغا فيه، كما أن المكان متسخ والطاولات غير نظيفة. وسرعة الخدمة كانت في المعدل الطبيعي والمقبول,الأسعار، النظافة، الخدمة,"[0, -1, 0]","['الأسعار', 'النظافة', 'الخدمة']"
Attractions,0.0,قمت بتجربة هذا المكان وملاحظاتي هي: التذاكر ليست رخيصة ولا غالية بل في المعقول بالإضافة إلى ذلك، الإدارة والتنظيم بمستوى مقبول، كما أن مساحة المكان وتصميمه مقبول ولا بأس به,التذاكر، التنظيم، المكان,"[0, 0, 0]","['التذاكر', 'التنظيم', 'المكان']"
Attractions,0.0,في زيارتي الأخيرة، لا بأس بالتنظيم بشكل عام أما التذاكر فـ قيمة التذكرة عادية,التنظيم، التذاكر,"[0, 0]","['التنظيم', 'التذاكر']"
Hotels,0.0,بصراحة، إجراءات الدخول في الاستقبال كانت طبيعية ولم تستغرق وقتا طويلا أو قصيرا، كما أن بالنسبة للإفطار فهو جيد نسبيا كأي فندق آخر,الاستقبال، الإفطار,"[0, 0]","['الاستقبال', 'الإفطار']"
Hotels,0.0,طاقم الاستقبال كان عادياً في التعامل. وبوفيه الإفطار كان تقليدياً ويقدم أصنافاً معتادة,الاستقبال، الإفطار,"[0, 0]","['الاستقبال', 'الإفطار']"
Restaurants,0.0,بصراحة، مستوى الخدمة لا بأس به وبالنسبة للأسعار فالسعر كان عاديا وليس مبالغا فيه. وبالنسبة للأكل فهو بمستوى طبيعي,الخدمة، الأسعار، الأكل,"[0, 0, 0]","['الخدمة', 'الأسعار', 'الأكل']"
Hotels,1.0,في زيارتي الأخيرة، الغرفة كانت عادية وتفي بالغرض. وموظفو الاستقبال قاموا بعملهم بشكل روتيني وبالنسبة للموقع فـ موقع الفندق ممتاز جداً وإطلالته خرافية,الغرفة، الاستقبال، الموقع,"[0, 0, 1]","['الغرفة', 'الاستقبال', 'الموقع']"
Hotels,-1.0,خلال عطلة نهاية الأسبوع ذهبنا إلى هناك، موظفو الاستقبال قاموا بعملهم بشكل روتيني. أثاث الغرفة يبدو عادياً ليس حديثاً ولا قديماً جداً، كما أن الإفطار سيء جداً والخيارات محدودة,الاستقبال، الغرفة، الإفطار,"[0, 0, -1]","['الاستقبال', 'الغرفة', 'الإفطار']"
Attractions,-1.0,التجربة بشكل عام كانت متفاوتة، لا أنصح بزيارة المكان فهو سيء للغاية، كما أن التنظيم داخل المرفق كان عاديا,المكان، التنظيم,"[-1, 0]","['المكان', 'التنظيم']"
Attractions,1.0,قرأت تقييمات كثيرة وقررت التجربة، أسعار الدخول طبيعية مقارنة بالفعاليات أما التنظيم فـ مرتبين جداً و احترافي، كما أن الوجهة كانت عادية ولم تبهرني كثيراً,التذاكر، التنظيم، المكان,"[0, 1, 0]","['التذاكر', 'التنظيم', 'المكان']"
Restaurants,0.0,قمت بتجربة هذا المكان وملاحظاتي هي: بالنسبة للأسعار فهي مقبولة إلى حد ما بالإضافة إلى ذلك، الطاولات كانت نظيفة بشكل معتاد بالإضافة إلى ذلك، مستوى الخدمة لا بأس به بالإضافة إلى ذلك، الطلبات كانت متوسطة المستوى ولا بأس بها,الأسعار، النظافة، الخدمة، الأكل,"[0, 0, 0, 0]","['الأسعار', 'النظافة', 'الخدمة', 'الأكل']"
Attractions,0.0,في زيارتي الأخيرة، قيمة التذكرة عادية وبالنسبة للمكان فـ مساحة وتصميمه مقبول ولا بأس به، كما أن العروض المقدمة كانت في المستوى الطبيعي,التذاكر، المكان، الفعاليات,"[0, 0, 0]","['التذاكر', 'المكان', 'الفعاليات']"
Restaurants,0.0,قرأت تقييمات كثيرة وقررت التجربة، نظافة المكان بشكل عام كانت مقبولة في حين أن الخدمة في المطعم كانت روتينية أما الأكل فـ مقبول لكنني تذوقت أفضل منه,النظافة، الخدمة، الأكل,"[0, 0, 0]","['النظافة', 'الخدمة', 'الأكل']"
Hotels,1.0,قمت بتجربة هذا المكان وملاحظاتي هي: الغرفة واسعة ومريحة بشكل استثنائي. الإفطار كان مقبولاً لكنه يفتقر للتنوع. والموقع لا يتميز بشيء خاص ولكنه مناسب,الغرفة، الإفطار، الموقع,"[1, 0, 0]","['الغرفة', 'الإفطار', 'الموقع']"
Hotels,0.0,في زيارتي الأخيرة، الموقع بعيد جداً ومقطوع عن الخدمات أما الإفطار فـ بوفيه كان تقليدياً ويقدم أصنافاً معتادة وبالنسبة للاستقبال فـ موظفو في قمة الرقي والتعاون,الموقع، الإفطار، الاستقبال,"[-1, 0, 1]","['الموقع', 'الإفطار', 'الاستقبال']"
Restaurants,0.0,قمت بتجربة هذا المكان وملاحظاتي هي: السعر كان عاديا وليس مبالغا فيه. والخدمة في المطعم كانت روتينية أما النظافة فالطاولات كانت نظيفة بشكل معتاد وبالنسبة للأكل فـ بالنسبة للأكل فهو بمستوى طبيعي,الأسعار، الخدمة، النظافة، الأكل,"[0, 0, 0, 0]","['الأسعار', 'الخدمة', 'النظافة', 'الأكل']"
Hotels,0.0,بصراحة، وجبة الإفطار كانت عادية ولم تكن مميزة. وإجراءات الدخول في الاستقبال كانت طبيعية ولم تستغرق وقتا طويلا أو قصيرا. الموقع مقبول ولا بأس به مقارنة بالسعر، كما أن أثاث الغرفة يبدو عادياً ليس حديثاً ولا قديماً جداً,الإفطار، الاستقبال، الموقع، الغرفة,"[0, 0, 0, 0]","['الإفطار', 'الاستقبال', 'الموقع', 'الغرفة']"
Attractions,0.0,في زيارتي الأخيرة، أسعار الدخول طبيعية مقارنة بالفعاليات. الفعاليات مقبولة وتمضية وقت ليس إلا في حين أن ترتيب الدخول كان يسير بشكل طبيعي,التذاكر، الفعاليات، التنظيم,"[0, 0, 0]","['التذاكر', 'الفعاليات', 'التنظيم']"
Restaurants,0.0,قمت بتجربة هذا المكان وملاحظاتي هي: مستوى النظافة عادي ولا بأس به، كما أن الطلبات كانت متوسطة المستوى ولا بأس بها، كما أن الأسعار كانت متوسطة ومناسبة لجودة المكان,النظافة، الأكل، الأسعار,"[0, 0, 0]","['النظافة', 'الأكل', 'الأسعار']"
Hotels,0.0,قمت بتجربة هذا المكان وملاحظاتي هي: بالنسبة للغرفة فهي بمستوى طبيعي ولا بأس بها. الإفطار كان مقبولاً لكنه يفتقر للتنوع. موقع المكان عادي ويمكن الوصول إليه بسهولة,الغرفة، الإفطار، الموقع,"[0, 0, 0]","['الغرفة', 'الإفطار', 'الموقع']"
Restaurants,1.0,قمت بتجربة هذا المكان وملاحظاتي هي: الأكل مقبول لكنني تذوقت أفضل منه. وتعامل الويترز كان عادياً وبالنسبة للنظافة فالمكان يلمع من والاهتمام بالتفاصيل,الأكل، الخدمة، النظافة,"[0, 0, 1]","['الأكل', 'الخدمة', 'النظافة']"
Hotels,0.0,في زيارتي الأخيرة، أثاث الغرفة يبدو عادياً ليس حديثاً ولا قديماً جداً، كما أن بالنسبة للإفطار فهو جيد نسبيا كأي فندق آخر وبالنسبة للموقع فـ لا يتميز بشيء خاص ولكنه مناسب,الغرفة، الإفطار، الموقع,"[0, 0, 0]","['الغرفة', 'الإفطار', 'الموقع']"
Hotels,1.0,قرأت تقييمات كثيرة وقررت التجربة، موقع المكان عادي ويمكن الوصول إليه بسهولة. والإفطار كان لذيذاً ومتنوعاً جداً,الموقع، الإفطار,"[0, 1]","['الموقع', 'الإفطار']"
Hotels,-1.0,خلال عطلة نهاية الأسبوع ذهبنا إلى هناك، أثاث الغرفة يبدو عادياً ليس حديثاً ولا قديماً جداً أما الإفطار فـ جودة الطعام في كانت ضعيفة جداً,الغرفة، الإفطار,"[0, -1]","['الغرفة', 'الإفطار']"
Attractions,1.0,قمت بتجربة هذا المكان وملاحظاتي هي: وجهة سياحية رائعة وتستحق الزيارة تكراراً. وأسعار التذاكر رخيصة جداً ومناسبة للجميع. لا بأس بالتنظيم بشكل عام,المكان، التذاكر، التنظيم,"[1, 1, 0]","['المكان', 'التذاكر', 'التنظيم']"
Hotels,0.0,بصراحة، وجبة الإفطار كانت عادية ولم تكن مميزة بالإضافة إلى ذلك، طاقم الاستقبال كان عادياً في التعامل,الإفطار، الاستقبال,"[0, 0]","['الإفطار', 'الاستقبال']"
Restaurants,1.0,في زيارتي الأخيرة، الأكل كان لذيذاً جداً وأنصح به بشدة وبالنسبة للأسعار فـ قيمة رائعة مقابل المال و جداً معقولة,الأكل، الأسعار,"[1, 1]","['الأكل', 'الأسعار']"
Hotels,0.0,قرأت تقييمات كثيرة وقررت التجربة، الإفطار سيء جداً والخيارات محدودة. ومساحة الغرفة كانت متوسطة كما توقعنا. وإجراءات الدخول في الاستقبال كانت طبيعية ولم تستغرق وقتا طويلا أو قصيرا. وموقع المكان عادي ويمكن الوصول إليه بسهولة,الإفطار، الغرفة، الاستقبال، الموقع,"[-1, 0, 0, 0]","['الإفطار', 'الغرفة', 'الاستقبال', 'الموقع']"
Restaurants,-1.0,في زيارتي الأخيرة، نظافة المكان بشكل عام كانت مقبولة في حين أن الأكل مقبول لكنني تذوقت أفضل منه بالإضافة إلى ذلك، الأسعار مبالغ فيها وغالية جداً,النظافة، الأكل، الأسعار,"[0, 0, -1]","['النظافة', 'الأكل', 'الأسعار']"
Restaurants,0.0,في زيارتي الأخيرة، أسعار المنيو تعتبر طبيعية مقارنة بالمطاعم الأخرى، كما أن مستوى الخدمة لا بأس به، كما أن نظافة المكان بشكل عام كانت مقبولة بالإضافة إلى ذلك، الطلبات كانت متوسطة المستوى ولا بأس بها,الأسعار، الخدمة، النظافة، الأكل,"[0, 0, 0, 0]","['الأسعار', 'الخدمة', 'النظافة', 'الأكل']"
Hotels,0.0,التجربة بشكل عام كانت متفاوتة، طاقم الاستقبال كان عادياً في التعامل أما الموقع فـ لا يتميز بشيء خاص ولكنه مناسب. مساحة الغرفة كانت متوسطة كما توقعنا,الاستقبال، الموقع، الغرفة,"[0, 0, 0]","['الاستقبال', 'الموقع', 'الغرفة']"
Hotels,0.0,مساحة الغرفة كانت متوسطة كما توقعنا، كما أن بوفيه الإفطار كان تقليدياً ويقدم أصنافاً معتادة في حين أن الموقع مقبول ولا بأس به مقارنة بالسعر وبالنسبة للاستقبال فـ كان مقبولا بشكل عام,الغرفة، الإفطار، الموقع، الاستقبال,"[0, 0, 0, 0]","['الغرفة', 'الإفطار', 'الموقع', 'الاستقبال']"
Attractions,-1.0,خلال عطلة نهاية الأسبوع ذهبنا إلى هناك، الأنشطة الموجودة لا بأس بها للأطفال في حين أن فوضى عارمة وسوء تنظيم واضح وبالنسبة للتذاكر فـ ليست رخيصة ولا غالية بل في المعقول أما المكان فـ لا أنصح بزيارة فهو سيء للغاية,الفعاليات، التنظيم، التذاكر، المكان,"[0, -1, 0, -1]","['الفعاليات', 'التنظيم', 'التذاكر', 'المكان']"
Restaurants,0.0,التجربة بشكل عام كانت متفاوتة، الخدمة ممتازة واهتمام كبير بالزبائن في حين أن النظافة معدومة في هذا المطعم. وطعم الأكل كان عادياً ولا يوجد فيه نكهة مميزة,الخدمة، النظافة، الأكل,"[1, -1, 0]","['الخدمة', 'النظافة', 'الأكل']"
Restaurants,-1.0,في زيارتي الأخيرة، أسعار المنيو تعتبر طبيعية مقارنة بالمطاعم الأخرى. ولم يعجبني الأكل إطلاقاً وكان دون المستوى بالإضافة إلى ذلك، نظافة المكان بشكل عام كانت مقبولة,الأسعار، الأكل، النظافة,"[0, -1, 0]","['الأسعار', 'الأكل', 'النظافة']"
Hotels,0.0,في زيارتي الأخيرة، الموقع مقبول ولا بأس به مقارنة بالسعر، كما أن بالنسبة للغرفة فهي بمستوى طبيعي ولا بأس بها. والإفطار كان مقبولاً لكنه يفتقر للتنوع,الموقع، الغرفة، الإفطار,"[0, 0, 0]","['الموقع', 'الغرفة', 'الإفطار']"
Attractions,1.0,بصراحة، لا بأس بالتنظيم بشكل عام. والتذاكر قيمتها ممتازة وتشمل خيارات كثيرة,التنظيم، التذاكر,"[0, 1]","['التنظيم', 'التذاكر']"
Restaurants,0.0,في زيارتي الأخيرة، مستوى الخدمة لا بأس به، كما أن طعم الأكل كان عادياً ولا يوجد فيه نكهة مميزة في حين أن الأسعار كانت متوسطة ومناسبة لجودة المكان أما النظافة فـ معدومة في هذا المطعم,الخدمة، الأكل، الأسعار، النظافة,"[0, 0, 0, -1]","['الخدمة', 'الأكل', 'الأسعار', 'النظافة']"
Hotels,-1.0,التجربة بشكل عام كانت متفاوتة، موقع المكان عادي ويمكن الوصول إليه بسهولة، كما أن الإفطار سيء جداً والخيارات محدودة,الموقع، الإفطار,"[0, -1]","['الموقع', 'الإفطار']"
Hotels,0.0,خلال عطلة نهاية الأسبوع ذهبنا إلى هناك، موظفو الاستقبال قاموا بعملهم بشكل روتيني. الغرفة كانت عادية وتفي بالغرض,الاستقبال، الغرفة,"[0, 0]","['الاستقبال', 'الغرفة']"
Restaurants,0.0,التجربة بشكل عام كانت متفاوتة، طعم الأكل كان عادياً ولا يوجد فيه نكهة مميزة أما الخدمة فـ سريعة جداً وطاقم العمل ودود بالإضافة إلى ذلك، السعر كان عاديا وليس مبالغا فيه بالإضافة إلى ذلك، المكان متسخ والطاولات غير نظيفة,الأكل، الخدمة، الأسعار، النظافة,"[0, 1, 0, -1]","['الأكل', 'الخدمة', 'الأسعار', 'النظافة']"
Hotels,0.0,قمت بتجربة هذا المكان وملاحظاتي هي: الموقع مقبول ولا بأس به مقارنة بالسعر أما الاستقبال فـ طاقم كان عادياً في التعامل,الموقع، الاستقبال,"[0, 0]","['الموقع', 'الاستقبال']"
Attractions,1.0,في زيارتي الأخيرة، المكان ساحر وجميل جداً للتصوير بالإضافة إلى ذلك، التنظيم داخل المرفق كان عاديا، كما أن أسعار الدخول طبيعية مقارنة بالفعاليات,المكان، التنظيم، التذاكر,"[1, 0, 0]","['المكان', 'التنظيم', 'التذاكر']"
Attractions,0.0,في زيارتي الأخيرة، الإدارة والتنظيم بمستوى مقبول، كما أن العروض المقدمة كانت في المستوى الطبيعي,التنظيم، الفعاليات,"[0, 0]","['التنظيم', 'الفعاليات']"
Hotels,1.0,بصراحة، موقع الفندق ممتاز جداً وإطلالته خرافية، كما أن مساحة الغرفة كانت متوسطة كما توقعنا، كما أن الاستقبال كان مقبولا بشكل عام,الموقع، الغرفة، الاستقبال,"[1, 0, 0]","['الموقع', 'الغرفة', 'الاستقبال']"
Restaurants,1.0,مستوى النظافة عادي ولا بأس به في حين أن مستوى الخدمة لا بأس به. الأسعار ممتازة ورخيصة مقارنة بالكمية,النظافة، الخدمة، الأسعار,"[0, 0, 1]","['النظافة', 'الخدمة', 'الأسعار']"
Hotels,1.0,قرأت تقييمات كثيرة وقررت التجربة، الموقع استراتيجي وقريب من كل الفعاليات أما الاستقبال فـ كان مقبولا بشكل عام,الموقع، الاستقبال,"[1, 0]","['الموقع', 'الاستقبال']"
Restaurants,-1.0,التجربة بشكل عام كانت متفاوتة، أسوأ خدمة جربتها في حياتي. والمكان متسخ والطاولات غير نظيفة وبالنسبة للأكل فـ كان بارداً وطعمه سيء جداً,الخدمة، النظافة، الأكل,"[-1, -1, -1]","['الخدمة', 'النظافة', 'الأكل']"
Hotels,0.0,قرأت تقييمات كثيرة وقررت التجربة، موظفو الاستقبال قاموا بعملهم بشكل روتيني وبالنسبة للغرفة فـ بالنسبة للغرفة فهي بمستوى طبيعي ولا بأس بها,الاستقبال، الغرفة,"[0, 0]","['الاستقبال', 'الغرفة']"
Hotels,1.0,بالنسبة للغرفة فهي بمستوى طبيعي ولا بأس بها بالإضافة إلى ذلك، ترحيب حار جداً من طاقم الاستقبال. والموقع لا يتميز بشيء خاص ولكنه مناسب,الغرفة، الاستقبال، الموقع,"[0, 1, 0]","['الغرفة', 'الاستقبال', 'الموقع']"
Hotels,0.0,قرأت تقييمات كثيرة وقررت التجربة، بالنسبة للغرفة فهي بمستوى طبيعي ولا بأس بها وبالنسبة للإفطار فـ بالنسبة للإفطار فهو جيد نسبيا كأي فندق آخر بالإضافة إلى ذلك، طاقم الاستقبال كان عادياً في التعامل,الغرفة، الإفطار، الاستقبال,"[0, 0, 0]","['الغرفة', 'الإفطار', 'الاستقبال']"
Attractions,0.0,خلال عطلة نهاية الأسبوع ذهبنا إلى هناك، الإدارة والتنظيم بمستوى مقبول أما المكان فـ يعتبر جيد لقضاء بعض الوقت، كما أن الفعاليات مقبولة وتمضية وقت ليس إلا,التنظيم، المكان، الفعاليات,"[0, 0, 0]","['التنظيم', 'المكان', 'الفعاليات']"
Hotels,1.0,التجربة بشكل عام كانت متفاوتة، الموقع مقبول ولا بأس به مقارنة بالسعر، كما أن أعجبتني الغرفة بنظافتها الفائقة وتصميمها الرائع,الموقع، الغرفة,"[0, 1]","['الموقع', 'الغرفة']"
Hotels,-1.0,خلال عطلة نهاية الأسبوع ذهبنا إلى هناك، الإفطار سيء جداً والخيارات محدودة وبالنسبة للموقع فـ موقع الفندق سيء ويصعب الوصول إليه وبالنسبة للاستقبال فـ موظفو قاموا بعملهم بشكل روتيني,الإفطار، الموقع، الاستقبال,"[-1, -1, 0]","['الإفطار', 'الموقع', 'الاستقبال']"
Hotels,0.0,بصراحة، موظفو الاستقبال قاموا بعملهم بشكل روتيني أما الموقع فـ موقع المكان عادي ويمكن الوصول إليه بسهولة,الاستقبال، الموقع,"[0, 0]","['الاستقبال', 'الموقع']"
Attractions,1.0,قمت بتجربة هذا المكان وملاحظاتي هي: مرتبين جداً والتنظيم احترافي، كما أن بشكل عام المكان طبيعي كأي حديقة أخرى في حين أن قيمة التذكرة عادية,التنظيم، المكان، التذاكر,"[1, 0, 0]","['التنظيم', 'المكان', 'التذاكر']"
Hotels,1.0,قمت بتجربة هذا المكان وملاحظاتي هي: الموقع استراتيجي وقريب من كل الفعاليات أما الغرفة فـ أعجبتني بنظافتها الفائقة وتصميمها الرائع,الموقع، الغرفة,"[1, 1]","['الموقع', 'الغرفة']"
Restaurants,0.0,في زيارتي الأخيرة، نظافة المكان بشكل عام كانت مقبولة، كما أن الأكل مقبول لكنني تذوقت أفضل منه. والسعر كان عاديا وليس مبالغا فيه,النظافة، الأكل، الأسعار,"[0, 0, 0]","['النظافة', 'الأكل', 'الأسعار']"
Hotels,0.0,إجراءات الدخول في الاستقبال كانت طبيعية ولم تستغرق وقتا طويلا أو قصيرا أما الإفطار فـ كان مقبولاً لكنه يفتقر للتنوع,الاستقبال، الإفطار,"[0, 0]","['الاستقبال', 'الإفطار']"
Restaurants,0.0,مستوى الخدمة لا بأس به في حين أن بالنسبة للأكل فهو بمستوى طبيعي أما الأسعار فـ بالنسبة للأسعار فهي مقبولة إلى حد ما,الخدمة، الأكل، الأسعار,"[0, 0, 0]","['الخدمة', 'الأكل', 'الأسعار']"
Hotels,0.0,خلال عطلة نهاية الأسبوع ذهبنا إلى هناك، الموقع مقبول ولا بأس به مقارنة بالسعر، كما أن أعجبتني الغرفة بنظافتها الفائقة وتصميمها الرائع أما الإفطار فـ بوفيه كان تقليدياً ويقدم أصنافاً معتادة، كما أن طاقم الاستقبال كان عادياً في التعامل,الموقع، الغرفة، الإفطار، الاستقبال,"[0, 1, 0, 0]","['الموقع', 'الغرفة', 'الإفطار', 'الاستقبال']"
Attractions,-1.0,لا أنصح بزيارة المكان فهو سيء للغاية. والتذاكر ليست رخيصة ولا غالية بل في المعقول,المكان، التذاكر,"[-1, 0]","['المكان', 'التذاكر']"
Attractions,1.0,قمت بتجربة هذا المكان وملاحظاتي هي: الفعاليات كانت تقليدية ومكررة أما التنظيم فـ رائع جداً وسلس للغاية,الفعاليات، التنظيم,"[0, 1]","['الفعاليات', 'التنظيم']"
Restaurants,-1.0,بصراحة، أسوأ خدمة جربتها في حياتي وبالنسبة للأكل فـ كان بارداً وطعمه سيء جداً وبالنسبة للأسعار فـ بالنسبة للأسعار فهي مقبولة إلى حد ما,الخدمة، الأكل، الأسعار,"[-1, -1, 0]","['الخدمة', 'الأكل', 'الأسعار']"
Hotels,-1.0,خلال عطلة نهاية الأسبوع ذهبنا إلى هناك، بوفيه الإفطار كان تقليدياً ويقدم أصنافاً معتادة وبالنسبة للموقع فـ مقبول ولا بأس به مقارنة بالسعر في حين أن واجهنا بطء شديد ومماطلة من موظفي الاستقبال,الإفطار، الموقع، الاستقبال,"[0, 0, -1]","['الإفطار', 'الموقع', 'الاستقبال']"
Restaurants,0.0,في زيارتي الأخيرة، نظافة المكان بشكل عام كانت مقبولة بالإضافة إلى ذلك، سرعة الخدمة كانت في المعدل الطبيعي والمقبول وبالنسبة للأسعار فـ بالنسبة للأسعار فهي مقبولة إلى حد ما,النظافة، الخدمة، الأسعار,"[0, 0, 0]","['النظافة', 'الخدمة', 'الأسعار']"
Hotels,0.0,قرأت تقييمات كثيرة وقررت التجربة، الموقع مقبول ولا بأس به مقارنة بالسعر بالإضافة إلى ذلك، بالنسبة للإفطار فهو جيد نسبيا كأي فندق آخر,الموقع، الإفطار,"[0, 0]","['الموقع', 'الإفطار']"
Attractions,0.0,قرأت تقييمات كثيرة وقررت التجربة، أسعار التذاكر غالية جداً ومبالغ فيها بالإضافة إلى ذلك، لا بأس بالتنظيم بشكل عام، كما أن العروض المقدمة كانت في المستوى الطبيعي في حين أن الوجهة كانت عادية ولم تبهرني كثيراً,التذاكر، التنظيم، الفعاليات، المكان,"[-1, 0, 0, 0]","['التذاكر', 'التنظيم', 'الفعاليات', 'المكان']"
Hotels,0.0,التجربة بشكل عام كانت متفاوتة، وجبة الإفطار كانت عادية ولم تكن مميزة بالإضافة إلى ذلك، الغرفة ضيقة جداً ومكتومة بالإضافة إلى ذلك، موظفو الاستقبال في قمة الرقي والتعاون,الإفطار، الغرفة، الاستقبال,"[0, -1, 1]","['الإفطار', 'الغرفة', 'الاستقبال']"
Attractions,1.0,التجربة بشكل عام كانت متفاوتة، المكان يعتبر جيد لقضاء بعض الوقت في حين أن الفعاليات كانت تقليدية ومكررة وبالنسبة للتنظيم فـ رائع جداً وسلس للغاية,المكان، الفعاليات، التنظيم,"[0, 0, 1]","['المكان', 'الفعاليات', 'التنظيم']"
Attractions,0.0,التنظيم داخل المرفق كان عاديا أما التذاكر فـ سعر كان متوسطا ومقبولا,التنظيم، التذاكر,"[0, 0]","['التنظيم', 'التذاكر']"
Restaurants,0.0,بصراحة، أسعار المنيو تعتبر طبيعية مقارنة بالمطاعم الأخرى، كما أن مستوى الخدمة لا بأس به وبالنسبة للأكل فـ لم يعجبني إطلاقاً وكان دون المستوى. ونظافة المطعم ممتازة جداً,الأسعار، الخدمة، الأكل، النظافة,"[0, 0, -1, 1]","['الأسعار', 'الخدمة', 'الأكل', 'النظافة']"
Hotels,1.0,خلال عطلة نهاية الأسبوع ذهبنا إلى هناك، بالنسبة للغرفة فهي بمستوى طبيعي ولا بأس بها. وموظفو الاستقبال قاموا بعملهم بشكل روتيني، كما أن الإفطار كان لذيذاً ومتنوعاً جداً,الغرفة، الاستقبال، الإفطار,"[0, 0, 1]","['الغرفة', 'الاستقبال', 'الإفطار']"
Attractions,0.0,بصراحة، التنظيم داخل المرفق كان عاديا. ومساحة المكان وتصميمه مقبول ولا بأس به، كما أن لا توجد فعاليات تذكر والأنشطة سيئة. والتذاكر ليست رخيصة ولا غالية بل في المعقول,التنظيم، المكان، الفعاليات، التذاكر,"[0, 0, -1, 0]","['التنظيم', 'المكان', 'الفعاليات', 'التذاكر']"
Attractions,0.0,في زيارتي الأخيرة، الوجهة كانت عادية ولم تبهرني كثيراً، كما أن فوضى عارمة وسوء تنظيم واضح وبالنسبة للفعاليات فـ عروض رائعة ومتنوعة تناسب كل الأعمار بالإضافة إلى ذلك، أسعار الدخول طبيعية مقارنة بالفعاليات,المكان، التنظيم، الفعاليات، التذاكر,"[0, -1, 1, 0]","['المكان', 'التنظيم', 'الفعاليات', 'التذاكر']"
Restaurants,0.0,في زيارتي الأخيرة، الخدمة سريعة جداً وطاقم العمل ودود بالإضافة إلى ذلك، الأسعار مبالغ فيها وغالية جداً,الخدمة، الأسعار,"[1, -1]","['الخدمة', 'الأسعار']"
Restaurants,0.0,التجربة بشكل عام كانت متفاوتة، مستوى الخدمة لا بأس به. السعر كان عاديا وليس مبالغا فيه في حين أن بالنسبة للأكل فهو بمستوى طبيعي,الخدمة، الأسعار، الأكل,"[0, 0, 0]","['الخدمة', 'الأسعار', 'الأكل']"
Hotels,-1.0,بصراحة، بوفيه الإفطار كان تقليدياً ويقدم أصنافاً معتادة، كما أن الموقع مقبول ولا بأس به مقارنة بالسعر، كما أن الغرفة ضيقة جداً ومكتومة,الإفطار، الموقع، الغرفة,"[0, 0, -1]","['الإفطار', 'الموقع', 'الغرفة']"
Hotels,-1.0,قرأت تقييمات كثيرة وقررت التجربة، الغرفة ضيقة جداً ومكتومة، كما أن بالنسبة للإفطار فهو جيد نسبيا كأي فندق آخر,الغرفة، الإفطار,"[-1, 0]","['الغرفة', 'الإفطار']"
Restaurants,1.0,قرأت تقييمات كثيرة وقررت التجربة، الخدمة سريعة جداً وطاقم العمل ودود. والأكل كان لذيذاً جداً وأنصح به بشدة. ونظافة المكان بشكل عام كانت مقبولة بالإضافة إلى ذلك، الأسعار كانت متوسطة ومناسبة لجودة المكان,الخدمة، الأكل، النظافة، الأسعار,"[1, 1, 0, 0]","['الخدمة', 'الأكل', 'النظافة', 'الأسعار']"
Hotels,0.0,التجربة بشكل عام كانت متفاوتة، الغرفة كانت عادية وتفي بالغرض، كما أن إجراءات الدخول في الاستقبال كانت طبيعية ولم تستغرق وقتا طويلا أو قصيرا. وبوفيه الإفطار كان تقليدياً ويقدم أصنافاً معتادة وبالنسبة للموقع فـ لا يتميز بشيء خاص ولكنه مناسب,الغرفة، الاستقبال، الإفطار، الموقع,"[0, 0, 0, 0]","['الغرفة', 'الاستقبال', 'الإفطار', 'الموقع']"
Hotels,1.0,قرأت تقييمات كثيرة وقررت التجربة، أعجبتني الغرفة بنظافتها الفائقة وتصميمها الرائع وبالنسبة للموقع فـ لا يتميز بشيء خاص ولكنه مناسب. وطاقم الاستقبال كان عادياً في التعامل,الغرفة، الموقع، الاستقبال,"[1, 0, 0]","['الغرفة', 'الموقع', 'الاستقبال']"
Attractions,-1.0,في زيارتي الأخيرة، لا بأس بالتنظيم بشكل عام بالإضافة إلى ذلك، قيمة التذكرة عادية أما الفعاليات فـ لا توجد فعاليات تذكر والأنشطة سيئة,التنظيم، التذاكر، الفعاليات,"[0, 0, -1]","['التنظيم', 'التذاكر', 'الفعاليات']"
Restaurants,0.0,التجربة بشكل عام كانت متفاوتة، المكان يلمع من النظافة والاهتمام بالتفاصيل بالإضافة إلى ذلك، طعم الأكل كان عادياً ولا يوجد فيه نكهة مميزة في حين أن المطعم غالي بشكل مبالغ فيه ولا يستحق في حين أن أسوأ خدمة جربتها في حياتي,النظافة، الأكل، الأسعار، الخدمة,"[1, 0, -1, -1]","['النظافة', 'الأكل', 'الأسعار', 'الخدمة']"
Hotels,1.0,قرأت تقييمات كثيرة وقررت التجربة، الإفطار كان لذيذاً ومتنوعاً جداً أما الغرفة فـ كانت عادية وتفي بالغرض,الإفطار، الغرفة,"[1, 0]","['الإفطار', 'الغرفة']"
Attractions,0.0,الإدارة والتنظيم بمستوى مقبول وبالنسبة للفعاليات فالعروض المقدمة كانت في المستوى الطبيعي,التنظيم، الفعاليات,"[0, 0]","['التنظيم', 'الفعاليات']"
Attractions,1.0,الأنشطة والفعاليات ممتعة جداً ومليئة بالحماس وبالنسبة للتذاكر فـ أسعار الدخول طبيعية مقارنة بالفعاليات,الفعاليات، التذاكر,"[1, 0]","['الفعاليات', 'التذاكر']"
Attractions,0.0,في زيارتي الأخيرة، التنظيم سيء جداً وهناك عشوائية في المكان. وعروض رائعة ومتنوعة تناسب كل الأعمار,التنظيم، الفعاليات,"[-1, 1]","['التنظيم', 'الفعاليات']"
Hotels,0.0,قمت بتجربة هذا المكان وملاحظاتي هي: أعجبتني الغرفة بنظافتها الفائقة وتصميمها الرائع. الموقع لا يتميز بشيء خاص ولكنه مناسب بالإضافة إلى ذلك، بوفيه الإفطار كان تقليدياً ويقدم أصنافاً معتادة وبالنسبة للاستقبال فـ إجراءات الدخول في كانت طبيعية ولم تستغرق وقتا طويلا أو قصيرا,الغرفة، الموقع، الإفطار، الاستقبال,"[1, 0, 0, 0]","['الغرفة', 'الموقع', 'الإفطار', 'الاستقبال']"
Hotels,-1.0,خلال عطلة نهاية الأسبوع ذهبنا إلى هناك، الموقع بعيد جداً ومقطوع عن الخدمات أما الإفطار فـ جودة الطعام في كانت ضعيفة جداً,الموقع، الإفطار,"[-1, -1]","['الموقع', 'الإفطار']"
Hotels,-1.0,قرأت تقييمات كثيرة وقررت التجربة، موظفو الاستقبال قاموا بعملهم بشكل روتيني بالإضافة إلى ذلك، موقع الفندق سيء ويصعب الوصول إليه,الاستقبال، الموقع,"[0, -1]","['الاستقبال', 'الموقع']"
Hotels,0.0,التجربة بشكل عام كانت متفاوتة، الإفطار كان لذيذاً ومتنوعاً جداً بالإضافة إلى ذلك، مساحة الغرفة كانت متوسطة كما توقعنا، كما أن موقع الفندق يعتبر متوسطا من حيث القرب للخدمات وبالنسبة للاستقبال فـ إجراءات الدخول في كانت طبيعية ولم تستغرق وقتا طويلا أو قصيرا,الإفطار، الغرفة، الموقع، الاستقبال,"[1, 0, 0, 0]","['الإفطار', 'الغرفة', 'الموقع', 'الاستقبال']"
Attractions,0.0,التجربة بشكل عام كانت متفاوتة، التنظيم رائع جداً وسلس للغاية بالإضافة إلى ذلك، لا توجد فعاليات تذكر والأنشطة سيئة وبالنسبة للتذاكر فـ أسعار الدخول طبيعية مقارنة بالفعاليات,التنظيم، الفعاليات، التذاكر,"[1, -1, 0]","['التنظيم', 'الفعاليات', 'التذاكر']"
Attractions,1.0,قرأت تقييمات كثيرة وقررت التجربة، مرتبين جداً والتنظيم احترافي، كما أن العروض المقدمة كانت في المستوى الطبيعي,التنظيم، الفعاليات,"[1, 0]","['التنظيم', 'الفعاليات']"
Attractions,-1.0,التجربة بشكل عام كانت متفاوتة، بشكل عام المكان طبيعي كأي حديقة أخرى في حين أن التنظيم داخل المرفق كان عاديا في حين أن التذكرة لا تستحق هذا السعر المرتفع إطلاقاً,المكان، التنظيم، التذاكر,"[0, 0, -1]","['المكان', 'التنظيم', 'التذاكر']"
Attractions,1.0,أسعار التذاكر رخيصة جداً ومناسبة للجميع، كما أن الفعاليات مقبولة وتمضية وقت ليس إلا,التذاكر، الفعاليات,"[1, 0]","['التذاكر', 'الفعاليات']"
Attractions,0.0,قرأت تقييمات كثيرة وقررت التجربة، المكان يعتبر جيد لقضاء بعض الوقت. الفعاليات مقبولة وتمضية وقت ليس إلا,المكان، الفعاليات,"[0, 0]","['المكان', 'الفعاليات']"
Attractions,0.0,خلال عطلة نهاية الأسبوع ذهبنا إلى هناك، لا بأس بالتنظيم بشكل عام بالإضافة إلى ذلك، الأنشطة الموجودة لا بأس بها للأطفال وبالنسبة للمكان فالوجهة كانت عادية ولم تبهرني كثيراً,التنظيم، الفعاليات، المكان,"[0, 0, 0]","['التنظيم', 'الفعاليات', 'المكان']"
Restaurants,0.0,قمت بتجربة هذا المكان وملاحظاتي هي: الخدمة في المطعم كانت روتينية. الطلبات كانت متوسطة المستوى ولا بأس بها أما النظافة فـ نظافة المكان بشكل عام كانت مقبولة,الخدمة، الأكل، النظافة,"[0, 0, 0]","['الخدمة', 'الأكل', 'النظافة']"
Hotels,0.0,خلال عطلة نهاية الأسبوع ذهبنا إلى هناك، موقع الفندق سيء ويصعب الوصول إليه في حين أن ترحيب حار جداً من طاقم الاستقبال,الموقع، الاستقبال,"[-1, 1]","['الموقع', 'الاستقبال']"
Restaurants,0.0,خلال عطلة نهاية الأسبوع ذهبنا إلى هناك، المطعم نظيف لحد معقول. والأكل مقبول لكنني تذوقت أفضل منه,النظافة، الأكل,"[0, 0]","['النظافة', 'الأكل']"
Restaurants,0.0,في زيارتي الأخيرة، سرعة الخدمة كانت في المعدل الطبيعي والمقبول في حين أن المكان متسخ والطاولات غير نظيفة، كما أن قيمة رائعة مقابل المال والأسعار جداً معقولة,الخدمة، النظافة، الأسعار,"[0, -1, 1]","['الخدمة', 'النظافة', 'الأسعار']"
Restaurants,0.0,خلال عطلة نهاية الأسبوع ذهبنا إلى هناك، الأكل كان لذيذاً جداً وأنصح به بشدة أما الأسعار فـ كانت متوسطة ومناسبة لجودة المكان وبالنسبة للنظافة فالمكان متسخ والطاولات غير نظيفة,الأكل، الأسعار، النظافة,"[1, 0, -1]","['الأكل', 'الأسعار', 'النظافة']"
Attractions,0.0,التجربة بشكل عام كانت متفاوتة، قيمة التذكرة عادية أما الفعاليات فـ كانت تقليدية ومكررة,التذاكر، الفعاليات,"[0, 0]","['التذاكر', 'الفعاليات']"
Hotels,0.0,خلال عطلة نهاية الأسبوع ذهبنا إلى هناك، وجبة الإفطار كانت عادية ولم تكن مميزة، كما أن موظفو الاستقبال قاموا بعملهم بشكل روتيني أما الغرفة فـ بالنسبة للغرفة فهي بمستوى طبيعي ولا بأس بها,الإفطار، الاستقبال، الغرفة,"[0, 0, 0]","['الإفطار', 'الاستقبال', 'الغرفة']"
Restaurants,0.0,قمت بتجربة هذا المكان وملاحظاتي هي: المطعم نظيف لحد معقول بالإضافة إلى ذلك، تعامل الويترز كان عادياً,النظافة، الخدمة,"[0, 0]","['النظافة', 'الخدمة']"
Restaurants,0.0,في زيارتي الأخيرة، المطعم نظيف لحد معقول، كما أن بالنسبة للأكل فهو بمستوى طبيعي، كما أن أسعار المنيو تعتبر طبيعية مقارنة بالمطاعم الأخرى,النظافة، الأكل، الأسعار,"[0, 0, 0]","['النظافة', 'الأكل', 'الأسعار']"
Hotels,1.0,بصراحة، الموقع استراتيجي وقريب من كل الفعاليات، كما أن الإفطار كان مقبولاً لكنه يفتقر للتنوع في حين أن مساحة الغرفة كانت متوسطة كما توقعنا,الموقع، الإفطار، الغرفة,"[1, 0, 0]","['الموقع', 'الإفطار', 'الغرفة']"
Hotels,-1.0,التجربة بشكل عام كانت متفاوتة، إجراءات الدخول في الاستقبال كانت طبيعية ولم تستغرق وقتا طويلا أو قصيرا أما الموقع فـ بعيد جداً ومقطوع عن الخدمات. الغرفة كانت عادية وتفي بالغرض,الاستقبال، الموقع، الغرفة,"[0, -1, 0]","['الاستقبال', 'الموقع', 'الغرفة']"
Hotels,0.0,في زيارتي الأخيرة، موظفو الاستقبال قاموا بعملهم بشكل روتيني، كما أن أثاث الغرفة يبدو عادياً ليس حديثاً ولا قديماً جداً,الاستقبال، الغرفة,"[0, 0]","['الاستقبال', 'الغرفة']"
Attractions,-1.0,فوضى عارمة وسوء تنظيم واضح وبالنسبة للتذاكر فـ سعر كان متوسطا ومقبولا، كما أن المكان يعتبر جيد لقضاء بعض الوقت,التنظيم، التذاكر، المكان,"[-1, 0, 0]","['التنظيم', 'التذاكر', 'المكان']"
Attractions,1.0,قمت بتجربة هذا المكان وملاحظاتي هي: المكان يعتبر جيد لقضاء بعض الوقت. ومرتبين جداً والتنظيم احترافي,المكان، التنظيم,"[0, 1]","['المكان', 'التنظيم']"
Hotels,-1.0,قمت بتجربة هذا المكان وملاحظاتي هي: الغرفة ضيقة جداً ومكتومة. والاستقبال كان مقبولا بشكل عام,الغرفة، الاستقبال,"[-1, 0]","['الغرفة', 'الاستقبال']"
Hotels,0.0,في زيارتي الأخيرة، الغرفة كانت عادية وتفي بالغرض في حين أن وجبة الإفطار كانت عادية ولم تكن مميزة وبالنسبة للموقع فـ موقع المكان عادي ويمكن الوصول إليه بسهولة في حين أن إجراءات الدخول في الاستقبال كانت طبيعية ولم تستغرق وقتا طويلا أو قصيرا,الغرفة، الإفطار، الموقع، الاستقبال,"[0, 0, 0, 0]","['الغرفة', 'الإفطار', 'الموقع', 'الاستقبال']"
Hotels,-1.0,بصراحة، الموقع بعيد جداً ومقطوع عن الخدمات. وأثاث الغرفة يبدو عادياً ليس حديثاً ولا قديماً جداً وبالنسبة للإفطار فـ جودة الطعام في كانت ضعيفة جداً,الموقع، الغرفة، الإفطار,"[-1, 0, -1]","['الموقع', 'الغرفة', 'الإفطار']"
Attractions,0.0,خلال عطلة نهاية الأسبوع ذهبنا إلى هناك، الإدارة والتنظيم بمستوى مقبول. والفعاليات مقبولة وتمضية وقت ليس إلا وبالنسبة للتذاكر فـ سعر كان متوسطا ومقبولا. بشكل عام المكان طبيعي كأي حديقة أخرى,التنظيم، الفعاليات، التذاكر، المكان,"[0, 0, 0, 0]","['التنظيم', 'الفعاليات', 'التذاكر', 'المكان']"
Restaurants,1.0,خلال عطلة نهاية الأسبوع ذهبنا إلى هناك، الطلبات كانت متوسطة المستوى ولا بأس بها في حين أن تعامل الويترز كان عادياً في حين أن المكان يلمع من النظافة والاهتمام بالتفاصيل وبالنسبة للأسعار فـ ممتازة ورخيصة مقارنة بالكمية,الأكل، الخدمة، النظافة، الأسعار,"[0, 0, 1, 1]","['الأكل', 'الخدمة', 'النظافة', 'الأسعار']"
Attractions,-1.0,قمت بتجربة هذا المكان وملاحظاتي هي: التذكرة لا تستحق هذا السعر المرتفع إطلاقاً وبالنسبة للتنظيم فـ فوضى عارمة وسوء تنظيم واضح. ومساحة المكان وتصميمه مقبول ولا بأس به,التذاكر، التنظيم، المكان,"[-1, -1, 0]","['التذاكر', 'التنظيم', 'المكان']"
Restaurants,0.0,قرأت تقييمات كثيرة وقررت التجربة، تعامل الويترز كان عادياً أما الأسعار فـ بالنسبة للأسعار فهي مقبولة إلى حد ما,الخدمة، الأسعار,"[0, 0]","['الخدمة', 'الأسعار']"
Restaurants,0.0,قرأت تقييمات كثيرة وقررت التجربة، بالنسبة للأسعار فهي مقبولة إلى حد ما. والطاولات كانت نظيفة بشكل معتاد. والخدمة في المطعم كانت روتينية,الأسعار، النظافة، الخدمة,"[0, 0, 0]","['الأسعار', 'النظافة', 'الخدمة']"
Attractions,0.0,قرأت تقييمات كثيرة وقررت التجربة، سعر التذاكر كان متوسطا ومقبولا في حين أن ترتيب الدخول كان يسير بشكل طبيعي أما المكان فـ مساحة وتصميمه مقبول ولا بأس به بالإضافة إلى ذلك، الفعاليات مقبولة وتمضية وقت ليس إلا,التذاكر، التنظيم، المكان، الفعاليات,"[0, 0, 0, 0]","['التذاكر', 'التنظيم', 'المكان', 'الفعاليات']"
Restaurants,0.0,خلال عطلة نهاية الأسبوع ذهبنا إلى هناك، المكان يلمع من النظافة والاهتمام بالتفاصيل أما الخدمة فـ بطيئة للغاية والعمال غير مهتمين,النظافة، الخدمة,"[1, -1]","['النظافة', 'الخدمة']"
Attractions,-1.0,التجربة بشكل عام كانت متفاوتة، التنظيم سيء جداً وهناك عشوائية في المكان بالإضافة إلى ذلك، الوجهة كانت عادية ولم تبهرني كثيراً,التنظيم، المكان,"[-1, 0]","['التنظيم', 'المكان']"
Restaurants,0.0,قمت بتجربة هذا المكان وملاحظاتي هي: بالنسبة للأسعار فهي مقبولة إلى حد ما في حين أن نظافة المكان بشكل عام كانت مقبولة. وتعامل الويترز كان عادياً,الأسعار، النظافة، الخدمة,"[0, 0, 0]","['الأسعار', 'النظافة', 'الخدمة']"
Attractions,0.0,بصراحة، الأنشطة الموجودة لا بأس بها للأطفال. والتنظيم رائع جداً وسلس للغاية. وأسعار التذاكر غالية جداً ومبالغ فيها أما المكان فـ مساحة وتصميمه مقبول ولا بأس به,الفعاليات، التنظيم، التذاكر، المكان,"[0, 1, -1, 0]","['الفعاليات', 'التنظيم', 'التذاكر', 'المكان']"
Hotels,0.0,خلال عطلة نهاية الأسبوع ذهبنا إلى هناك، موقع الفندق سيء ويصعب الوصول إليه. والإفطار سيء جداً والخيارات محدودة، كما أن ترحيب حار جداً من طاقم الاستقبال في حين أن بالنسبة للغرفة فهي بمستوى طبيعي ولا بأس بها,الموقع، الإفطار، الاستقبال، الغرفة,"[-1, -1, 1, 0]","['الموقع', 'الإفطار', 'الاستقبال', 'الغرفة']"
Attractions,0.0,قرأت تقييمات كثيرة وقررت التجربة، المكان يعتبر جيد لقضاء بعض الوقت أما الفعاليات فـ مقبولة وتمضية وقت ليس إلا,المكان، الفعاليات,"[0, 0]","['المكان', 'الفعاليات']"
Hotels,0.0,التجربة بشكل عام كانت متفاوتة، بوفيه الإفطار كان تقليدياً ويقدم أصنافاً معتادة وبالنسبة للغرفة فـ أثاث يبدو عادياً ليس حديثاً ولا قديماً جداً. وطاقم الاستقبال كان عادياً في التعامل,الإفطار، الغرفة، الاستقبال,"[0, 0, 0]","['الإفطار', 'الغرفة', 'الاستقبال']"
Attractions,0.0,خلال عطلة نهاية الأسبوع ذهبنا إلى هناك، المكان يعتبر جيد لقضاء بعض الوقت، كما أن الفعاليات كانت تقليدية ومكررة,المكان، الفعاليات,"[0, 0]","['المكان', 'الفعاليات']"
Restaurants,0.0,الطلبات كانت متوسطة المستوى ولا بأس بها. والخدمة سريعة جداً وطاقم العمل ودود بالإضافة إلى ذلك، نظافة المكان بشكل عام كانت مقبولة. والسعر كان عاديا وليس مبالغا فيه,الأكل، الخدمة، النظافة، الأسعار,"[0, 1, 0, 0]","['الأكل', 'الخدمة', 'النظافة', 'الأسعار']"
Attractions,0.0,العروض المقدمة كانت في المستوى الطبيعي، كما أن التذاكر ليست رخيصة ولا غالية بل في المعقول,الفعاليات، التذاكر,"[0, 0]","['الفعاليات', 'التذاكر']"
Hotels,1.0,في زيارتي الأخيرة، أعجبتني الغرفة بنظافتها الفائقة وتصميمها الرائع. بوفيه الإفطار كان تقليدياً ويقدم أصنافاً معتادة,الغرفة، الإفطار,"[1, 0]","['الغرفة', 'الإفطار']"
Attractions,0.0,خلال عطلة نهاية الأسبوع ذهبنا إلى هناك، أسعار التذاكر رخيصة جداً ومناسبة للجميع وبالنسبة للتنظيم فالإدارة و بمستوى مقبول في حين أن المكان يعتبر جيد لقضاء بعض الوقت، كما أن الفعاليات كانت تقليدية ومكررة,التذاكر، التنظيم، المكان، الفعاليات,"[1, 0, 0, 0]","['التذاكر', 'التنظيم', 'المكان', 'الفعاليات']"
Restaurants,-1.0,قرأت تقييمات كثيرة وقررت التجربة، المكان متسخ والطاولات غير نظيفة، كما أن بالنسبة للأكل فهو بمستوى طبيعي بالإضافة إلى ذلك، الخدمة في المطعم كانت روتينية,النظافة، الأكل، الخدمة,"[-1, 0, 0]","['النظافة', 'الأكل', 'الخدمة']"
Restaurants,-1.0,في زيارتي الأخيرة، مستوى الخدمة لا بأس به في حين أن لم يعجبني الأكل إطلاقاً وكان دون المستوى. والسعر كان عاديا وليس مبالغا فيه,الخدمة، الأكل، الأسعار,"[0, -1, 0]","['الخدمة', 'الأكل', 'الأسعار']"
Hotels,-1.0,قمت بتجربة هذا المكان وملاحظاتي هي: موقع الفندق يعتبر متوسطا من حيث القرب للخدمات أما الإفطار فـ بالنسبة للإفطار فهو جيد نسبيا كأي فندق آخر وبالنسبة للغرفة فـ ضيقة جداً ومكتومة,الموقع، الإفطار، الغرفة,"[0, 0, -1]","['الموقع', 'الإفطار', 'الغرفة']"
Hotels,-1.0,بصراحة، وجبة الإفطار كانت عادية ولم تكن مميزة وبالنسبة للغرفة فـ للأسف كانت سيئة وغير نظيفة على الإطلاق,الإفطار، الغرفة,"[0, -1]","['الإفطار', 'الغرفة']"
Attractions,0.0,خلال عطلة نهاية الأسبوع ذهبنا إلى هناك، الفعاليات كانت تقليدية ومكررة. وسعر التذاكر كان متوسطا ومقبولا,الفعاليات، التذاكر,"[0, 0]","['الفعاليات', 'التذاكر']"
Attractions,-1.0,قمت بتجربة هذا المكان وملاحظاتي هي: الأنشطة الموجودة لا بأس بها للأطفال وبالنسبة للتذاكر فـ ليست رخيصة ولا غالية بل في المعقول في حين أن لا أنصح بزيارة المكان فهو سيء للغاية,الفعاليات، التذاكر، المكان,"[0, 0, -1]","['الفعاليات', 'التذاكر', 'المكان']"
Restaurants,0.0,قمت بتجربة هذا المكان وملاحظاتي هي: الأكل مقبول لكنني تذوقت أفضل منه في حين أن السعر كان عاديا وليس مبالغا فيه,الأكل، الأسعار,"[0, 0]","['الأكل', 'الأسعار']"
Restaurants,0.0,بصراحة، الخدمة في المطعم كانت روتينية أما النظافة فـ نظافة المكان بشكل عام كانت مقبولة,الخدمة، النظافة,"[0, 0]","['الخدمة', 'النظافة']"
Restaurants,0.0,في زيارتي الأخيرة، الأكل مقبول لكنني تذوقت أفضل منه وبالنسبة للأسعار فـ كانت متوسطة ومناسبة لجودة المكان، كما أن الخدمة في المطعم كانت روتينية,الأكل، الأسعار، الخدمة,"[0, 0, 0]","['الأكل', 'الأسعار', 'الخدمة']"
Hotels,0.0,خلال عطلة نهاية الأسبوع ذهبنا إلى هناك، الموقع بعيد جداً ومقطوع عن الخدمات. وبوفيه الإفطار كان تقليدياً ويقدم أصنافاً معتادة وبالنسبة للغرفة فـ مساحة كانت متوسطة كما توقعنا، كما أن إجراءات الدخول في الاستقبال كانت طبيعية ولم تستغرق وقتا طويلا أو قصيرا,الموقع، الإفطار، الغرفة، الاستقبال,"[-1, 0, 0, 0]","['الموقع', 'الإفطار', 'الغرفة', 'الاستقبال']"
Attractions,-1.0,التجربة بشكل عام كانت متفاوتة، لا توجد فعاليات تذكر والأنشطة سيئة وبالنسبة للمكان فـ يعتبر جيد لقضاء بعض الوقت,الفعاليات، المكان,"[-1, 0]","['الفعاليات', 'المكان']"
Hotels,0.0,قمت بتجربة هذا المكان وملاحظاتي هي: إجراءات الدخول في الاستقبال كانت طبيعية ولم تستغرق وقتا طويلا أو قصيرا، كما أن موقع المكان عادي ويمكن الوصول إليه بسهولة، كما أن الإفطار كان مقبولاً لكنه يفتقر للتنوع أما الغرفة فـ مساحة كانت متوسطة كما توقعنا,الاستقبال، الموقع، الإفطار، الغرفة,"[0, 0, 0, 0]","['الاستقبال', 'الموقع', 'الإفطار', 'الغرفة']"
Attractions,0.0,لا أنصح بزيارة المكان فهو سيء للغاية وبالنسبة للتذاكر فـ أسعار رخيصة جداً ومناسبة للجميع في حين أن الفعاليات مملة جداً ولا يوجد تجديد في حين أن التنظيم داخل المرفق كان عاديا,المكان، التذاكر، الفعاليات، التنظيم,"[-1, 1, -1, 0]","['المكان', 'التذاكر', 'الفعاليات', 'التنظيم']"
Attractions,0.0,التجربة بشكل عام كانت متفاوتة، الأنشطة الموجودة لا بأس بها للأطفال في حين أن قيمة التذكرة عادية. وفوضى عارمة وسوء تنظيم واضح. والوجهة كانت عادية ولم تبهرني كثيراً,الفعاليات، التذاكر، التنظيم، المكان,"[0, 0, -1, 0]","['الفعاليات', 'التذاكر', 'التنظيم', 'المكان']"
Hotels,0.0,خلال عطلة نهاية الأسبوع ذهبنا إلى هناك، طاقم الاستقبال كان عادياً في التعامل وبالنسبة للغرفة فـ بالنسبة للغرفة فهي بمستوى طبيعي ولا بأس بها,الاستقبال، الغرفة,"[0, 0]","['الاستقبال', 'الغرفة']"
Restaurants,1.0,قرأت تقييمات كثيرة وقررت التجربة، الخدمة ممتازة واهتمام كبير بالزبائن أما النظافة فـ نظافة المطعم ممتازة جداً بالإضافة إلى ذلك، السعر كان عاديا وليس مبالغا فيه,الخدمة، النظافة، الأسعار,"[1, 1, 0]","['الخدمة', 'النظافة', 'الأسعار']"
Attractions,0.0,التجربة بشكل عام كانت متفاوتة، أسعار الدخول طبيعية مقارنة بالفعاليات بالإضافة إلى ذلك، بشكل عام المكان طبيعي كأي حديقة أخرى، كما أن مرتبين جداً والتنظيم احترافي بالإضافة إلى ذلك، الفعاليات مملة جداً ولا يوجد تجديد,التذاكر، المكان، التنظيم، الفعاليات,"[0, 0, 1, -1]","['التذاكر', 'المكان', 'التنظيم', 'الفعاليات']"
Attractions,0.0,في زيارتي الأخيرة، لا بأس بالتنظيم بشكل عام، كما أن الفعاليات مقبولة وتمضية وقت ليس إلا,التنظيم، الفعاليات,"[0, 0]","['التنظيم', 'الفعاليات']"
Hotels,0.0,بصراحة، إجراءات الدخول في الاستقبال كانت طبيعية ولم تستغرق وقتا طويلا أو قصيرا، كما أن مساحة الغرفة كانت متوسطة كما توقعنا,الاستقبال، الغرفة,"[0, 0]","['الاستقبال', 'الغرفة']"
Hotels,0.0,قرأت تقييمات كثيرة وقررت التجربة، أثاث الغرفة يبدو عادياً ليس حديثاً ولا قديماً جداً أما الاستقبال فـ إجراءات الدخول في كانت طبيعية ولم تستغرق وقتا طويلا أو قصيرا,الغرفة، الاستقبال,"[0, 0]","['الغرفة', 'الاستقبال']"
Hotels,0.0,خلال عطلة نهاية الأسبوع ذهبنا إلى هناك، وجبة الإفطار كانت عادية ولم تكن مميزة، كما أن طاقم الاستقبال كان عادياً في التعامل، كما أن مساحة الغرفة كانت متوسطة كما توقعنا في حين أن الموقع مقبول ولا بأس به مقارنة بالسعر,الإفطار، الاستقبال، الغرفة، الموقع,"[0, 0, 0, 0]","['الإفطار', 'الاستقبال', 'الغرفة', 'الموقع']"
Hotels,-1.0,خلال عطلة نهاية الأسبوع ذهبنا إلى هناك، الغرفة كانت عادية وتفي بالغرض بالإضافة إلى ذلك، جودة الطعام في الإفطار كانت ضعيفة جداً في حين أن موقع الفندق يعتبر متوسطا من حيث القرب للخدمات,الغرفة، الإفطار، الموقع,"[0, -1, 0]","['الغرفة', 'الإفطار', 'الموقع']"
Hotels,-1.0,في زيارتي الأخيرة، الإفطار سيء جداً والخيارات محدودة، كما أن موقع الفندق يعتبر متوسطا من حيث القرب للخدمات,الإفطار، الموقع,"[-1, 0]","['الإفطار', 'الموقع']"
Restaurants,-1.0,قرأت تقييمات كثيرة وقررت التجربة، الأكل كان بارداً وطعمه سيء جداً في حين أن الخدمة في المطعم كانت روتينية,الأكل، الخدمة,"[-1, 0]","['الأكل', 'الخدمة']"
Hotels,-1.0,قمت بتجربة هذا المكان وملاحظاتي هي: بوفيه الإفطار كان تقليدياً ويقدم أصنافاً معتادة وبالنسبة للغرفة فـ ضيقة جداً ومكتومة. الاستقبال كان مقبولا بشكل عام,الإفطار، الغرفة، الاستقبال,"[0, -1, 0]","['الإفطار', 'الغرفة', 'الاستقبال']"
Attractions,-1.0,قرأت تقييمات كثيرة وقررت التجربة، المكان كئيب وممل جداً وبالنسبة للتنظيم فـ سيء جداً وهناك عشوائية في المكان,المكان، التنظيم,"[-1, -1]","['المكان', 'التنظيم']"
Attractions,0.0,قمت بتجربة هذا المكان وملاحظاتي هي: سعر التذاكر كان متوسطا ومقبولا. ترتيب الدخول كان يسير بشكل طبيعي. بشكل عام المكان طبيعي كأي حديقة أخرى,التذاكر، التنظيم، المكان,"[0, 0, 0]","['التذاكر', 'التنظيم', 'المكان']"
Attractions,1.0,التجربة بشكل عام كانت متفاوتة، المكان ساحر وجميل جداً للتصوير. ترتيب الدخول كان يسير بشكل طبيعي,المكان، التنظيم,"[1, 0]","['المكان', 'التنظيم']"
Attractions,-1.0,فوضى عارمة وسوء تنظيم واضح أما الفعاليات فالأنشطة الموجودة لا بأس بها للأطفال,التنظيم، الفعاليات,"[-1, 0]","['التنظيم', 'الفعاليات']"
Hotels,-1.0,قرأت تقييمات كثيرة وقررت التجربة، موقع المكان عادي ويمكن الوصول إليه بسهولة، كما أن الإفطار سيء جداً والخيارات محدودة,الموقع، الإفطار,"[0, -1]","['الموقع', 'الإفطار']"
Hotels,0.0,بصراحة، بالنسبة للإفطار فهو جيد نسبيا كأي فندق آخر أما الاستقبال فـ كان مقبولا بشكل عام. وموقع الفندق سيء ويصعب الوصول إليه بالإضافة إلى ذلك، أثاث الغرفة يبدو عادياً ليس حديثاً ولا قديماً جداً,الإفطار، الاستقبال، الموقع، الغرفة,"[0, 0, -1, 0]","['الإفطار', 'الاستقبال', 'الموقع', 'الغرفة']"
Attractions,0.0,التذاكر ليست رخيصة ولا غالية بل في المعقول في حين أن العروض المقدمة كانت في المستوى الطبيعي,التذاكر، الفعاليات,"[0, 0]","['التذاكر', 'الفعاليات']"
Restaurants,0.0,قرأت تقييمات كثيرة وقررت التجربة، لم يعجبني الأكل إطلاقاً وكان دون المستوى وبالنسبة للنظافة فـ مستوى عادي ولا بأس به، كما أن الأسعار كانت متوسطة ومناسبة لجودة المكان بالإضافة إلى ذلك، الخدمة في المطعم كانت روتينية,الأكل، النظافة، الأسعار، الخدمة,"[-1, 0, 0, 0]","['الأكل', 'النظافة', 'الأسعار', 'الخدمة']"
Attractions,0.0,في زيارتي الأخيرة، مساحة المكان وتصميمه مقبول ولا بأس به وبالنسبة للتنظيم فـ داخل المرفق كان عاديا بالإضافة إلى ذلك، الفعاليات مقبولة وتمضية وقت ليس إلا,المكان، التنظيم، الفعاليات,"[0, 0, 0]","['المكان', 'التنظيم', 'الفعاليات']"
Hotels,-1.0,في زيارتي الأخيرة، موقع الفندق سيء ويصعب الوصول إليه، كما أن الغرفة ضيقة جداً ومكتومة,الموقع، الغرفة,"[-1, -1]","['الموقع', 'الغرفة']"
Attractions,-1.0,قمت بتجربة هذا المكان وملاحظاتي هي: التنظيم داخل المرفق كان عاديا. العروض المقدمة كانت في المستوى الطبيعي، كما أن التذكرة لا تستحق هذا السعر المرتفع إطلاقاً,التنظيم، الفعاليات، التذاكر,"[0, 0, -1]","['التنظيم', 'الفعاليات', 'التذاكر']"
Hotels,1.0,التجربة بشكل عام كانت متفاوتة، الموقع لا يتميز بشيء خاص ولكنه مناسب بالإضافة إلى ذلك، الإفطار كان لذيذاً ومتنوعاً جداً في حين أن بالنسبة للغرفة فهي بمستوى طبيعي ولا بأس بها بالإضافة إلى ذلك، موظفو الاستقبال في قمة الرقي والتعاون,الموقع، الإفطار، الغرفة، الاستقبال,"[0, 1, 0, 1]","['الموقع', 'الإفطار', 'الغرفة', 'الاستقبال']"
Attractions,0.0,قمت بتجربة هذا المكان وملاحظاتي هي: مرتبين جداً والتنظيم احترافي. والتذكرة لا تستحق هذا السعر المرتفع إطلاقاً,التنظيم، التذاكر,"[1, -1]","['التنظيم', 'التذاكر']"
Restaurants,0.0,خلال عطلة نهاية الأسبوع ذهبنا إلى هناك، مستوى الخدمة لا بأس به في حين أن أسعار المنيو تعتبر طبيعية مقارنة بالمطاعم الأخرى بالإضافة إلى ذلك، الطاولات كانت نظيفة بشكل معتاد,الخدمة، الأسعار، النظافة,"[0, 0, 0]","['الخدمة', 'الأسعار', 'النظافة']"
Hotels,0.0,قرأت تقييمات كثيرة وقررت التجربة، بالنسبة للغرفة فهي بمستوى طبيعي ولا بأس بها، كما أن الإفطار كان مقبولاً لكنه يفتقر للتنوع,الغرفة، الإفطار,"[0, 0]","['الغرفة', 'الإفطار']"
Hotels,1.0,قمت بتجربة هذا المكان وملاحظاتي هي: بوفيه الإفطار كان تقليدياً ويقدم أصنافاً معتادة بالإضافة إلى ذلك، ترحيب حار جداً من طاقم الاستقبال بالإضافة إلى ذلك، موقع المكان عادي ويمكن الوصول إليه بسهولة,الإفطار، الاستقبال، الموقع,"[0, 1, 0]","['الإفطار', 'الاستقبال', 'الموقع']"
Hotels,0.0,قمت بتجربة هذا المكان وملاحظاتي هي: الموقع استراتيجي وقريب من كل الفعاليات وبالنسبة للاستقبال فـ واجهنا بطء شديد ومماطلة من موظفي وبالنسبة للإفطار فـ كان مقبولاً لكنه يفتقر للتنوع بالإضافة إلى ذلك، الغرفة ضيقة جداً ومكتومة,الموقع، الاستقبال، الإفطار، الغرفة,"[1, -1, 0, -1]","['الموقع', 'الاستقبال', 'الإفطار', 'الغرفة']"
Hotels,0.0,في زيارتي الأخيرة، أثاث الغرفة يبدو عادياً ليس حديثاً ولا قديماً جداً وبالنسبة للموقع فـ مقبول ولا بأس به مقارنة بالسعر. بوفيه الإفطار كان تقليدياً ويقدم أصنافاً معتادة، كما أن طاقم الاستقبال كان عادياً في التعامل,الغرفة، الموقع، الإفطار، الاستقبال,"[0, 0, 0, 0]","['الغرفة', 'الموقع', 'الإفطار', 'الاستقبال']"
Attractions,0.0,التجربة بشكل عام كانت متفاوتة، قيمة التذكرة عادية أما التنظيم فـ داخل المرفق كان عاديا وبالنسبة للمكان فـ بشكل عام طبيعي كأي حديقة أخرى,التذاكر، التنظيم، المكان,"[0, 0, 0]","['التذاكر', 'التنظيم', 'المكان']"
Restaurants,0.0,قرأت تقييمات كثيرة وقررت التجربة، قيمة رائعة مقابل المال والأسعار جداً معقولة بالإضافة إلى ذلك، الأكل مقبول لكنني تذوقت أفضل منه، كما أن الخدمة في المطعم كانت روتينية، كما أن المطعم نظيف لحد معقول,الأسعار، الأكل، الخدمة، النظافة,"[1, 0, 0, 0]","['الأسعار', 'الأكل', 'الخدمة', 'النظافة']"
Restaurants,0.0,بصراحة، أسعار المنيو تعتبر طبيعية مقارنة بالمطاعم الأخرى أما الأكل فـ مقبول لكنني تذوقت أفضل منه,الأسعار، الأكل,"[0, 0]","['الأسعار', 'الأكل']"
Hotels,-1.0,الموقع بعيد جداً ومقطوع عن الخدمات بالإضافة إلى ذلك، الإفطار كان مقبولاً لكنه يفتقر للتنوع,الموقع، الإفطار,"[-1, 0]","['الموقع', 'الإفطار']"
Hotels,0.0,قمت بتجربة هذا المكان وملاحظاتي هي: بوفيه الإفطار كان تقليدياً ويقدم أصنافاً معتادة في حين أن الاستقبال كان مقبولا بشكل عام,الإفطار، الاستقبال,"[0, 0]","['الإفطار', 'الاستقبال']"
Restaurants,1.0,خلال عطلة نهاية الأسبوع ذهبنا إلى هناك، الطلبات كانت متوسطة المستوى ولا بأس بها. والمكان يلمع من النظافة والاهتمام بالتفاصيل,الأكل، النظافة,"[0, 1]","['الأكل', 'النظافة']"
Attractions,0.0,قمت بتجربة هذا المكان وملاحظاتي هي: الوجهة كانت عادية ولم تبهرني كثيراً في حين أن التنظيم داخل المرفق كان عاديا,المكان، التنظيم,"[0, 0]","['المكان', 'التنظيم']"
Restaurants,0.0,قرأت تقييمات كثيرة وقررت التجربة، بالنسبة للأسعار فهي مقبولة إلى حد ما. الأكل مقبول لكنني تذوقت أفضل منه أما النظافة فـ مستوى عادي ولا بأس به,الأسعار، الأكل، النظافة,"[0, 0, 0]","['الأسعار', 'الأكل', 'النظافة']"
Hotels,0.0,بصراحة، أثاث الغرفة يبدو عادياً ليس حديثاً ولا قديماً جداً. بالنسبة للإفطار فهو جيد نسبيا كأي فندق آخر وبالنسبة للموقع فـ لا يتميز بشيء خاص ولكنه مناسب,الغرفة، الإفطار، الموقع,"[0, 0, 0]","['الغرفة', 'الإفطار', 'الموقع']"
Attractions,0.0,قمت بتجربة هذا المكان وملاحظاتي هي: لا بأس بالتنظيم بشكل عام بالإضافة إلى ذلك، التذاكر قيمتها ممتازة وتشمل خيارات كثيرة وبالنسبة للفعاليات فـ كانت تقليدية ومكررة. الوجهة كانت عادية ولم تبهرني كثيراً,التنظيم، التذاكر، الفعاليات، المكان,"[0, 1, 0, 0]","['التنظيم', 'التذاكر', 'الفعاليات', 'المكان']"
Attractions,0.0,التجربة بشكل عام كانت متفاوتة، الفعاليات مملة جداً ولا يوجد تجديد. ولا بأس بالتنظيم بشكل عام. وسعر التذاكر كان متوسطا ومقبولا بالإضافة إلى ذلك، مساحة المكان وتصميمه مقبول ولا بأس به,الفعاليات، التنظيم، التذاكر، المكان,"[-1, 0, 0, 0]","['الفعاليات', 'التنظيم', 'التذاكر', 'المكان']"
Attractions,1.0,التجربة بشكل عام كانت متفاوتة، الوجهة كانت عادية ولم تبهرني كثيراً بالإضافة إلى ذلك، التنظيم رائع جداً وسلس للغاية في حين أن أسعار الدخول طبيعية مقارنة بالفعاليات,المكان، التنظيم، التذاكر,"[0, 1, 0]","['المكان', 'التنظيم', 'التذاكر']"
Attractions,1.0,في زيارتي الأخيرة، الأنشطة والفعاليات ممتعة جداً ومليئة بالحماس. سعر التذاكر كان متوسطا ومقبولا,الفعاليات، التذاكر,"[1, 0]","['الفعاليات', 'التذاكر']"
Hotels,0.0,قمت بتجربة هذا المكان وملاحظاتي هي: موقع المكان عادي ويمكن الوصول إليه بسهولة بالإضافة إلى ذلك، بالنسبة للإفطار فهو جيد نسبيا كأي فندق آخر وبالنسبة للاستقبال فـ تعامل كان جافاً وغير احترافي بالإضافة إلى ذلك، بالنسبة للغرفة فهي بمستوى طبيعي ولا بأس بها,الموقع، الإفطار، الاستقبال، الغرفة,"[0, 0, -1, 0]","['الموقع', 'الإفطار', 'الاستقبال', 'الغرفة']"
Attractions,0.0,بصراحة، الوجهة كانت عادية ولم تبهرني كثيراً. التنظيم داخل المرفق كان عاديا وبالنسبة للتذاكر فـ سعر كان متوسطا ومقبولا,المكان، التنظيم، التذاكر,"[0, 0, 0]","['المكان', 'التنظيم', 'التذاكر']"
Attractions,0.0,قمت بتجربة هذا المكان وملاحظاتي هي: مساحة المكان وتصميمه مقبول ولا بأس به في حين أن قيمة التذكرة عادية,المكان، التذاكر,"[0, 0]","['المكان', 'التذاكر']"
Attractions,0.0,في زيارتي الأخيرة، قيمة التذكرة عادية في حين أن الأنشطة الموجودة لا بأس بها للأطفال,التذاكر، الفعاليات,"[0, 0]","['التذاكر', 'الفعاليات']"
Attractions,0.0,خلال عطلة نهاية الأسبوع ذهبنا إلى هناك، العروض المقدمة كانت في المستوى الطبيعي أما التنظيم فـ داخل المرفق كان عاديا. أسعار التذاكر رخيصة جداً ومناسبة للجميع. والوجهة كانت عادية ولم تبهرني كثيراً,الفعاليات، التنظيم، التذاكر، المكان,"[0, 0, 1, 0]","['الفعاليات', 'التنظيم', 'التذاكر', 'المكان']"
Restaurants,-1.0,قرأت تقييمات كثيرة وقررت التجربة، الطاولات كانت نظيفة بشكل معتاد، كما أن تعامل الويترز كان عادياً وبالنسبة للأكل فـ كان بارداً وطعمه سيء جداً,النظافة، الخدمة، الأكل,"[0, 0, -1]","['النظافة', 'الخدمة', 'الأكل']"
Hotels,0.0,التجربة بشكل عام كانت متفاوتة، بالنسبة للغرفة فهي بمستوى طبيعي ولا بأس بها بالإضافة إلى ذلك، وجبة الإفطار كانت عادية ولم تكن مميزة,الغرفة، الإفطار,"[0, 0]","['الغرفة', 'الإفطار']"
Attractions,0.0,التجربة بشكل عام كانت متفاوتة، المكان يعتبر جيد لقضاء بعض الوقت في حين أن الفعاليات كانت تقليدية ومكررة في حين أن فوضى عارمة وسوء تنظيم واضح في حين أن قيمة التذكرة عادية,المكان، الفعاليات، التنظيم، التذاكر,"[0, 0, -1, 0]","['المكان', 'الفعاليات', 'التنظيم', 'التذاكر']"
Restaurants,0.0,خلال عطلة نهاية الأسبوع ذهبنا إلى هناك، الطاولات كانت نظيفة بشكل معتاد أما الأسعار فـ أسعار المنيو تعتبر طبيعية مقارنة بالمطاعم الأخرى، كما أن بالنسبة للأكل فهو بمستوى طبيعي,النظافة، الأسعار، الأكل,"[0, 0, 0]","['النظافة', 'الأسعار', 'الأكل']"
Attractions,0.0,المكان ساحر وجميل جداً للتصوير. ولا توجد فعاليات تذكر والأنشطة سيئة,المكان، الفعاليات,"[1, -1]","['المكان', 'الفعاليات']"
Restaurants,0.0,في زيارتي الأخيرة، الأسعار مبالغ فيها وغالية جداً في حين أن نظافة المطعم ممتازة جداً أما الخدمة فـ أسوأ خدمة جربتها في حياتي وبالنسبة للأكل فـ طعم كان عادياً ولا يوجد فيه نكهة مميزة,الأسعار، النظافة، الخدمة، الأكل,"[-1, 1, -1, 0]","['الأسعار', 'النظافة', 'الخدمة', 'الأكل']"
Restaurants,0.0,بصراحة، بالنسبة للأكل فهو بمستوى طبيعي أما الأسعار فـ أسعار المنيو تعتبر طبيعية مقارنة بالمطاعم الأخرى,الأكل، الأسعار,"[0, 0]","['الأكل', 'الأسعار']"
Hotels,0.0,خلال عطلة نهاية الأسبوع ذهبنا إلى هناك، إجراءات الدخول في الاستقبال كانت طبيعية ولم تستغرق وقتا طويلا أو قصيرا. وجبة الإفطار كانت عادية ولم تكن مميزة، كما أن موقع الفندق سيء ويصعب الوصول إليه أما الغرفة فـ كانت عادية وتفي بالغرض,الاستقبال، الإفطار، الموقع، الغرفة,"[0, 0, -1, 0]","['الاستقبال', 'الإفطار', 'الموقع', 'الغرفة']"
Hotels,0.0,خلال عطلة نهاية الأسبوع ذهبنا إلى هناك، الغرفة كانت عادية وتفي بالغرض، كما أن موقع المكان عادي ويمكن الوصول إليه بسهولة. الاستقبال كان مقبولا بشكل عام. وجبة الإفطار كانت عادية ولم تكن مميزة,الغرفة، الموقع، الاستقبال، الإفطار,"[0, 0, 0, 0]","['الغرفة', 'الموقع', 'الاستقبال', 'الإفطار']"
Attractions,0.0,قمت بتجربة هذا المكان وملاحظاتي هي: لا بأس بالتنظيم بشكل عام. والتذاكر ليست رخيصة ولا غالية بل في المعقول، كما أن الأنشطة والفعاليات ممتعة جداً ومليئة بالحماس، كما أن المكان كئيب وممل جداً,التنظيم، التذاكر، الفعاليات، المكان,"[0, 0, 1, -1]","['التنظيم', 'التذاكر', 'الفعاليات', 'المكان']"
Restaurants,0.0,خلال عطلة نهاية الأسبوع ذهبنا إلى هناك، أسعار المنيو تعتبر طبيعية مقارنة بالمطاعم الأخرى وبالنسبة للنظافة فـ مستوى عادي ولا بأس به. وطعم الأكل كان عادياً ولا يوجد فيه نكهة مميزة أما الخدمة فـ ممتازة واهتمام كبير بالزبائن,الأسعار، النظافة، الأكل، الخدمة,"[0, 0, 0, 1]","['الأسعار', 'النظافة', 'الأكل', 'الخدمة']"
Attractions,-1.0,التجربة بشكل عام كانت متفاوتة، قيمة التذكرة عادية، كما أن العروض المقدمة كانت في المستوى الطبيعي، كما أن لا أنصح بزيارة المكان فهو سيء للغاية,التذاكر، الفعاليات، المكان,"[0, 0, -1]","['التذاكر', 'الفعاليات', 'المكان']"
Hotels,0.0,التجربة بشكل عام كانت متفاوتة، وجبة الإفطار كانت عادية ولم تكن مميزة بالإضافة إلى ذلك، إجراءات الدخول في الاستقبال كانت طبيعية ولم تستغرق وقتا طويلا أو قصيرا. الموقع مقبول ولا بأس به مقارنة بالسعر,الإفطار، الاستقبال، الموقع,"[0, 0, 0]","['الإفطار', 'الاستقبال', 'الموقع']"
Hotels,0.0,خلال عطلة نهاية الأسبوع ذهبنا إلى هناك، إجراءات الدخول في الاستقبال كانت طبيعية ولم تستغرق وقتا طويلا أو قصيرا. ومساحة الغرفة كانت متوسطة كما توقعنا,الاستقبال، الغرفة,"[0, 0]","['الاستقبال', 'الغرفة']"
Restaurants,1.0,التجربة بشكل عام كانت متفاوتة، بالنسبة للأكل فهو بمستوى طبيعي في حين أن المكان يلمع من النظافة والاهتمام بالتفاصيل,الأكل، النظافة,"[0, 1]","['الأكل', 'النظافة']"
Attractions,0.0,خلال عطلة نهاية الأسبوع ذهبنا إلى هناك، التنظيم داخل المرفق كان عاديا. والفعاليات مملة جداً ولا يوجد تجديد بالإضافة إلى ذلك، قيمة التذكرة عادية، كما أن مساحة المكان وتصميمه مقبول ولا بأس به,التنظيم، الفعاليات، التذاكر، المكان,"[0, -1, 0, 0]","['التنظيم', 'الفعاليات', 'التذاكر', 'المكان']"
Attractions,-1.0,قمت بتجربة هذا المكان وملاحظاتي هي: لا توجد فعاليات تذكر والأنشطة سيئة، كما أن لا بأس بالتنظيم بشكل عام,الفعاليات، التنظيم,"[-1, 0]","['الفعاليات', 'التنظيم']"
Hotels,0.0,قرأت تقييمات كثيرة وقررت التجربة، أثاث الغرفة يبدو عادياً ليس حديثاً ولا قديماً جداً، كما أن بوفيه الإفطار كان تقليدياً ويقدم أصنافاً معتادة,الغرفة، الإفطار,"[0, 0]","['الغرفة', 'الإفطار']"
Restaurants,0.0,التجربة بشكل عام كانت متفاوتة، الخدمة سريعة جداً وطاقم العمل ودود. ونظافة المطعم ممتازة جداً وبالنسبة للأكل فـ طعم كان عادياً ولا يوجد فيه نكهة مميزة في حين أن المطعم غالي بشكل مبالغ فيه ولا يستحق,الخدمة، النظافة، الأكل، الأسعار,"[1, 1, 0, -1]","['الخدمة', 'النظافة', 'الأكل', 'الأسعار']"
Hotels,0.0,الموقع مقبول ولا بأس به مقارنة بالسعر. بالنسبة للإفطار فهو جيد نسبيا كأي فندق آخر,الموقع، الإفطار,"[0, 0]","['الموقع', 'الإفطار']"
Hotels,0.0,قمت بتجربة هذا المكان وملاحظاتي هي: ترحيب حار جداً من طاقم الاستقبال بالإضافة إلى ذلك، موقع الفندق سيء ويصعب الوصول إليه. الإفطار كان مقبولاً لكنه يفتقر للتنوع,الاستقبال، الموقع، الإفطار,"[1, -1, 0]","['الاستقبال', 'الموقع', 'الإفطار']"
Attractions,1.0,بصراحة، المكان ساحر وجميل جداً للتصوير. والتذاكر قيمتها ممتازة وتشمل خيارات كثيرة,المكان، التذاكر,"[1, 1]","['المكان', 'التذاكر']"
Attractions,-1.0,قمت بتجربة هذا المكان وملاحظاتي هي: الأنشطة الموجودة لا بأس بها للأطفال. وأسعار التذاكر غالية جداً ومبالغ فيها، كما أن الوجهة كانت عادية ولم تبهرني كثيراً,الفعاليات، التذاكر، المكان,"[0, -1, 0]","['الفعاليات', 'التذاكر', 'المكان']"
Hotels,0.0,قمت بتجربة هذا المكان وملاحظاتي هي: الموقع لا يتميز بشيء خاص ولكنه مناسب بالإضافة إلى ذلك، بالنسبة للإفطار فهو جيد نسبيا كأي فندق آخر,الموقع، الإفطار,"[0, 0]","['الموقع', 'الإفطار']"
Hotels,-1.0,في زيارتي الأخيرة، الإفطار سيء جداً والخيارات محدودة في حين أن بالنسبة للغرفة فهي بمستوى طبيعي ولا بأس بها. وموظفو الاستقبال قاموا بعملهم بشكل روتيني,الإفطار، الغرفة، الاستقبال,"[-1, 0, 0]","['الإفطار', 'الغرفة', 'الاستقبال']"
Hotels,0.0,طاقم الاستقبال كان عادياً في التعامل بالإضافة إلى ذلك، موقع المكان عادي ويمكن الوصول إليه بسهولة بالإضافة إلى ذلك، بالنسبة للغرفة فهي بمستوى طبيعي ولا بأس بها,الاستقبال، الموقع، الغرفة,"[0, 0, 0]","['الاستقبال', 'الموقع', 'الغرفة']"
Restaurants,-1.0,لم يعجبني الأكل إطلاقاً وكان دون المستوى في حين أن بالنسبة للأسعار فهي مقبولة إلى حد ما وبالنسبة للنظافة فـ مستوى عادي ولا بأس به,الأكل، الأسعار، النظافة,"[-1, 0, 0]","['الأكل', 'الأسعار', 'النظافة']"
Restaurants,-1.0,التجربة بشكل عام كانت متفاوتة، نظافة المكان بشكل عام كانت مقبولة وبالنسبة للأسعار فـ كانت متوسطة ومناسبة لجودة المكان وبالنسبة للخدمة فـ بطيئة للغاية والعمال غير مهتمين,النظافة، الأسعار، الخدمة,"[0, 0, -1]","['النظافة', 'الأسعار', 'الخدمة']"
Attractions,0.0,قمت بتجربة هذا المكان وملاحظاتي هي: سعر التذاكر كان متوسطا ومقبولا، كما أن بشكل عام المكان طبيعي كأي حديقة أخرى,التذاكر، المكان,"[0, 0]","['التذاكر', 'المكان']"
Hotels,0.0,موقع المكان عادي ويمكن الوصول إليه بسهولة. وبالنسبة للغرفة فهي بمستوى طبيعي ولا بأس بها، كما أن الإفطار كان لذيذاً ومتنوعاً جداً في حين أن واجهنا بطء شديد ومماطلة من موظفي الاستقبال,الموقع، الغرفة، الإفطار، الاستقبال,"[0, 0, 1, -1]","['الموقع', 'الغرفة', 'الإفطار', 'الاستقبال']"
Attractions,0.0,في زيارتي الأخيرة، قيمة التذكرة عادية في حين أن بشكل عام المكان طبيعي كأي حديقة أخرى,التذاكر، المكان,"[0, 0]","['التذاكر', 'المكان']"
Hotels,-1.0,خلال عطلة نهاية الأسبوع ذهبنا إلى هناك، موقع الفندق سيء ويصعب الوصول إليه. تعامل الاستقبال كان جافاً وغير احترافي، كما أن جودة الطعام في الإفطار كانت ضعيفة جداً في حين أن أثاث الغرفة يبدو عادياً ليس حديثاً ولا قديماً جداً,الموقع، الاستقبال، الإفطار، الغرفة,"[-1, -1, -1, 0]","['الموقع', 'الاستقبال', 'الإفطار', 'الغرفة']"
Hotels,0.0,التجربة بشكل عام كانت متفاوتة، الموقع لا يتميز بشيء خاص ولكنه مناسب، كما أن موظفو الاستقبال قاموا بعملهم بشكل روتيني. بوفيه الإفطار كان تقليدياً ويقدم أصنافاً معتادة,الموقع، الاستقبال، الإفطار,"[0, 0, 0]","['الموقع', 'الاستقبال', 'الإفطار']"
Restaurants,0.0,التجربة بشكل عام كانت متفاوتة، أسعار المنيو تعتبر طبيعية مقارنة بالمطاعم الأخرى أما الخدمة فـ ممتازة واهتمام كبير بالزبائن وبالنسبة للنظافة فـ معدومة في هذا المطعم,الأسعار، الخدمة، النظافة,"[0, 1, -1]","['الأسعار', 'الخدمة', 'النظافة']"
Hotels,0.0,قرأت تقييمات كثيرة وقررت التجربة، موقع الفندق يعتبر متوسطا من حيث القرب للخدمات وبالنسبة للغرفة فـ مساحة كانت متوسطة كما توقعنا,الموقع، الغرفة,"[0, 0]","['الموقع', 'الغرفة']"
Hotels,0.0,التجربة بشكل عام كانت متفاوتة، مساحة الغرفة كانت متوسطة كما توقعنا، كما أن الإفطار كان مقبولاً لكنه يفتقر للتنوع,الغرفة، الإفطار,"[0, 0]","['الغرفة', 'الإفطار']"
Restaurants,0.0,المطعم نظيف لحد معقول. والأكل مقبول لكنني تذوقت أفضل منه وبالنسبة للأسعار فـ أسعار المنيو تعتبر طبيعية مقارنة بالمطاعم الأخرى,النظافة، الأكل، الأسعار,"[0, 0, 0]","['النظافة', 'الأكل', 'الأسعار']"
Attractions,0.0,بصراحة، سعر التذاكر كان متوسطا ومقبولا، كما أن الإدارة والتنظيم بمستوى مقبول وبالنسبة للفعاليات فـ كانت تقليدية ومكررة بالإضافة إلى ذلك، المكان يعتبر جيد لقضاء بعض الوقت,التذاكر، التنظيم، الفعاليات، المكان,"[0, 0, 0, 0]","['التذاكر', 'التنظيم', 'الفعاليات', 'المكان']"
Restaurants,0.0,خلال عطلة نهاية الأسبوع ذهبنا إلى هناك، الأسعار كانت متوسطة ومناسبة لجودة المكان وبالنسبة للخدمة فـ بطيئة للغاية والعمال غير مهتمين. مستوى النظافة عادي ولا بأس به. الطلبات كانت متوسطة المستوى ولا بأس بها,الأسعار، الخدمة، النظافة، الأكل,"[0, -1, 0, 0]","['الأسعار', 'الخدمة', 'النظافة', 'الأكل']"
Attractions,-1.0,خلال عطلة نهاية الأسبوع ذهبنا إلى هناك، بشكل عام المكان طبيعي كأي حديقة أخرى وبالنسبة للفعاليات فـ مملة جداً ولا يوجد تجديد أما التنظيم فالإدارة و بمستوى مقبول,المكان، الفعاليات، التنظيم,"[0, -1, 0]","['المكان', 'الفعاليات', 'التنظيم']"
Hotels,0.0,بوفيه الإفطار كان تقليدياً ويقدم أصنافاً معتادة. والموقع لا يتميز بشيء خاص ولكنه مناسب أما الاستقبال فـ ترحيب حار جداً من طاقم في حين أن مساحة الغرفة كانت متوسطة كما توقعنا,الإفطار، الموقع، الاستقبال، الغرفة,"[0, 0, 1, 0]","['الإفطار', 'الموقع', 'الاستقبال', 'الغرفة']"
Hotels,-1.0,قمت بتجربة هذا المكان وملاحظاتي هي: موقع الفندق سيء ويصعب الوصول إليه بالإضافة إلى ذلك، الإفطار كان مقبولاً لكنه يفتقر للتنوع في حين أن الغرفة كانت عادية وتفي بالغرض، كما أن تعامل الاستقبال كان جافاً وغير احترافي,الموقع، الإفطار، الغرفة، الاستقبال,"[-1, 0, 0, -1]","['الموقع', 'الإفطار', 'الغرفة', 'الاستقبال']"
Hotels,0.0,بصراحة، أثاث الغرفة يبدو عادياً ليس حديثاً ولا قديماً جداً وبالنسبة للإفطار فـ كان مقبولاً لكنه يفتقر للتنوع بالإضافة إلى ذلك، موظفو الاستقبال قاموا بعملهم بشكل روتيني في حين أن الموقع لا يتميز بشيء خاص ولكنه مناسب,الغرفة، الإفطار، الاستقبال، الموقع,"[0, 0, 0, 0]","['الغرفة', 'الإفطار', 'الاستقبال', 'الموقع']"
Attractions,1.0,مرتبين جداً والتنظيم احترافي وبالنسبة للفعاليات فـ مقبولة وتمضية وقت ليس إلا,التنظيم، الفعاليات,"[1, 0]","['التنظيم', 'الفعاليات']"
Hotels,0.0,قمت بتجربة هذا المكان وملاحظاتي هي: الإفطار كان مقبولاً لكنه يفتقر للتنوع. الاستقبال كان مقبولا بشكل عام,الإفطار، الاستقبال,"[0, 0]","['الإفطار', 'الاستقبال']"
Hotels,0.0,خلال عطلة نهاية الأسبوع ذهبنا إلى هناك، بالنسبة للغرفة فهي بمستوى طبيعي ولا بأس بها، كما أن موظفو الاستقبال قاموا بعملهم بشكل روتيني,الغرفة، الاستقبال,"[0, 0]","['الغرفة', 'الاستقبال']"
Attractions,0.0,خلال عطلة نهاية الأسبوع ذهبنا إلى هناك، التذكرة لا تستحق هذا السعر المرتفع إطلاقاً وبالنسبة للمكان فـ مساحة وتصميمه مقبول ولا بأس به وبالنسبة للفعاليات فـ مقبولة وتمضية وقت ليس إلا. التنظيم داخل المرفق كان عاديا,التذاكر، المكان، الفعاليات، التنظيم,"[-1, 0, 0, 0]","['التذاكر', 'المكان', 'الفعاليات', 'التنظيم']"
Hotels,0.0,قمت بتجربة هذا المكان وملاحظاتي هي: طاقم الاستقبال كان عادياً في التعامل، كما أن الموقع مقبول ولا بأس به مقارنة بالسعر أما الإفطار فـ كان مقبولاً لكنه يفتقر للتنوع. والغرفة واسعة ومريحة بشكل استثنائي,الاستقبال، الموقع، الإفطار، الغرفة,"[0, 0, 0, 1]","['الاستقبال', 'الموقع', 'الإفطار', 'الغرفة']"
Hotels,0.0,خلال عطلة نهاية الأسبوع ذهبنا إلى هناك، إجراءات الدخول في الاستقبال كانت طبيعية ولم تستغرق وقتا طويلا أو قصيرا أما الإفطار فـ بالنسبة للإفطار فهو جيد نسبيا كأي فندق آخر أما الغرفة فـ ضيقة جداً ومكتومة. وموقع الفندق يعتبر متوسطا من حيث القرب للخدمات,الاستقبال، الإفطار، الغرفة، الموقع,"[0, 0, -1, 0]","['الاستقبال', 'الإفطار', 'الغرفة', 'الموقع']"
Restaurants,1.0,بصراحة، الخدمة سريعة جداً وطاقم العمل ودود. الأكل مقبول لكنني تذوقت أفضل منه. ونظافة المكان بشكل عام كانت مقبولة,الخدمة، الأكل، النظافة,"[1, 0, 0]","['الخدمة', 'الأكل', 'النظافة']"
Attractions,0.0,مساحة المكان وتصميمه مقبول ولا بأس به بالإضافة إلى ذلك، عروض رائعة ومتنوعة تناسب كل الأعمار بالإضافة إلى ذلك، التنظيم سيء جداً وهناك عشوائية في المكان,المكان، الفعاليات، التنظيم,"[0, 1, -1]","['المكان', 'الفعاليات', 'التنظيم']"
Hotels,0.0,قرأت تقييمات كثيرة وقررت التجربة، الاستقبال كان مقبولا بشكل عام وبالنسبة للغرفة فـ أثاث يبدو عادياً ليس حديثاً ولا قديماً جداً,الاستقبال، الغرفة,"[0, 0]","['الاستقبال', 'الغرفة']"
Attractions,-1.0,خلال عطلة نهاية الأسبوع ذهبنا إلى هناك، لا توجد فعاليات تذكر والأنشطة سيئة وبالنسبة للتذاكر فـ ليست رخيصة ولا غالية بل في المعقول,الفعاليات، التذاكر,"[-1, 0]","['الفعاليات', 'التذاكر']"
Hotels,1.0,ترحيب حار جداً من طاقم الاستقبال، كما أن وجبة الإفطار كانت عادية ولم تكن مميزة. وبالنسبة للغرفة فهي بمستوى طبيعي ولا بأس بها,الاستقبال، الإفطار، الغرفة,"[1, 0, 0]","['الاستقبال', 'الإفطار', 'الغرفة']"
Attractions,0.0,قرأت تقييمات كثيرة وقررت التجربة، بشكل عام المكان طبيعي كأي حديقة أخرى أما التنظيم فالإدارة و بمستوى مقبول. وأسعار الدخول طبيعية مقارنة بالفعاليات,المكان، التنظيم، التذاكر,"[0, 0, 0]","['المكان', 'التنظيم', 'التذاكر']"
Restaurants,1.0,التجربة بشكل عام كانت متفاوتة، المطعم نظيف لحد معقول. الخدمة ممتازة واهتمام كبير بالزبائن,النظافة، الخدمة,"[0, 1]","['النظافة', 'الخدمة']"
Hotels,0.0,في زيارتي الأخيرة، بالنسبة للغرفة فهي بمستوى طبيعي ولا بأس بها أما الإفطار فـ وجبة كانت عادية ولم تكن مميزة. وواجهنا بطء شديد ومماطلة من موظفي الاستقبال في حين أن الموقع لا يتميز بشيء خاص ولكنه مناسب,الغرفة، الإفطار، الاستقبال، الموقع,"[0, 0, -1, 0]","['الغرفة', 'الإفطار', 'الاستقبال', 'الموقع']"
Attractions,1.0,خلال عطلة نهاية الأسبوع ذهبنا إلى هناك، بشكل عام المكان طبيعي كأي حديقة أخرى. الأنشطة والفعاليات ممتعة جداً ومليئة بالحماس. وترتيب الدخول كان يسير بشكل طبيعي,المكان، الفعاليات، التنظيم,"[0, 1, 0]","['المكان', 'الفعاليات', 'التنظيم']"
Attractions,0.0,في زيارتي الأخيرة، بشكل عام المكان طبيعي كأي حديقة أخرى في حين أن الفعاليات مقبولة وتمضية وقت ليس إلا بالإضافة إلى ذلك، التنظيم داخل المرفق كان عاديا. أسعار الدخول طبيعية مقارنة بالفعاليات,المكان، الفعاليات، التنظيم، التذاكر,"[0, 0, 0, 0]","['المكان', 'الفعاليات', 'التنظيم', 'التذاكر']"
Attractions,1.0,خلال عطلة نهاية الأسبوع ذهبنا إلى هناك، العروض المقدمة كانت في المستوى الطبيعي وبالنسبة للتذاكر فـ قيمتها ممتازة وتشمل خيارات كثيرة، كما أن الإدارة والتنظيم بمستوى مقبول,الفعاليات، التذاكر، التنظيم,"[0, 1, 0]","['الفعاليات', 'التذاكر', 'التنظيم']"
Restaurants,0.0,التجربة بشكل عام كانت متفاوتة، بالنسبة للأسعار فهي مقبولة إلى حد ما. وبالنسبة للأكل فهو بمستوى طبيعي وبالنسبة للنظافة فـ نظافة المكان بشكل عام كانت مقبولة,الأسعار، الأكل، النظافة,"[0, 0, 0]","['الأسعار', 'الأكل', 'النظافة']"
Restaurants,0.0,بالنسبة للأسعار فهي مقبولة إلى حد ما. الطاولات كانت نظيفة بشكل معتاد أما الأكل فـ طعم كان عادياً ولا يوجد فيه نكهة مميزة، كما أن الخدمة في المطعم كانت روتينية,الأسعار، النظافة، الأكل، الخدمة,"[0, 0, 0, 0]","['الأسعار', 'النظافة', 'الأكل', 'الخدمة']"
Restaurants,-1.0,التجربة بشكل عام كانت متفاوتة، الأكل كان بارداً وطعمه سيء جداً. سرعة الخدمة كانت في المعدل الطبيعي والمقبول وبالنسبة للنظافة فالطاولات كانت نظيفة بشكل معتاد,الأكل، الخدمة، النظافة,"[-1, 0, 0]","['الأكل', 'الخدمة', 'النظافة']"
Attractions,0.0,بصراحة، التذاكر ليست رخيصة ولا غالية بل في المعقول، كما أن الأنشطة الموجودة لا بأس بها للأطفال أما التنظيم فـ لا بأس ب بشكل عام,التذاكر، الفعاليات، التنظيم,"[0, 0, 0]","['التذاكر', 'الفعاليات', 'التنظيم']"
Attractions,0.0,التجربة بشكل عام كانت متفاوتة، سعر التذاكر كان متوسطا ومقبولا. والوجهة كانت عادية ولم تبهرني كثيراً. والأنشطة الموجودة لا بأس بها للأطفال. فوضى عارمة وسوء تنظيم واضح,التذاكر، المكان، الفعاليات، التنظيم,"[0, 0, 0, -1]","['التذاكر', 'المكان', 'الفعاليات', 'التنظيم']"
Hotels,-1.0,قمت بتجربة هذا المكان وملاحظاتي هي: الموقع مقبول ولا بأس به مقارنة بالسعر وبالنسبة للاستقبال فـ واجهنا بطء شديد ومماطلة من موظفي. والإفطار سيء جداً والخيارات محدودة أما الغرفة فـ أثاث يبدو عادياً ليس حديثاً ولا قديماً جداً,الموقع، الاستقبال، الإفطار، الغرفة,"[0, -1, -1, 0]","['الموقع', 'الاستقبال', 'الإفطار', 'الغرفة']"
Restaurants,0.0,بصراحة، بالنسبة للأكل فهو بمستوى طبيعي، كما أن الطاولات كانت نظيفة بشكل معتاد,الأكل، النظافة,"[0, 0]","['الأكل', 'النظافة']"
Restaurants,0.0,الطاولات كانت نظيفة بشكل معتاد. الطلبات كانت متوسطة المستوى ولا بأس بها,النظافة، الأكل,"[0, 0]","['النظافة', 'الأكل']"
Restaurants,0.0,نظافة المكان بشكل عام كانت مقبولة أما الأكل فـ مقبول لكنني تذوقت أفضل منه,النظافة، الأكل,"[0, 0]","['النظافة', 'الأكل']"
Attractions,0.0,قمت بتجربة هذا المكان وملاحظاتي هي: عروض رائعة ومتنوعة تناسب كل الأعمار في حين أن ترتيب الدخول كان يسير بشكل طبيعي وبالنسبة للتذاكر فـ أسعار غالية جداً ومبالغ فيها,الفعاليات، التنظيم، التذاكر,"[1, 0, -1]","['الفعاليات', 'التنظيم', 'التذاكر']"
Attractions,0.0,قمت بتجربة هذا المكان وملاحظاتي هي: الإدارة والتنظيم بمستوى مقبول. وسعر التذاكر كان متوسطا ومقبولا. الوجهة كانت عادية ولم تبهرني كثيراً,التنظيم، التذاكر، المكان,"[0, 0, 0]","['التنظيم', 'التذاكر', 'المكان']"
Restaurants,1.0,التجربة بشكل عام كانت متفاوتة، الأسعار كانت متوسطة ومناسبة لجودة المكان في حين أن الأكل كان لذيذاً جداً وأنصح به بشدة في حين أن الخدمة ممتازة واهتمام كبير بالزبائن أما النظافة فـ مستوى عادي ولا بأس به,الأسعار، الأكل، الخدمة، النظافة,"[0, 1, 1, 0]","['الأسعار', 'الأكل', 'الخدمة', 'النظافة']"
Attractions,1.0,ترتيب الدخول كان يسير بشكل طبيعي في حين أن المكان ساحر وجميل جداً للتصوير. الفعاليات مقبولة وتمضية وقت ليس إلا,التنظيم، المكان، الفعاليات,"[0, 1, 0]","['التنظيم', 'المكان', 'الفعاليات']"
Restaurants,1.0,قمت بتجربة هذا المكان وملاحظاتي هي: المطعم نظيف لحد معقول بالإضافة إلى ذلك، سرعة الخدمة كانت في المعدل الطبيعي والمقبول. كل الأطباق كانت مطبوخة باحترافية وطعمها خيال,النظافة، الخدمة، الأكل,"[0, 0, 1]","['النظافة', 'الخدمة', 'الأكل']"
Hotels,1.0,قرأت تقييمات كثيرة وقررت التجربة، موظفو الاستقبال في قمة الرقي والتعاون في حين أن الموقع لا يتميز بشيء خاص ولكنه مناسب,الاستقبال، الموقع,"[1, 0]","['الاستقبال', 'الموقع']"
Restaurants,0.0,قمت بتجربة هذا المكان وملاحظاتي هي: مستوى الخدمة لا بأس به. الطلبات كانت متوسطة المستوى ولا بأس بها,الخدمة، الأكل,"[0, 0]","['الخدمة', 'الأكل']"
Hotels,0.0,التجربة بشكل عام كانت متفاوتة، الإفطار كان مقبولاً لكنه يفتقر للتنوع. الموقع لا يتميز بشيء خاص ولكنه مناسب,الإفطار، الموقع,"[0, 0]","['الإفطار', 'الموقع']"
Restaurants,0.0,قمت بتجربة هذا المكان وملاحظاتي هي: الأكل مقبول لكنني تذوقت أفضل منه في حين أن نظافة المكان بشكل عام كانت مقبولة,الأكل، النظافة,"[0, 0]","['الأكل', 'النظافة']"
Attractions,-1.0,التجربة بشكل عام كانت متفاوتة، الفعاليات مقبولة وتمضية وقت ليس إلا وبالنسبة للتنظيم فـ فوضى عارمة وسوء تنظيم واضح أما التذاكر فـ ليست رخيصة ولا غالية بل في المعقول,الفعاليات، التنظيم، التذاكر,"[0, -1, 0]","['الفعاليات', 'التنظيم', 'التذاكر']"
Attractions,1.0,التجربة بشكل عام كانت متفاوتة، الأنشطة الموجودة لا بأس بها للأطفال أما التذاكر فـ قيمتها ممتازة وتشمل خيارات كثيرة. ترتيب الدخول كان يسير بشكل طبيعي,الفعاليات، التذاكر، التنظيم,"[0, 1, 0]","['الفعاليات', 'التذاكر', 'التنظيم']"
Hotels,0.0,وجبة الإفطار كانت عادية ولم تكن مميزة، كما أن الغرفة كانت عادية وتفي بالغرض بالإضافة إلى ذلك، موقع المكان عادي ويمكن الوصول إليه بسهولة,الإفطار، الغرفة، الموقع,"[0, 0, 0]","['الإفطار', 'الغرفة', 'الموقع']"
Hotels,0.0,أثاث الغرفة يبدو عادياً ليس حديثاً ولا قديماً جداً بالإضافة إلى ذلك، الإفطار كان مقبولاً لكنه يفتقر للتنوع أما الموقع فـ لا يتميز بشيء خاص ولكنه مناسب. وإجراءات الدخول في الاستقبال كانت طبيعية ولم تستغرق وقتا طويلا أو قصيرا,الغرفة، الإفطار، الموقع، الاستقبال,"[0, 0, 0, 0]","['الغرفة', 'الإفطار', 'الموقع', 'الاستقبال']"
Hotels,1.0,خلال عطلة نهاية الأسبوع ذهبنا إلى هناك، بوفيه الإفطار مذهل ويحتوي على خيارات رائعة أما الموقع فـ مقبول ولا بأس به مقارنة بالسعر,الإفطار، الموقع,"[1, 0]","['الإفطار', 'الموقع']"
Attractions,1.0,أسعار الدخول طبيعية مقارنة بالفعاليات بالإضافة إلى ذلك، مرتبين جداً والتنظيم احترافي,التذاكر، التنظيم,"[0, 1]","['التذاكر', 'التنظيم']"
Hotels,1.0,قرأت تقييمات كثيرة وقررت التجربة، بالنسبة للغرفة فهي بمستوى طبيعي ولا بأس بها، كما أن إجراءات الدخول في الاستقبال كانت طبيعية ولم تستغرق وقتا طويلا أو قصيرا. بوفيه الإفطار مذهل ويحتوي على خيارات رائعة,الغرفة، الاستقبال، الإفطار,"[0, 0, 1]","['الغرفة', 'الاستقبال', 'الإفطار']"
Restaurants,0.0,قمت بتجربة هذا المكان وملاحظاتي هي: بالنسبة للأكل فهو بمستوى طبيعي، كما أن المطعم نظيف لحد معقول بالإضافة إلى ذلك، الأسعار كانت متوسطة ومناسبة لجودة المكان، كما أن أسوأ خدمة جربتها في حياتي,الأكل، النظافة، الأسعار، الخدمة,"[0, 0, 0, -1]","['الأكل', 'النظافة', 'الأسعار', 'الخدمة']"
Restaurants,1.0,السعر كان عاديا وليس مبالغا فيه أما النظافة فـ نظافة المطعم ممتازة جداً أما الخدمة فـ تعامل الويترز كان عادياً,الأسعار، النظافة، الخدمة,"[0, 1, 0]","['الأسعار', 'النظافة', 'الخدمة']"
Hotels,1.0,بصراحة، موقع الفندق ممتاز جداً وإطلالته خرافية في حين أن الاستقبال كان مقبولا بشكل عام وبالنسبة للغرفة فـ أعجبتني بنظافتها الفائقة وتصميمها الرائع,الموقع، الاستقبال، الغرفة,"[1, 0, 1]","['الموقع', 'الاستقبال', 'الغرفة']"
Attractions,0.0,خلال عطلة نهاية الأسبوع ذهبنا إلى هناك، الوجهة كانت عادية ولم تبهرني كثيراً. لا بأس بالتنظيم بشكل عام. والتذكرة لا تستحق هذا السعر المرتفع إطلاقاً. الأنشطة والفعاليات ممتعة جداً ومليئة بالحماس,المكان، التنظيم، التذاكر، الفعاليات,"[0, 0, -1, 1]","['المكان', 'التنظيم', 'التذاكر', 'الفعاليات']"
Restaurants,0.0,خلال عطلة نهاية الأسبوع ذهبنا إلى هناك، بالنسبة للأكل فهو بمستوى طبيعي، كما أن سرعة الخدمة كانت في المعدل الطبيعي والمقبول، كما أن مستوى النظافة عادي ولا بأس به بالإضافة إلى ذلك، الأسعار كانت متوسطة ومناسبة لجودة المكان,الأكل، الخدمة، النظافة، الأسعار,"[0, 0, 0, 0]","['الأكل', 'الخدمة', 'النظافة', 'الأسعار']"
Restaurants,1.0,قمت بتجربة هذا المكان وملاحظاتي هي: تعامل الويترز كان عادياً. قيمة رائعة مقابل المال والأسعار جداً معقولة بالإضافة إلى ذلك، الطاولات كانت نظيفة بشكل معتاد,الخدمة، الأسعار، النظافة,"[0, 1, 0]","['الخدمة', 'الأسعار', 'النظافة']"
Restaurants,0.0,قمت بتجربة هذا المكان وملاحظاتي هي: طعم الأكل كان عادياً ولا يوجد فيه نكهة مميزة وبالنسبة للنظافة فـ نظافة المطعم ممتازة جداً في حين أن تعامل الويترز كان عادياً أما الأسعار فـ أسعار المنيو تعتبر طبيعية مقارنة بالمطاعم الأخرى,الأكل، النظافة، الخدمة، الأسعار,"[0, 1, 0, 0]","['الأكل', 'النظافة', 'الخدمة', 'الأسعار']"
Attractions,0.0,خلال عطلة نهاية الأسبوع ذهبنا إلى هناك، قيمة التذكرة عادية وبالنسبة للتنظيم فالإدارة و بمستوى مقبول أما الفعاليات فـ مقبولة وتمضية وقت ليس إلا,التذاكر، التنظيم، الفعاليات,"[0, 0, 0]","['التذاكر', 'التنظيم', 'الفعاليات']"
Restaurants,0.0,خلال عطلة نهاية الأسبوع ذهبنا إلى هناك، سرعة الخدمة كانت في المعدل الطبيعي والمقبول. بالنسبة للأسعار فهي مقبولة إلى حد ما. المكان متسخ والطاولات غير نظيفة. وبالنسبة للأكل فهو بمستوى طبيعي,الخدمة، الأسعار، النظافة، الأكل,"[0, 0, -1, 0]","['الخدمة', 'الأسعار', 'النظافة', 'الأكل']"
Hotels,-1.0,موقع الفندق يعتبر متوسطا من حيث القرب للخدمات. الغرفة ضيقة جداً ومكتومة. موظفو الاستقبال قاموا بعملهم بشكل روتيني,الموقع، الغرفة، الاستقبال,"[0, -1, 0]","['الموقع', 'الغرفة', 'الاستقبال']"
Attractions,0.0,خلال عطلة نهاية الأسبوع ذهبنا إلى هناك، المكان يعتبر جيد لقضاء بعض الوقت في حين أن الإدارة والتنظيم بمستوى مقبول وبالنسبة للفعاليات فـ مقبولة وتمضية وقت ليس إلا,المكان، التنظيم، الفعاليات,"[0, 0, 0]","['المكان', 'التنظيم', 'الفعاليات']"
Attractions,1.0,قمت بتجربة هذا المكان وملاحظاتي هي: التنظيم داخل المرفق كان عاديا وبالنسبة للتذاكر فـ أسعار الدخول طبيعية مقارنة بالفعاليات وبالنسبة للمكان فـ وجهة سياحية رائعة وتستحق الزيارة تكراراً,التنظيم، التذاكر، المكان,"[0, 0, 1]","['التنظيم', 'التذاكر', 'المكان']"
Hotels,0.0,التجربة بشكل عام كانت متفاوتة، الموقع لا يتميز بشيء خاص ولكنه مناسب. الغرفة واسعة ومريحة بشكل استثنائي، كما أن واجهنا بطء شديد ومماطلة من موظفي الاستقبال في حين أن بوفيه الإفطار مذهل ويحتوي على خيارات رائعة,الموقع، الغرفة، الاستقبال، الإفطار,"[0, 1, -1, 1]","['الموقع', 'الغرفة', 'الاستقبال', 'الإفطار']"
Restaurants,0.0,قمت بتجربة هذا المكان وملاحظاتي هي: كل الأطباق كانت مطبوخة باحترافية وطعمها خيال أما النظافة فالمكان متسخ والطاولات غير نظيفة,الأكل، النظافة,"[1, -1]","['الأكل', 'النظافة']"
Hotels,1.0,بصراحة، الموقع مقبول ولا بأس به مقارنة بالسعر أما الاستقبال فـ ترحيب حار جداً من طاقم,الموقع، الاستقبال,"[0, 1]","['الموقع', 'الاستقبال']"
Hotels,0.0,مساحة الغرفة كانت متوسطة كما توقعنا أما الموقع فـ مقبول ولا بأس به مقارنة بالسعر,الغرفة، الموقع,"[0, 0]","['الغرفة', 'الموقع']"
Hotels,1.0,قمت بتجربة هذا المكان وملاحظاتي هي: إجراءات الدخول في الاستقبال كانت طبيعية ولم تستغرق وقتا طويلا أو قصيرا أما الإفطار فـ بالنسبة للإفطار فهو جيد نسبيا كأي فندق آخر. والغرفة واسعة ومريحة بشكل استثنائي,الاستقبال، الإفطار، الغرفة,"[0, 0, 1]","['الاستقبال', 'الإفطار', 'الغرفة']"
Restaurants,-1.0,التجربة بشكل عام كانت متفاوتة، الأسعار مبالغ فيها وغالية جداً بالإضافة إلى ذلك، نظافة المكان بشكل عام كانت مقبولة. تعامل الويترز كان عادياً,الأسعار، النظافة، الخدمة,"[-1, 0, 0]","['الأسعار', 'النظافة', 'الخدمة']"
Attractions,-1.0,التجربة بشكل عام كانت متفاوتة، أسعار التذاكر غالية جداً ومبالغ فيها. والتنظيم داخل المرفق كان عاديا في حين أن مساحة المكان وتصميمه مقبول ولا بأس به,التذاكر، التنظيم، المكان,"[-1, 0, 0]","['التذاكر', 'التنظيم', 'المكان']"
Attractions,0.0,قرأت تقييمات كثيرة وقررت التجربة، وجهة سياحية رائعة وتستحق الزيارة تكراراً. والتذاكر ليست رخيصة ولا غالية بل في المعقول أما التنظيم فالإدارة و بمستوى مقبول بالإضافة إلى ذلك، الفعاليات مقبولة وتمضية وقت ليس إلا,المكان، التذاكر، التنظيم، الفعاليات,"[1, 0, 0, 0]","['المكان', 'التذاكر', 'التنظيم', 'الفعاليات']"
Attractions,1.0,بصراحة، مرتبين جداً والتنظيم احترافي وبالنسبة للتذاكر فـ أسعار الدخول طبيعية مقارنة بالفعاليات,التنظيم، التذاكر,"[1, 0]","['التنظيم', 'التذاكر']"
Restaurants,1.0,قرأت تقييمات كثيرة وقررت التجربة، المطعم نظيف لحد معقول أما الخدمة فـ ممتازة واهتمام كبير بالزبائن,النظافة، الخدمة,"[0, 1]","['النظافة', 'الخدمة']"
Attractions,0.0,بصراحة، الفعاليات كانت تقليدية ومكررة بالإضافة إلى ذلك، التذاكر ليست رخيصة ولا غالية بل في المعقول بالإضافة إلى ذلك، الوجهة كانت عادية ولم تبهرني كثيراً,الفعاليات، التذاكر، المكان,"[0, 0, 0]","['الفعاليات', 'التذاكر', 'المكان']"
Hotels,1.0,في زيارتي الأخيرة، بالنسبة للإفطار فهو جيد نسبيا كأي فندق آخر. موقع الفندق ممتاز جداً وإطلالته خرافية,الإفطار، الموقع,"[0, 1]","['الإفطار', 'الموقع']"
Hotels,0.0,قرأت تقييمات كثيرة وقررت التجربة، الإفطار كان مقبولاً لكنه يفتقر للتنوع وبالنسبة للاستقبال فـ إجراءات الدخول في كانت طبيعية ولم تستغرق وقتا طويلا أو قصيرا أما الموقع فـ موقع الفندق ممتاز جداً وإطلالته خرافية أما الغرفة فـ أثاث يبدو عادياً ليس حديثاً ولا قديماً جداً,الإفطار، الاستقبال، الموقع، الغرفة,"[0, 0, 1, 0]","['الإفطار', 'الاستقبال', 'الموقع', 'الغرفة']"
Hotels,0.0,التجربة بشكل عام كانت متفاوتة، الاستقبال كان مقبولا بشكل عام أما الموقع فـ موقع الفندق يعتبر متوسطا من حيث القرب للخدمات، كما أن جودة الطعام في الإفطار كانت ضعيفة جداً وبالنسبة للغرفة فـ مساحة كانت متوسطة كما توقعنا,الاستقبال، الموقع، الإفطار، الغرفة,"[0, 0, -1, 0]","['الاستقبال', 'الموقع', 'الإفطار', 'الغرفة']"
Hotels,0.0,موقع الفندق يعتبر متوسطا من حيث القرب للخدمات. وأثاث الغرفة يبدو عادياً ليس حديثاً ولا قديماً جداً وبالنسبة للاستقبال فـ موظفو في قمة الرقي والتعاون أما الإفطار فـ وجبة كانت عادية ولم تكن مميزة,الموقع، الغرفة، الاستقبال، الإفطار,"[0, 0, 1, 0]","['الموقع', 'الغرفة', 'الاستقبال', 'الإفطار']"
Restaurants,0.0,خلال عطلة نهاية الأسبوع ذهبنا إلى هناك، طعم الأكل كان عادياً ولا يوجد فيه نكهة مميزة، كما أن السعر كان عاديا وليس مبالغا فيه,الأكل، الأسعار,"[0, 0]","['الأكل', 'الأسعار']"
Attractions,1.0,في زيارتي الأخيرة، الأنشطة والفعاليات ممتعة جداً ومليئة بالحماس. مساحة المكان وتصميمه مقبول ولا بأس به. الإدارة والتنظيم بمستوى مقبول,الفعاليات، المكان، التنظيم,"[1, 0, 0]","['الفعاليات', 'المكان', 'التنظيم']"
Restaurants,0.0,التجربة بشكل عام كانت متفاوتة، أسعار المنيو تعتبر طبيعية مقارنة بالمطاعم الأخرى. وطعم الأكل كان عادياً ولا يوجد فيه نكهة مميزة في حين أن الخدمة في المطعم كانت روتينية,الأسعار، الأكل، الخدمة,"[0, 0, 0]","['الأسعار', 'الأكل', 'الخدمة']"
Restaurants,0.0,قمت بتجربة هذا المكان وملاحظاتي هي: السعر كان عاديا وليس مبالغا فيه في حين أن تعامل الويترز كان عادياً بالإضافة إلى ذلك، مستوى النظافة عادي ولا بأس به وبالنسبة للأكل فـ طعم كان عادياً ولا يوجد فيه نكهة مميزة,الأسعار، الخدمة، النظافة، الأكل,"[0, 0, 0, 0]","['الأسعار', 'الخدمة', 'النظافة', 'الأكل']"
Attractions,-1.0,قمت بتجربة هذا المكان وملاحظاتي هي: أسعار التذاكر غالية جداً ومبالغ فيها وبالنسبة للمكان فـ يعتبر جيد لقضاء بعض الوقت في حين أن لا توجد فعاليات تذكر والأنشطة سيئة بالإضافة إلى ذلك، التنظيم داخل المرفق كان عاديا,التذاكر، المكان، الفعاليات، التنظيم,"[-1, 0, -1, 0]","['التذاكر', 'المكان', 'الفعاليات', 'التنظيم']"
Attractions,0.0,خلال عطلة نهاية الأسبوع ذهبنا إلى هناك، قيمة التذكرة عادية بالإضافة إلى ذلك، الأنشطة الموجودة لا بأس بها للأطفال,التذاكر، الفعاليات,"[0, 0]","['التذاكر', 'الفعاليات']"
Restaurants,-1.0,الأسعار مبالغ فيها وغالية جداً. تعامل الويترز كان عادياً,الأسعار، الخدمة,"[-1, 0]","['الأسعار', 'الخدمة']"
Attractions,0.0,قمت بتجربة هذا المكان وملاحظاتي هي: أسعار الدخول طبيعية مقارنة بالفعاليات بالإضافة إلى ذلك، الإدارة والتنظيم بمستوى مقبول في حين أن الفعاليات مقبولة وتمضية وقت ليس إلا بالإضافة إلى ذلك، الوجهة كانت عادية ولم تبهرني كثيراً,التذاكر، التنظيم، الفعاليات، المكان,"[0, 0, 0, 0]","['التذاكر', 'التنظيم', 'الفعاليات', 'المكان']"
Attractions,0.0,بصراحة، لا بأس بالتنظيم بشكل عام بالإضافة إلى ذلك، الأنشطة الموجودة لا بأس بها للأطفال,التنظيم، الفعاليات,"[0, 0]","['التنظيم', 'الفعاليات']"
Hotels,0.0,في زيارتي الأخيرة، إجراءات الدخول في الاستقبال كانت طبيعية ولم تستغرق وقتا طويلا أو قصيرا، كما أن أثاث الغرفة يبدو عادياً ليس حديثاً ولا قديماً جداً. وموقع الفندق يعتبر متوسطا من حيث القرب للخدمات,الاستقبال، الغرفة، الموقع,"[0, 0, 0]","['الاستقبال', 'الغرفة', 'الموقع']"
Hotels,0.0,قمت بتجربة هذا المكان وملاحظاتي هي: الموقع لا يتميز بشيء خاص ولكنه مناسب، كما أن بوفيه الإفطار كان تقليدياً ويقدم أصنافاً معتادة وبالنسبة للغرفة فـ أثاث يبدو عادياً ليس حديثاً ولا قديماً جداً أما الاستقبال فـ واجهنا بطء شديد ومماطلة من موظفي,الموقع، الإفطار، الغرفة، الاستقبال,"[0, 0, 0, -1]","['الموقع', 'الإفطار', 'الغرفة', 'الاستقبال']"
Attractions,1.0,في زيارتي الأخيرة، المكان ساحر وجميل جداً للتصوير وبالنسبة للفعاليات فـ مقبولة وتمضية وقت ليس إلا أما التذاكر فـ أسعار الدخول طبيعية مقارنة بالفعاليات,المكان، الفعاليات، التذاكر,"[1, 0, 0]","['المكان', 'الفعاليات', 'التذاكر']"
Restaurants,0.0,قرأت تقييمات كثيرة وقررت التجربة، المكان يلمع من النظافة والاهتمام بالتفاصيل. وطعم الأكل كان عادياً ولا يوجد فيه نكهة مميزة أما الأسعار فالسعر كان عاديا وليس مبالغا فيه وبالنسبة للخدمة فـ مستوى لا بأس به,النظافة، الأكل، الأسعار، الخدمة,"[1, 0, 0, 0]","['النظافة', 'الأكل', 'الأسعار', 'الخدمة']"
Attractions,0.0,قرأت تقييمات كثيرة وقررت التجربة، بشكل عام المكان طبيعي كأي حديقة أخرى أما التذاكر فـ سعر كان متوسطا ومقبولا في حين أن الأنشطة والفعاليات ممتعة جداً ومليئة بالحماس بالإضافة إلى ذلك، الإدارة والتنظيم بمستوى مقبول,المكان، التذاكر، الفعاليات، التنظيم,"[0, 0, 1, 0]","['المكان', 'التذاكر', 'الفعاليات', 'التنظيم']"
Hotels,1.0,موقع الفندق ممتاز جداً وإطلالته خرافية، كما أن مساحة الغرفة كانت متوسطة كما توقعنا. بالنسبة للإفطار فهو جيد نسبيا كأي فندق آخر,الموقع، الغرفة، الإفطار,"[1, 0, 0]","['الموقع', 'الغرفة', 'الإفطار']"
Attractions,1.0,قمت بتجربة هذا المكان وملاحظاتي هي: الإدارة والتنظيم بمستوى مقبول بالإضافة إلى ذلك، الأنشطة والفعاليات ممتعة جداً ومليئة بالحماس بالإضافة إلى ذلك، أسعار الدخول طبيعية مقارنة بالفعاليات,التنظيم، الفعاليات، التذاكر,"[0, 1, 0]","['التنظيم', 'الفعاليات', 'التذاكر']"
Hotels,0.0,بصراحة، موقع الفندق يعتبر متوسطا من حيث القرب للخدمات أما الغرفة فـ بالنسبة للغرفة فهي بمستوى طبيعي ولا بأس بها. وطاقم الاستقبال كان عادياً في التعامل,الموقع، الغرفة، الاستقبال,"[0, 0, 0]","['الموقع', 'الغرفة', 'الاستقبال']"
Attractions,1.0,بصراحة، التنظيم سيء جداً وهناك عشوائية في المكان في حين أن التذاكر قيمتها ممتازة وتشمل خيارات كثيرة وبالنسبة للفعاليات فـ عروض رائعة ومتنوعة تناسب كل الأعمار بالإضافة إلى ذلك، وجهة سياحية رائعة وتستحق الزيارة تكراراً,التنظيم، التذاكر، الفعاليات، المكان,"[-1, 1, 1, 1]","['التنظيم', 'التذاكر', 'الفعاليات', 'المكان']"
Attractions,1.0,التجربة بشكل عام كانت متفاوتة، الوجهة كانت عادية ولم تبهرني كثيراً، كما أن التذاكر قيمتها ممتازة وتشمل خيارات كثيرة بالإضافة إلى ذلك، العروض المقدمة كانت في المستوى الطبيعي,المكان، التذاكر، الفعاليات,"[0, 1, 0]","['المكان', 'التذاكر', 'الفعاليات']"
Restaurants,-1.0,في زيارتي الأخيرة، المكان متسخ والطاولات غير نظيفة. أسوأ خدمة جربتها في حياتي. وطعم الأكل كان عادياً ولا يوجد فيه نكهة مميزة,النظافة، الخدمة، الأكل,"[-1, -1, 0]","['النظافة', 'الخدمة', 'الأكل']"
Hotels,1.0,الغرفة واسعة ومريحة بشكل استثنائي في حين أن موظفو الاستقبال قاموا بعملهم بشكل روتيني بالإضافة إلى ذلك، الموقع استراتيجي وقريب من كل الفعاليات,الغرفة، الاستقبال، الموقع,"[1, 0, 1]","['الغرفة', 'الاستقبال', 'الموقع']"
Attractions,0.0,قرأت تقييمات كثيرة وقررت التجربة، بشكل عام المكان طبيعي كأي حديقة أخرى في حين أن التنظيم سيء جداً وهناك عشوائية في المكان أما الفعاليات فالعروض المقدمة كانت في المستوى الطبيعي في حين أن التذاكر ليست رخيصة ولا غالية بل في المعقول,المكان، التنظيم، الفعاليات، التذاكر,"[0, -1, 0, 0]","['المكان', 'التنظيم', 'الفعاليات', 'التذاكر']"
Restaurants,0.0,قرأت تقييمات كثيرة وقررت التجربة، الأسعار ممتازة ورخيصة مقارنة بالكمية. ومستوى النظافة عادي ولا بأس به. والخدمة في المطعم كانت روتينية في حين أن لم يعجبني الأكل إطلاقاً وكان دون المستوى,الأسعار، النظافة، الخدمة، الأكل,"[1, 0, 0, -1]","['الأسعار', 'النظافة', 'الخدمة', 'الأكل']"
Hotels,1.0,قمت بتجربة هذا المكان وملاحظاتي هي: الموقع استراتيجي وقريب من كل الفعاليات وبالنسبة للاستقبال فـ طاقم كان عادياً في التعامل وبالنسبة للغرفة فـ أثاث يبدو عادياً ليس حديثاً ولا قديماً جداً,الموقع، الاستقبال، الغرفة,"[1, 0, 0]","['الموقع', 'الاستقبال', 'الغرفة']"
Hotels,1.0,أثاث الغرفة يبدو عادياً ليس حديثاً ولا قديماً جداً في حين أن موظفو الاستقبال قاموا بعملهم بشكل روتيني وبالنسبة للإفطار فـ بوفيه مذهل ويحتوي على خيارات رائعة,الغرفة، الاستقبال، الإفطار,"[0, 0, 1]","['الغرفة', 'الاستقبال', 'الإفطار']"
Hotels,0.0,بصراحة، مساحة الغرفة كانت متوسطة كما توقعنا أما الإفطار فـ بالنسبة للإفطار فهو جيد نسبيا كأي فندق آخر,الغرفة، الإفطار,"[0, 0]","['الغرفة', 'الإفطار']"
Restaurants,-1.0,قرأت تقييمات كثيرة وقررت التجربة، الأسعار مبالغ فيها وغالية جداً في حين أن مستوى النظافة عادي ولا بأس به,الأسعار، النظافة,"[-1, 0]","['الأسعار', 'النظافة']"
Attractions,0.0,قرأت تقييمات كثيرة وقررت التجربة، الوجهة كانت عادية ولم تبهرني كثيراً وبالنسبة للفعاليات فالعروض المقدمة كانت في المستوى الطبيعي بالإضافة إلى ذلك، التنظيم داخل المرفق كان عاديا,المكان، الفعاليات، التنظيم,"[0, 0, 0]","['المكان', 'الفعاليات', 'التنظيم']"
Hotels,0.0,قرأت تقييمات كثيرة وقررت التجربة، مساحة الغرفة كانت متوسطة كما توقعنا أما الإفطار فـ وجبة كانت عادية ولم تكن مميزة في حين أن الاستقبال كان مقبولا بشكل عام، كما أن الموقع مقبول ولا بأس به مقارنة بالسعر,الغرفة، الإفطار، الاستقبال، الموقع,"[0, 0, 0, 0]","['الغرفة', 'الإفطار', 'الاستقبال', 'الموقع']"
Attractions,0.0,التنظيم داخل المرفق كان عاديا في حين أن الوجهة كانت عادية ولم تبهرني كثيراً,التنظيم، المكان,"[0, 0]","['التنظيم', 'المكان']"
Attractions,0.0,بصراحة، قيمة التذكرة عادية في حين أن لا بأس بالتنظيم بشكل عام وبالنسبة للفعاليات فالعروض المقدمة كانت في المستوى الطبيعي,التذاكر، التنظيم، الفعاليات,"[0, 0, 0]","['التذاكر', 'التنظيم', 'الفعاليات']"
Attractions,0.0,بصراحة، الفعاليات مقبولة وتمضية وقت ليس إلا وبالنسبة للتنظيم فـ ترتيب الدخول كان يسير بشكل طبيعي أما المكان فـ مساحة وتصميمه مقبول ولا بأس به,الفعاليات، التنظيم، المكان,"[0, 0, 0]","['الفعاليات', 'التنظيم', 'المكان']"
Hotels,0.0,خلال عطلة نهاية الأسبوع ذهبنا إلى هناك، الإفطار كان مقبولاً لكنه يفتقر للتنوع. وموقع الفندق يعتبر متوسطا من حيث القرب للخدمات,الإفطار، الموقع,"[0, 0]","['الإفطار', 'الموقع']"
Hotels,1.0,قمت بتجربة هذا المكان وملاحظاتي هي: وجبة الإفطار كانت عادية ولم تكن مميزة أما الغرفة فـ أثاث يبدو عادياً ليس حديثاً ولا قديماً جداً. موقع الفندق ممتاز جداً وإطلالته خرافية,الإفطار، الغرفة، الموقع,"[0, 0, 1]","['الإفطار', 'الغرفة', 'الموقع']"
Attractions,0.0,التجربة بشكل عام كانت متفاوتة، الإدارة والتنظيم بمستوى مقبول أما التذاكر فـ ليست رخيصة ولا غالية بل في المعقول,التنظيم، التذاكر,"[0, 0]","['التنظيم', 'التذاكر']"
Hotels,0.0,قرأت تقييمات كثيرة وقررت التجربة، وجبة الإفطار كانت عادية ولم تكن مميزة، كما أن أثاث الغرفة يبدو عادياً ليس حديثاً ولا قديماً جداً. وموظفو الاستقبال قاموا بعملهم بشكل روتيني,الإفطار، الغرفة، الاستقبال,"[0, 0, 0]","['الإفطار', 'الغرفة', 'الاستقبال']"
Hotels,1.0,التجربة بشكل عام كانت متفاوتة، الاستقبال كان مقبولا بشكل عام وبالنسبة للموقع فـ استراتيجي وقريب من كل الفعاليات,الاستقبال، الموقع,"[0, 1]","['الاستقبال', 'الموقع']"
Restaurants,0.0,بصراحة، المطعم نظيف لحد معقول، كما أن بالنسبة للأسعار فهي مقبولة إلى حد ما أما الخدمة فـ سرعة كانت في المعدل الطبيعي والمقبول أما الأكل فالطلبات كانت متوسطة المستوى ولا بأس بها,النظافة، الأسعار، الخدمة، الأكل,"[0, 0, 0, 0]","['النظافة', 'الأسعار', 'الخدمة', 'الأكل']"
Attractions,0.0,قمت بتجربة هذا المكان وملاحظاتي هي: أسعار الدخول طبيعية مقارنة بالفعاليات. والعروض المقدمة كانت في المستوى الطبيعي، كما أن ترتيب الدخول كان يسير بشكل طبيعي. وبشكل عام المكان طبيعي كأي حديقة أخرى,التذاكر، الفعاليات، التنظيم، المكان,"[0, 0, 0, 0]","['التذاكر', 'الفعاليات', 'التنظيم', 'المكان']"
Attractions,0.0,التجربة بشكل عام كانت متفاوتة، بشكل عام المكان طبيعي كأي حديقة أخرى بالإضافة إلى ذلك، أسعار الدخول طبيعية مقارنة بالفعاليات وبالنسبة للتنظيم فـ لا بأس ب بشكل عام,المكان، التذاكر، التنظيم,"[0, 0, 0]","['المكان', 'التذاكر', 'التنظيم']"
Hotels,0.0,قرأت تقييمات كثيرة وقررت التجربة، بالنسبة للإفطار فهو جيد نسبيا كأي فندق آخر بالإضافة إلى ذلك، أثاث الغرفة يبدو عادياً ليس حديثاً ولا قديماً جداً. الاستقبال كان مقبولا بشكل عام,الإفطار، الغرفة، الاستقبال,"[0, 0, 0]","['الإفطار', 'الغرفة', 'الاستقبال']"
Attractions,0.0,في زيارتي الأخيرة، العروض المقدمة كانت في المستوى الطبيعي وبالنسبة للتذاكر فـ سعر كان متوسطا ومقبولا بالإضافة إلى ذلك، المكان ساحر وجميل جداً للتصوير في حين أن الإدارة والتنظيم بمستوى مقبول,الفعاليات، التذاكر، المكان، التنظيم,"[0, 0, 1, 0]","['الفعاليات', 'التذاكر', 'المكان', 'التنظيم']"
Attractions,0.0,خلال عطلة نهاية الأسبوع ذهبنا إلى هناك، سعر التذاكر كان متوسطا ومقبولا. والفعاليات كانت تقليدية ومكررة بالإضافة إلى ذلك، التنظيم داخل المرفق كان عاديا أما المكان فـ مساحة وتصميمه مقبول ولا بأس به,التذاكر، الفعاليات، التنظيم، المكان,"[0, 0, 0, 0]","['التذاكر', 'الفعاليات', 'التنظيم', 'المكان']"
Attractions,0.0,قرأت تقييمات كثيرة وقررت التجربة، الوجهة كانت عادية ولم تبهرني كثيراً في حين أن التذكرة لا تستحق هذا السعر المرتفع إطلاقاً. عروض رائعة ومتنوعة تناسب كل الأعمار بالإضافة إلى ذلك، لا بأس بالتنظيم بشكل عام,المكان، التذاكر، الفعاليات، التنظيم,"[0, -1, 1, 0]","['المكان', 'التذاكر', 'الفعاليات', 'التنظيم']"
Hotels,1.0,التجربة بشكل عام كانت متفاوتة، الإفطار كان مقبولاً لكنه يفتقر للتنوع. والموقع استراتيجي وقريب من كل الفعاليات في حين أن أعجبتني الغرفة بنظافتها الفائقة وتصميمها الرائع,الإفطار، الموقع، الغرفة,"[0, 1, 1]","['الإفطار', 'الموقع', 'الغرفة']"
Restaurants,0.0,قمت بتجربة هذا المكان وملاحظاتي هي: تعامل الويترز كان عادياً بالإضافة إلى ذلك، مستوى النظافة عادي ولا بأس به وبالنسبة للأكل فالطلبات كانت متوسطة المستوى ولا بأس بها,الخدمة، النظافة، الأكل,"[0, 0, 0]","['الخدمة', 'النظافة', 'الأكل']"
Restaurants,-1.0,أسوأ خدمة جربتها في حياتي أما الأكل فـ بالنسبة للأكل فهو بمستوى طبيعي، كما أن بالنسبة للأسعار فهي مقبولة إلى حد ما,الخدمة، الأكل، الأسعار,"[-1, 0, 0]","['الخدمة', 'الأكل', 'الأسعار']"
Attractions,0.0,في زيارتي الأخيرة، أسعار الدخول طبيعية مقارنة بالفعاليات. الوجهة كانت عادية ولم تبهرني كثيراً في حين أن لا بأس بالتنظيم بشكل عام وبالنسبة للفعاليات فالأنشطة الموجودة لا بأس بها للأطفال,التذاكر، المكان، التنظيم، الفعاليات,"[0, 0, 0, 0]","['التذاكر', 'المكان', 'التنظيم', 'الفعاليات']"
Attractions,0.0,بصراحة، التذاكر ليست رخيصة ولا غالية بل في المعقول. وبشكل عام المكان طبيعي كأي حديقة أخرى,التذاكر، المكان,"[0, 0]","['التذاكر', 'المكان']"
Restaurants,-1.0,بصراحة، الطاولات كانت نظيفة بشكل معتاد، كما أن طعم الأكل كان عادياً ولا يوجد فيه نكهة مميزة بالإضافة إلى ذلك، المطعم غالي بشكل مبالغ فيه ولا يستحق,النظافة، الأكل، الأسعار,"[0, 0, -1]","['النظافة', 'الأكل', 'الأسعار']"
Hotels,-1.0,قمت بتجربة هذا المكان وملاحظاتي هي: موقع المكان عادي ويمكن الوصول إليه بسهولة في حين أن واجهنا بطء شديد ومماطلة من موظفي الاستقبال,الموقع، الاستقبال,"[0, -1]","['الموقع', 'الاستقبال']"
Restaurants,0.0,في زيارتي الأخيرة، السعر كان عاديا وليس مبالغا فيه. المكان متسخ والطاولات غير نظيفة، كما أن بالنسبة للأكل فهو بمستوى طبيعي بالإضافة إلى ذلك، سرعة الخدمة كانت في المعدل الطبيعي والمقبول,الأسعار، النظافة، الأكل، الخدمة,"[0, -1, 0, 0]","['الأسعار', 'النظافة', 'الأكل', 'الخدمة']"
Restaurants,1.0,التجربة بشكل عام كانت متفاوتة، تعامل الويترز كان عادياً وبالنسبة للنظافة فـ نظافة المطعم ممتازة جداً,الخدمة، النظافة,"[0, 1]","['الخدمة', 'النظافة']"
Restaurants,0.0,في زيارتي الأخيرة، نظافة المكان بشكل عام كانت مقبولة وبالنسبة للأكل فـ بالنسبة للأكل فهو بمستوى طبيعي. والأسعار كانت متوسطة ومناسبة لجودة المكان,النظافة، الأكل، الأسعار,"[0, 0, 0]","['النظافة', 'الأكل', 'الأسعار']"
Attractions,0.0,في زيارتي الأخيرة، ترتيب الدخول كان يسير بشكل طبيعي بالإضافة إلى ذلك، سعر التذاكر كان متوسطا ومقبولا,التنظيم، التذاكر,"[0, 0]","['التنظيم', 'التذاكر']"
Hotels,0.0,الموقع لا يتميز بشيء خاص ولكنه مناسب وبالنسبة للاستقبال فـ إجراءات الدخول في كانت طبيعية ولم تستغرق وقتا طويلا أو قصيرا,الموقع، الاستقبال,"[0, 0]","['الموقع', 'الاستقبال']"
Restaurants,0.0,قمت بتجربة هذا المكان وملاحظاتي هي: طعم الأكل كان عادياً ولا يوجد فيه نكهة مميزة. وتعامل الويترز كان عادياً بالإضافة إلى ذلك، الأسعار كانت متوسطة ومناسبة لجودة المكان,الأكل، الخدمة، الأسعار,"[0, 0, 0]","['الأكل', 'الخدمة', 'الأسعار']"
Restaurants,0.0,التجربة بشكل عام كانت متفاوتة، كل الأطباق كانت مطبوخة باحترافية وطعمها خيال، كما أن أسوأ خدمة جربتها في حياتي بالإضافة إلى ذلك، السعر كان عاديا وليس مبالغا فيه بالإضافة إلى ذلك، نظافة المكان بشكل عام كانت مقبولة,الأكل، الخدمة، الأسعار، النظافة,"[1, -1, 0, 0]","['الأكل', 'الخدمة', 'الأسعار', 'النظافة']"
Restaurants,0.0,قمت بتجربة هذا المكان وملاحظاتي هي: أسوأ خدمة جربتها في حياتي. والسعر كان عاديا وليس مبالغا فيه، كما أن الطاولات كانت نظيفة بشكل معتاد أما الأكل فالطلبات كانت متوسطة المستوى ولا بأس بها,الخدمة، الأسعار، النظافة، الأكل,"[-1, 0, 0, 0]","['الخدمة', 'الأسعار', 'النظافة', 'الأكل']"
Attractions,0.0,في زيارتي الأخيرة، المكان ساحر وجميل جداً للتصوير. والتذاكر ليست رخيصة ولا غالية بل في المعقول. الإدارة والتنظيم بمستوى مقبول وبالنسبة للفعاليات فـ كانت تقليدية ومكررة,المكان، التذاكر، التنظيم، الفعاليات,"[1, 0, 0, 0]","['المكان', 'التذاكر', 'التنظيم', 'الفعاليات']"
Attractions,0.0,بصراحة، التنظيم داخل المرفق كان عاديا في حين أن سعر التذاكر كان متوسطا ومقبولا أما الفعاليات فالأنشطة الموجودة لا بأس بها للأطفال,التنظيم، التذاكر، الفعاليات,"[0, 0, 0]","['التنظيم', 'التذاكر', 'الفعاليات']"
Hotels,1.0,التجربة بشكل عام كانت متفاوتة، أثاث الغرفة يبدو عادياً ليس حديثاً ولا قديماً جداً. بوفيه الإفطار كان تقليدياً ويقدم أصنافاً معتادة في حين أن موقع الفندق ممتاز جداً وإطلالته خرافية,الغرفة، الإفطار، الموقع,"[0, 0, 1]","['الغرفة', 'الإفطار', 'الموقع']"
Restaurants,-1.0,التجربة بشكل عام كانت متفاوتة، الخدمة في المطعم كانت روتينية بالإضافة إلى ذلك، الأكل كان بارداً وطعمه سيء جداً بالإضافة إلى ذلك، النظافة معدومة في هذا المطعم أما الأسعار فـ أسعار المنيو تعتبر طبيعية مقارنة بالمطاعم الأخرى,الخدمة، الأكل، النظافة، الأسعار,"[0, -1, -1, 0]","['الخدمة', 'الأكل', 'النظافة', 'الأسعار']"
Attractions,0.0,في زيارتي الأخيرة، أسعار التذاكر رخيصة جداً ومناسبة للجميع بالإضافة إلى ذلك، الفعاليات مقبولة وتمضية وقت ليس إلا في حين أن بشكل عام المكان طبيعي كأي حديقة أخرى في حين أن ترتيب الدخول كان يسير بشكل طبيعي,التذاكر، الفعاليات، المكان، التنظيم,"[1, 0, 0, 0]","['التذاكر', 'الفعاليات', 'المكان', 'التنظيم']"
Attractions,0.0,قرأت تقييمات كثيرة وقررت التجربة، بشكل عام المكان طبيعي كأي حديقة أخرى بالإضافة إلى ذلك، لا بأس بالتنظيم بشكل عام,المكان، التنظيم,"[0, 0]","['المكان', 'التنظيم']"
Attractions,0.0,قمت بتجربة هذا المكان وملاحظاتي هي: أسعار الدخول طبيعية مقارنة بالفعاليات في حين أن ترتيب الدخول كان يسير بشكل طبيعي,التذاكر، التنظيم,"[0, 0]","['التذاكر', 'التنظيم']"
Hotels,0.0,قرأت تقييمات كثيرة وقررت التجربة، الاستقبال كان مقبولا بشكل عام. والإفطار كان مقبولاً لكنه يفتقر للتنوع,الاستقبال، الإفطار,"[0, 0]","['الاستقبال', 'الإفطار']"
Attractions,-1.0,قمت بتجربة هذا المكان وملاحظاتي هي: مساحة المكان وتصميمه مقبول ولا بأس به وبالنسبة للتذاكر فـ قيمة التذكرة عادية. والتنظيم سيء جداً وهناك عشوائية في المكان,المكان، التذاكر، التنظيم,"[0, 0, -1]","['المكان', 'التذاكر', 'التنظيم']"
Hotels,0.0,التجربة بشكل عام كانت متفاوتة، موقع الفندق سيء ويصعب الوصول إليه، كما أن وجبة الإفطار كانت عادية ولم تكن مميزة بالإضافة إلى ذلك، مساحة الغرفة كانت متوسطة كما توقعنا، كما أن موظفو الاستقبال قاموا بعملهم بشكل روتيني,الموقع، الإفطار، الغرفة، الاستقبال,"[-1, 0, 0, 0]","['الموقع', 'الإفطار', 'الغرفة', 'الاستقبال']"
Restaurants,-1.0,تعامل الويترز كان عادياً في حين أن المطعم غالي بشكل مبالغ فيه ولا يستحق، كما أن طعم الأكل كان عادياً ولا يوجد فيه نكهة مميزة,الخدمة، الأسعار، الأكل,"[0, -1, 0]","['الخدمة', 'الأسعار', 'الأكل']"
Restaurants,-1.0,خلال عطلة نهاية الأسبوع ذهبنا إلى هناك، الأكل مقبول لكنني تذوقت أفضل منه بالإضافة إلى ذلك، المطعم غالي بشكل مبالغ فيه ولا يستحق,الأكل، الأسعار,"[0, -1]","['الأكل', 'الأسعار']"
Attractions,0.0,التجربة بشكل عام كانت متفاوتة، لا بأس بالتنظيم بشكل عام أما الفعاليات فـ مقبولة وتمضية وقت ليس إلا وبالنسبة للتذاكر فـ قيمة التذكرة عادية وبالنسبة للمكان فـ بشكل عام طبيعي كأي حديقة أخرى,التنظيم، الفعاليات، التذاكر، المكان,"[0, 0, 0, 0]","['التنظيم', 'الفعاليات', 'التذاكر', 'المكان']"
Restaurants,0.0,خلال عطلة نهاية الأسبوع ذهبنا إلى هناك، الطلبات كانت متوسطة المستوى ولا بأس بها، كما أن أسعار المنيو تعتبر طبيعية مقارنة بالمطاعم الأخرى. ونظافة المكان بشكل عام كانت مقبولة، كما أن الخدمة ممتازة واهتمام كبير بالزبائن,الأكل، الأسعار، النظافة، الخدمة,"[0, 0, 0, 1]","['الأكل', 'الأسعار', 'النظافة', 'الخدمة']"
Attractions,0.0,بصراحة، أسعار التذاكر رخيصة جداً ومناسبة للجميع، كما أن لا أنصح بزيارة المكان فهو سيء للغاية في حين أن الأنشطة والفعاليات ممتعة جداً ومليئة بالحماس، كما أن التنظيم داخل المرفق كان عاديا,التذاكر، المكان، الفعاليات، التنظيم,"[1, -1, 1, 0]","['التذاكر', 'المكان', 'الفعاليات', 'التنظيم']"
Restaurants,0.0,بصراحة، المطعم غالي بشكل مبالغ فيه ولا يستحق، كما أن الخدمة سريعة جداً وطاقم العمل ودود. ونظافة المكان بشكل عام كانت مقبولة,الأسعار، الخدمة، النظافة,"[-1, 1, 0]","['الأسعار', 'الخدمة', 'النظافة']"
Restaurants,0.0,التجربة بشكل عام كانت متفاوتة، نظافة المكان بشكل عام كانت مقبولة وبالنسبة للأكل فـ بالنسبة للأكل فهو بمستوى طبيعي. وأسعار المنيو تعتبر طبيعية مقارنة بالمطاعم الأخرى وبالنسبة للخدمة فـ سرعة كانت في المعدل الطبيعي والمقبول,النظافة، الأكل، الأسعار، الخدمة,"[0, 0, 0, 0]","['النظافة', 'الأكل', 'الأسعار', 'الخدمة']"
Hotels,0.0,بصراحة، الإفطار كان مقبولاً لكنه يفتقر للتنوع في حين أن إجراءات الدخول في الاستقبال كانت طبيعية ولم تستغرق وقتا طويلا أو قصيرا,الإفطار، الاستقبال,"[0, 0]","['الإفطار', 'الاستقبال']"
Attractions,-1.0,التجربة بشكل عام كانت متفاوتة، الأنشطة الموجودة لا بأس بها للأطفال. ولا أنصح بزيارة المكان فهو سيء للغاية أما التذاكر فـ قيمة التذكرة عادية,الفعاليات، المكان، التذاكر,"[0, -1, 0]","['الفعاليات', 'المكان', 'التذاكر']"
Hotels,0.0,خلال عطلة نهاية الأسبوع ذهبنا إلى هناك، الموقع مقبول ولا بأس به مقارنة بالسعر. بالنسبة للغرفة فهي بمستوى طبيعي ولا بأس بها أما الإفطار فـ وجبة كانت عادية ولم تكن مميزة وبالنسبة للاستقبال فـ موظفو قاموا بعملهم بشكل روتيني,الموقع، الغرفة، الإفطار، الاستقبال,"[0, 0, 0, 0]","['الموقع', 'الغرفة', 'الإفطار', 'الاستقبال']"
Restaurants,-1.0,التجربة بشكل عام كانت متفاوتة، أسوأ خدمة جربتها في حياتي أما النظافة فـ مستوى عادي ولا بأس به وبالنسبة للأكل فـ كان بارداً وطعمه سيء جداً,الخدمة، النظافة، الأكل,"[-1, 0, -1]","['الخدمة', 'النظافة', 'الأكل']"
Attractions,1.0,أسعار التذاكر رخيصة جداً ومناسبة للجميع وبالنسبة للتنظيم فالإدارة و بمستوى مقبول,التذاكر، التنظيم,"[1, 0]","['التذاكر', 'التنظيم']"
Attractions,0.0,قمت بتجربة هذا المكان وملاحظاتي هي: لا بأس بالتنظيم بشكل عام في حين أن قيمة التذكرة عادية، كما أن المكان يعتبر جيد لقضاء بعض الوقت,التنظيم، التذاكر، المكان,"[0, 0, 0]","['التنظيم', 'التذاكر', 'المكان']"
Restaurants,0.0,بصراحة، الأكل مقبول لكنني تذوقت أفضل منه أما الخدمة فـ سرعة كانت في المعدل الطبيعي والمقبول,الأكل، الخدمة,"[0, 0]","['الأكل', 'الخدمة']"
Hotels,0.0,قرأت تقييمات كثيرة وقررت التجربة، الإفطار كان مقبولاً لكنه يفتقر للتنوع وبالنسبة للاستقبال فـ طاقم كان عادياً في التعامل,الإفطار، الاستقبال,"[0, 0]","['الإفطار', 'الاستقبال']"
Restaurants,0.0,في زيارتي الأخيرة، الأسعار مبالغ فيها وغالية جداً، كما أن المكان يلمع من النظافة والاهتمام بالتفاصيل، كما أن طعم الأكل كان عادياً ولا يوجد فيه نكهة مميزة,الأسعار، النظافة، الأكل,"[-1, 1, 0]","['الأسعار', 'النظافة', 'الأكل']"
Hotels,1.0,الإفطار كان مقبولاً لكنه يفتقر للتنوع أما الاستقبال فـ إجراءات الدخول في كانت طبيعية ولم تستغرق وقتا طويلا أو قصيرا. والغرفة واسعة ومريحة بشكل استثنائي,الإفطار، الاستقبال، الغرفة,"[0, 0, 1]","['الإفطار', 'الاستقبال', 'الغرفة']"
Attractions,-1.0,التجربة بشكل عام كانت متفاوتة، قيمة التذكرة عادية، كما أن لا أنصح بزيارة المكان فهو سيء للغاية,التذاكر، المكان,"[0, -1]","['التذاكر', 'المكان']"
Hotels,0.0,في زيارتي الأخيرة، بالنسبة للإفطار فهو جيد نسبيا كأي فندق آخر، كما أن طاقم الاستقبال كان عادياً في التعامل,الإفطار، الاستقبال,"[0, 0]","['الإفطار', 'الاستقبال']"
Attractions,-1.0,خلال عطلة نهاية الأسبوع ذهبنا إلى هناك، لا أنصح بزيارة المكان فهو سيء للغاية في حين أن لا بأس بالتنظيم بشكل عام,المكان، التنظيم,"[-1, 0]","['المكان', 'التنظيم']"
Restaurants,0.0,بصراحة، تعامل الويترز كان عادياً في حين أن المطعم نظيف لحد معقول,الخدمة، النظافة,"[0, 0]","['الخدمة', 'النظافة']"
Hotels,0.0,موظفو الاستقبال قاموا بعملهم بشكل روتيني وبالنسبة للموقع فـ مقبول ولا بأس به مقارنة بالسعر,الاستقبال، الموقع,"[0, 0]","['الاستقبال', 'الموقع']"
Restaurants,0.0,خلال عطلة نهاية الأسبوع ذهبنا إلى هناك، الأكل مقبول لكنني تذوقت أفضل منه بالإضافة إلى ذلك، الخدمة في المطعم كانت روتينية وبالنسبة للأسعار فـ بالنسبة للأسعار فهي مقبولة إلى حد ما,الأكل، الخدمة، الأسعار,"[0, 0, 0]","['الأكل', 'الخدمة', 'الأسعار']"
Restaurants,1.0,بصراحة، السعر كان عاديا وليس مبالغا فيه. مستوى النظافة عادي ولا بأس به أما الخدمة فـ ممتازة واهتمام كبير بالزبائن,الأسعار، النظافة، الخدمة,"[0, 0, 1]","['الأسعار', 'النظافة', 'الخدمة']"
Restaurants,0.0,قمت بتجربة هذا المكان وملاحظاتي هي: بالنسبة للأكل فهو بمستوى طبيعي في حين أن مستوى الخدمة لا بأس به أما النظافة فالمكان متسخ والطاولات غير نظيفة أما الأسعار فـ كانت متوسطة ومناسبة لجودة المكان,الأكل، الخدمة، النظافة، الأسعار,"[0, 0, -1, 0]","['الأكل', 'الخدمة', 'النظافة', 'الأسعار']"
Hotels,0.0,بصراحة، بالنسبة للإفطار فهو جيد نسبيا كأي فندق آخر أما الموقع فـ لا يتميز بشيء خاص ولكنه مناسب بالإضافة إلى ذلك، مساحة الغرفة كانت متوسطة كما توقعنا,الإفطار، الموقع، الغرفة,"[0, 0, 0]","['الإفطار', 'الموقع', 'الغرفة']"
Attractions,0.0,بصراحة، التنظيم داخل المرفق كان عاديا أما المكان فـ كئيب وممل جداً وبالنسبة للتذاكر فـ ليست رخيصة ولا غالية بل في المعقول. الأنشطة الموجودة لا بأس بها للأطفال,التنظيم، المكان، التذاكر، الفعاليات,"[0, -1, 0, 0]","['التنظيم', 'المكان', 'التذاكر', 'الفعاليات']"
Restaurants,0.0,قمت بتجربة هذا المكان وملاحظاتي هي: السعر كان عاديا وليس مبالغا فيه في حين أن الطاولات كانت نظيفة بشكل معتاد أما الأكل فـ مقبول لكنني تذوقت أفضل منه,الأسعار، النظافة، الأكل,"[0, 0, 0]","['الأسعار', 'النظافة', 'الأكل']"
Hotels,0.0,بصراحة، جودة الطعام في الإفطار كانت ضعيفة جداً أما الموقع فـ موقع الفندق ممتاز جداً وإطلالته خرافية. إجراءات الدخول في الاستقبال كانت طبيعية ولم تستغرق وقتا طويلا أو قصيرا,الإفطار، الموقع، الاستقبال,"[-1, 1, 0]","['الإفطار', 'الموقع', 'الاستقبال']"
Attractions,0.0,بصراحة، التذاكر ليست رخيصة ولا غالية بل في المعقول وبالنسبة للفعاليات فالعروض المقدمة كانت في المستوى الطبيعي أما التنظيم فـ سيء جداً وهناك عشوائية في المكان بالإضافة إلى ذلك، مساحة المكان وتصميمه مقبول ولا بأس به,التذاكر، الفعاليات، التنظيم، المكان,"[0, 0, -1, 0]","['التذاكر', 'الفعاليات', 'التنظيم', 'المكان']"
Hotels,-1.0,التجربة بشكل عام كانت متفاوتة، طاقم الاستقبال كان عادياً في التعامل بالإضافة إلى ذلك، مساحة الغرفة كانت متوسطة كما توقعنا أما الإفطار فـ جودة الطعام في كانت ضعيفة جداً,الاستقبال، الغرفة، الإفطار,"[0, 0, -1]","['الاستقبال', 'الغرفة', 'الإفطار']"
Restaurants,0.0,النظافة معدومة في هذا المطعم، كما أن سرعة الخدمة كانت في المعدل الطبيعي والمقبول. الأكل مقبول لكنني تذوقت أفضل منه في حين أن السعر كان عاديا وليس مبالغا فيه,النظافة، الخدمة، الأكل، الأسعار,"[-1, 0, 0, 0]","['النظافة', 'الخدمة', 'الأكل', 'الأسعار']"
Hotels,0.0,في زيارتي الأخيرة، الموقع مقبول ولا بأس به مقارنة بالسعر. بالنسبة للغرفة فهي بمستوى طبيعي ولا بأس بها أما الإفطار فـ كان مقبولاً لكنه يفتقر للتنوع,الموقع، الغرفة، الإفطار,"[0, 0, 0]","['الموقع', 'الغرفة', 'الإفطار']"
Restaurants,0.0,قمت بتجربة هذا المكان وملاحظاتي هي: بالنسبة للأكل فهو بمستوى طبيعي بالإضافة إلى ذلك، مستوى النظافة عادي ولا بأس به,الأكل، النظافة,"[0, 0]","['الأكل', 'النظافة']"
Attractions,0.0,قرأت تقييمات كثيرة وقررت التجربة، لا توجد فعاليات تذكر والأنشطة سيئة بالإضافة إلى ذلك، المكان ساحر وجميل جداً للتصوير,الفعاليات، المكان,"[-1, 1]","['الفعاليات', 'المكان']"
Restaurants,1.0,التجربة بشكل عام كانت متفاوتة، طعم الأكل كان عادياً ولا يوجد فيه نكهة مميزة أما النظافة فـ نظافة المكان بشكل عام كانت مقبولة. والأسعار ممتازة ورخيصة مقارنة بالكمية,الأكل، النظافة، الأسعار,"[0, 0, 1]","['الأكل', 'النظافة', 'الأسعار']"
Hotels,0.0,قمت بتجربة هذا المكان وملاحظاتي هي: طاقم الاستقبال كان عادياً في التعامل. وبالنسبة للغرفة فهي بمستوى طبيعي ولا بأس بها بالإضافة إلى ذلك، بالنسبة للإفطار فهو جيد نسبيا كأي فندق آخر,الاستقبال، الغرفة، الإفطار,"[0, 0, 0]","['الاستقبال', 'الغرفة', 'الإفطار']"
Attractions,0.0,قيمة التذكرة عادية في حين أن الوجهة كانت عادية ولم تبهرني كثيراً، كما أن الفعاليات كانت تقليدية ومكررة,التذاكر، المكان، الفعاليات,"[0, 0, 0]","['التذاكر', 'المكان', 'الفعاليات']"
Hotels,1.0,قمت بتجربة هذا المكان وملاحظاتي هي: الغرفة كانت عادية وتفي بالغرض. والموقع مقبول ولا بأس به مقارنة بالسعر. بوفيه الإفطار مذهل ويحتوي على خيارات رائعة,الغرفة، الموقع، الإفطار,"[0, 0, 1]","['الغرفة', 'الموقع', 'الإفطار']"
Hotels,0.0,قمت بتجربة هذا المكان وملاحظاتي هي: الموقع لا يتميز بشيء خاص ولكنه مناسب في حين أن موظفو الاستقبال قاموا بعملهم بشكل روتيني وبالنسبة للغرفة فـ أثاث يبدو عادياً ليس حديثاً ولا قديماً جداً وبالنسبة للإفطار فـ بالنسبة للإفطار فهو جيد نسبيا كأي فندق آخر,الموقع، الاستقبال، الغرفة، الإفطار,"[0, 0, 0, 0]","['الموقع', 'الاستقبال', 'الغرفة', 'الإفطار']"
Restaurants,0.0,في زيارتي الأخيرة، نظافة المكان بشكل عام كانت مقبولة بالإضافة إلى ذلك، طعم الأكل كان عادياً ولا يوجد فيه نكهة مميزة. ومستوى الخدمة لا بأس به,النظافة، الأكل، الخدمة,"[0, 0, 0]","['النظافة', 'الأكل', 'الخدمة']"
Restaurants,-1.0,قرأت تقييمات كثيرة وقررت التجربة، المكان متسخ والطاولات غير نظيفة وبالنسبة للأسعار فالسعر كان عاديا وليس مبالغا فيه. ومستوى الخدمة لا بأس به,النظافة، الأسعار، الخدمة,"[-1, 0, 0]","['النظافة', 'الأسعار', 'الخدمة']"
Attractions,0.0,قمت بتجربة هذا المكان وملاحظاتي هي: الفعاليات مقبولة وتمضية وقت ليس إلا. والتذاكر ليست رخيصة ولا غالية بل في المعقول,الفعاليات، التذاكر,"[0, 0]","['الفعاليات', 'التذاكر']"
Hotels,0.0,قمت بتجربة هذا المكان وملاحظاتي هي: أثاث الغرفة يبدو عادياً ليس حديثاً ولا قديماً جداً. وموظفو الاستقبال قاموا بعملهم بشكل روتيني، كما أن الموقع مقبول ولا بأس به مقارنة بالسعر,الغرفة، الاستقبال، الموقع,"[0, 0, 0]","['الغرفة', 'الاستقبال', 'الموقع']"
Attractions,0.0,قرأت تقييمات كثيرة وقررت التجربة، الإدارة والتنظيم بمستوى مقبول، كما أن وجهة سياحية رائعة وتستحق الزيارة تكراراً أما الفعاليات فالأنشطة الموجودة لا بأس بها للأطفال وبالنسبة للتذاكر فـ أسعار الدخول طبيعية مقارنة بالفعاليات,التنظيم، المكان، الفعاليات، التذاكر,"[0, 1, 0, 0]","['التنظيم', 'المكان', 'الفعاليات', 'التذاكر']"
Hotels,-1.0,الغرفة كانت عادية وتفي بالغرض، كما أن وجبة الإفطار كانت عادية ولم تكن مميزة. وواجهنا بطء شديد ومماطلة من موظفي الاستقبال,الغرفة، الإفطار، الاستقبال,"[0, 0, -1]","['الغرفة', 'الإفطار', 'الاستقبال']"
Attractions,0.0,خلال عطلة نهاية الأسبوع ذهبنا إلى هناك، العروض المقدمة كانت في المستوى الطبيعي. سعر التذاكر كان متوسطا ومقبولا أما المكان فـ وجهة سياحية رائعة وتستحق الزيارة تكراراً وبالنسبة للتنظيم فالإدارة و بمستوى مقبول,الفعاليات، التذاكر، المكان، التنظيم,"[0, 0, 1, 0]","['الفعاليات', 'التذاكر', 'المكان', 'التنظيم']"
Attractions,0.0,قمت بتجربة هذا المكان وملاحظاتي هي: الإدارة والتنظيم بمستوى مقبول في حين أن الأنشطة الموجودة لا بأس بها للأطفال بالإضافة إلى ذلك، أسعار الدخول طبيعية مقارنة بالفعاليات. المكان ساحر وجميل جداً للتصوير,التنظيم، الفعاليات، التذاكر، المكان,"[0, 0, 0, 1]","['التنظيم', 'الفعاليات', 'التذاكر', 'المكان']"
Restaurants,1.0,مستوى النظافة عادي ولا بأس به. كل الأطباق كانت مطبوخة باحترافية وطعمها خيال، كما أن الأسعار كانت متوسطة ومناسبة لجودة المكان,النظافة، الأكل، الأسعار,"[0, 1, 0]","['النظافة', 'الأكل', 'الأسعار']"
Hotels,0.0,بصراحة، طاقم الاستقبال كان عادياً في التعامل، كما أن بوفيه الإفطار كان تقليدياً ويقدم أصنافاً معتادة، كما أن الموقع لا يتميز بشيء خاص ولكنه مناسب,الاستقبال، الإفطار، الموقع,"[0, 0, 0]","['الاستقبال', 'الإفطار', 'الموقع']"
Attractions,-1.0,قرأت تقييمات كثيرة وقررت التجربة، الفعاليات مملة جداً ولا يوجد تجديد وبالنسبة للمكان فالوجهة كانت عادية ولم تبهرني كثيراً,الفعاليات، المكان,"[-1, 0]","['الفعاليات', 'المكان']"
Attractions,1.0,خلال عطلة نهاية الأسبوع ذهبنا إلى هناك، العروض المقدمة كانت في المستوى الطبيعي. ترتيب الدخول كان يسير بشكل طبيعي بالإضافة إلى ذلك، أسعار التذاكر رخيصة جداً ومناسبة للجميع,الفعاليات، التنظيم، التذاكر,"[0, 0, 1]","['الفعاليات', 'التنظيم', 'التذاكر']"
Restaurants,0.0,قرأت تقييمات كثيرة وقررت التجربة، بالنسبة للأسعار فهي مقبولة إلى حد ما. سرعة الخدمة كانت في المعدل الطبيعي والمقبول بالإضافة إلى ذلك، نظافة المكان بشكل عام كانت مقبولة,الأسعار، الخدمة، النظافة,"[0, 0, 0]","['الأسعار', 'الخدمة', 'النظافة']"
Hotels,0.0,التجربة بشكل عام كانت متفاوتة، موقع الفندق يعتبر متوسطا من حيث القرب للخدمات. بالنسبة للإفطار فهو جيد نسبيا كأي فندق آخر,الموقع، الإفطار,"[0, 0]","['الموقع', 'الإفطار']"
Attractions,1.0,بصراحة، وجهة سياحية رائعة وتستحق الزيارة تكراراً بالإضافة إلى ذلك، الفعاليات كانت تقليدية ومكررة. وأسعار التذاكر رخيصة جداً ومناسبة للجميع وبالنسبة للتنظيم فالإدارة و بمستوى مقبول,المكان، الفعاليات، التذاكر، التنظيم,"[1, 0, 1, 0]","['المكان', 'الفعاليات', 'التذاكر', 'التنظيم']"
Attractions,1.0,التنظيم رائع جداً وسلس للغاية. عروض رائعة ومتنوعة تناسب كل الأعمار. سعر التذاكر كان متوسطا ومقبولا,التنظيم، الفعاليات، التذاكر,"[1, 1, 0]","['التنظيم', 'الفعاليات', 'التذاكر']"
Hotels,0.0,في زيارتي الأخيرة، بالنسبة للإفطار فهو جيد نسبيا كأي فندق آخر. والاستقبال كان مقبولا بشكل عام. ومساحة الغرفة كانت متوسطة كما توقعنا. وموقع الفندق يعتبر متوسطا من حيث القرب للخدمات,الإفطار، الاستقبال، الغرفة، الموقع,"[0, 0, 0, 0]","['الإفطار', 'الاستقبال', 'الغرفة', 'الموقع']"
Attractions,0.0,في زيارتي الأخيرة، بشكل عام المكان طبيعي كأي حديقة أخرى وبالنسبة للتنظيم فالإدارة و بمستوى مقبول، كما أن الأنشطة الموجودة لا بأس بها للأطفال,المكان، التنظيم، الفعاليات,"[0, 0, 0]","['المكان', 'التنظيم', 'الفعاليات']"
Restaurants,0.0,التجربة بشكل عام كانت متفاوتة، الخدمة في المطعم كانت روتينية في حين أن المطعم غالي بشكل مبالغ فيه ولا يستحق، كما أن الأكل كان لذيذاً جداً وأنصح به بشدة,الخدمة، الأسعار، الأكل,"[0, -1, 1]","['الخدمة', 'الأسعار', 'الأكل']"
Hotels,0.0,في زيارتي الأخيرة، جودة الطعام في الإفطار كانت ضعيفة جداً. مساحة الغرفة كانت متوسطة كما توقعنا. الموقع مقبول ولا بأس به مقارنة بالسعر بالإضافة إلى ذلك، طاقم الاستقبال كان عادياً في التعامل,الإفطار، الغرفة، الموقع، الاستقبال,"[-1, 0, 0, 0]","['الإفطار', 'الغرفة', 'الموقع', 'الاستقبال']"
Attractions,1.0,قرأت تقييمات كثيرة وقررت التجربة، سعر التذاكر كان متوسطا ومقبولا أما التنظيم فـ مرتبين جداً و احترافي,التذاكر، التنظيم,"[0, 1]","['التذاكر', 'التنظيم']"
Attractions,-1.0,خلال عطلة نهاية الأسبوع ذهبنا إلى هناك، الفعاليات مقبولة وتمضية وقت ليس إلا. أسعار التذاكر غالية جداً ومبالغ فيها وبالنسبة للمكان فـ بشكل عام طبيعي كأي حديقة أخرى,الفعاليات، التذاكر، المكان,"[0, -1, 0]","['الفعاليات', 'التذاكر', 'المكان']"
Hotels,0.0,بصراحة، موقع المكان عادي ويمكن الوصول إليه بسهولة أما الاستقبال فـ كان مقبولا بشكل عام. مساحة الغرفة كانت متوسطة كما توقعنا وبالنسبة للإفطار فـ وجبة كانت عادية ولم تكن مميزة,الموقع، الاستقبال، الغرفة، الإفطار,"[0, 0, 0, 0]","['الموقع', 'الاستقبال', 'الغرفة', 'الإفطار']"
Restaurants,-1.0,قمت بتجربة هذا المكان وملاحظاتي هي: الطلبات كانت متوسطة المستوى ولا بأس بها. ومستوى النظافة عادي ولا بأس به أما الخدمة فـ بطيئة للغاية والعمال غير مهتمين,الأكل، النظافة، الخدمة,"[0, 0, -1]","['الأكل', 'النظافة', 'الخدمة']"
Attractions,-1.0,قرأت تقييمات كثيرة وقررت التجربة، بشكل عام المكان طبيعي كأي حديقة أخرى. التنظيم سيء جداً وهناك عشوائية في المكان,المكان، التنظيم,"[0, -1]","['المكان', 'التنظيم']"
Hotels,-1.0,قمت بتجربة هذا المكان وملاحظاتي هي: موقع المكان عادي ويمكن الوصول إليه بسهولة، كما أن الغرفة ضيقة جداً ومكتومة بالإضافة إلى ذلك، طاقم الاستقبال كان عادياً في التعامل,الموقع، الغرفة، الاستقبال,"[0, -1, 0]","['الموقع', 'الغرفة', 'الاستقبال']"
Restaurants,0.0,المطعم نظيف لحد معقول أما الخدمة فـ تعامل الويترز كان عادياً، كما أن السعر كان عاديا وليس مبالغا فيه,النظافة، الخدمة، الأسعار,"[0, 0, 0]","['النظافة', 'الخدمة', 'الأسعار']"
Restaurants,0.0,التجربة بشكل عام كانت متفاوتة، الخدمة في المطعم كانت روتينية بالإضافة إلى ذلك، السعر كان عاديا وليس مبالغا فيه,الخدمة، الأسعار,"[0, 0]","['الخدمة', 'الأسعار']"
Attractions,0.0,بصراحة، أسعار الدخول طبيعية مقارنة بالفعاليات. مساحة المكان وتصميمه مقبول ولا بأس به. وفوضى عارمة وسوء تنظيم واضح. والعروض المقدمة كانت في المستوى الطبيعي,التذاكر، المكان، التنظيم، الفعاليات,"[0, 0, -1, 0]","['التذاكر', 'المكان', 'التنظيم', 'الفعاليات']"
Restaurants,0.0,التجربة بشكل عام كانت متفاوتة، الطلبات كانت متوسطة المستوى ولا بأس بها بالإضافة إلى ذلك، مستوى الخدمة لا بأس به في حين أن قيمة رائعة مقابل المال والأسعار جداً معقولة، كما أن الطاولات كانت نظيفة بشكل معتاد,الأكل، الخدمة، الأسعار، النظافة,"[0, 0, 1, 0]","['الأكل', 'الخدمة', 'الأسعار', 'النظافة']"
Restaurants,0.0,في زيارتي الأخيرة، المطعم نظيف لحد معقول أما الخدمة فـ في المطعم كانت روتينية,النظافة، الخدمة,"[0, 0]","['النظافة', 'الخدمة']"
Attractions,1.0,قرأت تقييمات كثيرة وقررت التجربة، المكان ساحر وجميل جداً للتصوير أما التنظيم فالإدارة و بمستوى مقبول,المكان، التنظيم,"[1, 0]","['المكان', 'التنظيم']"
Attractions,0.0,التجربة بشكل عام كانت متفاوتة، العروض المقدمة كانت في المستوى الطبيعي بالإضافة إلى ذلك، بشكل عام المكان طبيعي كأي حديقة أخرى,الفعاليات، المكان,"[0, 0]","['الفعاليات', 'المكان']"
Attractions,0.0,التجربة بشكل عام كانت متفاوتة، مساحة المكان وتصميمه مقبول ولا بأس به. وقيمة التذكرة عادية,المكان، التذاكر,"[0, 0]","['المكان', 'التذاكر']"
Attractions,0.0,قرأت تقييمات كثيرة وقررت التجربة، فوضى عارمة وسوء تنظيم واضح وبالنسبة للفعاليات فالعروض المقدمة كانت في المستوى الطبيعي في حين أن المكان ساحر وجميل جداً للتصوير، كما أن قيمة التذكرة عادية,التنظيم، الفعاليات، المكان، التذاكر,"[-1, 0, 1, 0]","['التنظيم', 'الفعاليات', 'المكان', 'التذاكر']"
Restaurants,-1.0,التجربة بشكل عام كانت متفاوتة، سرعة الخدمة كانت في المعدل الطبيعي والمقبول وبالنسبة للنظافة فالمكان متسخ والطاولات غير نظيفة,الخدمة، النظافة,"[0, -1]","['الخدمة', 'النظافة']"
Hotels,1.0,وجبة الإفطار كانت عادية ولم تكن مميزة، كما أن بالنسبة للغرفة فهي بمستوى طبيعي ولا بأس بها في حين أن موقع الفندق ممتاز جداً وإطلالته خرافية,الإفطار، الغرفة، الموقع,"[0, 0, 1]","['الإفطار', 'الغرفة', 'الموقع']"
Hotels,1.0,بصراحة، ترحيب حار جداً من طاقم الاستقبال أما الإفطار فـ كان مقبولاً لكنه يفتقر للتنوع,الاستقبال، الإفطار,"[1, 0]","['الاستقبال', 'الإفطار']"
Attractions,0.0,قمت بتجربة هذا المكان وملاحظاتي هي: مساحة المكان وتصميمه مقبول ولا بأس به. والعروض المقدمة كانت في المستوى الطبيعي، كما أن قيمة التذكرة عادية في حين أن التنظيم داخل المرفق كان عاديا,المكان، الفعاليات، التذاكر، التنظيم,"[0, 0, 0, 0]","['المكان', 'الفعاليات', 'التذاكر', 'التنظيم']"
Restaurants,1.0,خلال عطلة نهاية الأسبوع ذهبنا إلى هناك، الطاولات كانت نظيفة بشكل معتاد أما الأسعار فـ أسعار المنيو تعتبر طبيعية مقارنة بالمطاعم الأخرى، كما أن الخدمة ممتازة واهتمام كبير بالزبائن,النظافة، الأسعار، الخدمة,"[0, 0, 1]","['النظافة', 'الأسعار', 'الخدمة']"
Attractions,1.0,في زيارتي الأخيرة، لا بأس بالتنظيم بشكل عام أما الفعاليات فالأنشطة و ممتعة جداً ومليئة بالحماس,التنظيم، الفعاليات,"[0, 1]","['التنظيم', 'الفعاليات']"
Attractions,1.0,خلال عطلة نهاية الأسبوع ذهبنا إلى هناك، أسعار التذاكر رخيصة جداً ومناسبة للجميع. والأنشطة الموجودة لا بأس بها للأطفال، كما أن التنظيم داخل المرفق كان عاديا,التذاكر، الفعاليات، التنظيم,"[1, 0, 0]","['التذاكر', 'الفعاليات', 'التنظيم']"
Hotels,0.0,بصراحة، موظفو الاستقبال في قمة الرقي والتعاون. والموقع بعيد جداً ومقطوع عن الخدمات، كما أن وجبة الإفطار كانت عادية ولم تكن مميزة. وأعجبتني الغرفة بنظافتها الفائقة وتصميمها الرائع,الاستقبال، الموقع، الإفطار، الغرفة,"[1, -1, 0, 1]","['الاستقبال', 'الموقع', 'الإفطار', 'الغرفة']"
Attractions,0.0,قرأت تقييمات كثيرة وقررت التجربة، الوجهة كانت عادية ولم تبهرني كثيراً وبالنسبة للتنظيم فـ ترتيب الدخول كان يسير بشكل طبيعي. وقيمة التذكرة عادية وبالنسبة للفعاليات فالأنشطة الموجودة لا بأس بها للأطفال,المكان، التنظيم، التذاكر، الفعاليات,"[0, 0, 0, 0]","['المكان', 'التنظيم', 'التذاكر', 'الفعاليات']"
Attractions,0.0,التذاكر ليست رخيصة ولا غالية بل في المعقول أما الفعاليات فالأنشطة الموجودة لا بأس بها للأطفال في حين أن المكان يعتبر جيد لقضاء بعض الوقت,التذاكر، الفعاليات، المكان,"[0, 0, 0]","['التذاكر', 'الفعاليات', 'المكان']"
Attractions,0.0,قمت بتجربة هذا المكان وملاحظاتي هي: قيمة التذكرة عادية، كما أن الأنشطة الموجودة لا بأس بها للأطفال أما المكان فالوجهة كانت عادية ولم تبهرني كثيراً,التذاكر، الفعاليات، المكان,"[0, 0, 0]","['التذاكر', 'الفعاليات', 'المكان']"
Attractions,0.0,التجربة بشكل عام كانت متفاوتة، سعر التذاكر كان متوسطا ومقبولا بالإضافة إلى ذلك، لا بأس بالتنظيم بشكل عام,التذاكر، التنظيم,"[0, 0]","['التذاكر', 'التنظيم']"
Attractions,0.0,قمت بتجربة هذا المكان وملاحظاتي هي: المكان كئيب وممل جداً وبالنسبة للفعاليات فالأنشطة و ممتعة جداً ومليئة بالحماس,المكان، الفعاليات,"[-1, 1]","['المكان', 'الفعاليات']"
Attractions,0.0,في زيارتي الأخيرة، ترتيب الدخول كان يسير بشكل طبيعي، كما أن بشكل عام المكان طبيعي كأي حديقة أخرى,التنظيم، المكان,"[0, 0]","['التنظيم', 'المكان']"
Hotels,0.0,خلال عطلة نهاية الأسبوع ذهبنا إلى هناك، وجبة الإفطار كانت عادية ولم تكن مميزة بالإضافة إلى ذلك، موقع الفندق يعتبر متوسطا من حيث القرب للخدمات,الإفطار، الموقع,"[0, 0]","['الإفطار', 'الموقع']"
Hotels,0.0,في زيارتي الأخيرة، الموقع مقبول ولا بأس به مقارنة بالسعر في حين أن مساحة الغرفة كانت متوسطة كما توقعنا,الموقع، الغرفة,"[0, 0]","['الموقع', 'الغرفة']"
Restaurants,0.0,قرأت تقييمات كثيرة وقررت التجربة، المطعم نظيف لحد معقول. وطعم الأكل كان عادياً ولا يوجد فيه نكهة مميزة,النظافة، الأكل,"[0, 0]","['النظافة', 'الأكل']"
Attractions,1.0,مرتبين جداً والتنظيم احترافي، كما أن أسعار الدخول طبيعية مقارنة بالفعاليات. والأنشطة والفعاليات ممتعة جداً ومليئة بالحماس، كما أن وجهة سياحية رائعة وتستحق الزيارة تكراراً,التنظيم، التذاكر، الفعاليات، المكان,"[1, 0, 1, 1]","['التنظيم', 'التذاكر', 'الفعاليات', 'المكان']"
Hotels,1.0,قمت بتجربة هذا المكان وملاحظاتي هي: بوفيه الإفطار كان تقليدياً ويقدم أصنافاً معتادة. والغرفة واسعة ومريحة بشكل استثنائي في حين أن موقع الفندق يعتبر متوسطا من حيث القرب للخدمات,الإفطار، الغرفة، الموقع,"[0, 1, 0]","['الإفطار', 'الغرفة', 'الموقع']"
Restaurants,-1.0,قرأت تقييمات كثيرة وقررت التجربة، الأسعار مبالغ فيها وغالية جداً، كما أن بالنسبة للأكل فهو بمستوى طبيعي,الأسعار، الأكل,"[-1, 0]","['الأسعار', 'الأكل']"
Attractions,-1.0,في زيارتي الأخيرة، الفعاليات مقبولة وتمضية وقت ليس إلا، كما أن فوضى عارمة وسوء تنظيم واضح,الفعاليات، التنظيم,"[0, -1]","['الفعاليات', 'التنظيم']"
Attractions,1.0,خلال عطلة نهاية الأسبوع ذهبنا إلى هناك، أسعار التذاكر رخيصة جداً ومناسبة للجميع. والتنظيم داخل المرفق كان عاديا بالإضافة إلى ذلك، الأنشطة الموجودة لا بأس بها للأطفال,التذاكر، التنظيم، الفعاليات,"[1, 0, 0]","['التذاكر', 'التنظيم', 'الفعاليات']"
Restaurants,1.0,في زيارتي الأخيرة، الأسعار كانت متوسطة ومناسبة لجودة المكان بالإضافة إلى ذلك، كل الأطباق كانت مطبوخة باحترافية وطعمها خيال في حين أن الخدمة سريعة جداً وطاقم العمل ودود,الأسعار، الأكل، الخدمة,"[0, 1, 1]","['الأسعار', 'الأكل', 'الخدمة']"
Attractions,0.0,الفعاليات كانت تقليدية ومكررة، كما أن ترتيب الدخول كان يسير بشكل طبيعي,الفعاليات، التنظيم,"[0, 0]","['الفعاليات', 'التنظيم']"
Attractions,0.0,التجربة بشكل عام كانت متفاوتة، مساحة المكان وتصميمه مقبول ولا بأس به بالإضافة إلى ذلك، سعر التذاكر كان متوسطا ومقبولا في حين أن لا بأس بالتنظيم بشكل عام بالإضافة إلى ذلك، الفعاليات مقبولة وتمضية وقت ليس إلا,المكان، التذاكر، التنظيم، الفعاليات,"[0, 0, 0, 0]","['المكان', 'التذاكر', 'التنظيم', 'الفعاليات']"
Hotels,1.0,في زيارتي الأخيرة، بالنسبة للإفطار فهو جيد نسبيا كأي فندق آخر أما الموقع فـ مقبول ولا بأس به مقارنة بالسعر بالإضافة إلى ذلك، الغرفة واسعة ومريحة بشكل استثنائي,الإفطار، الموقع، الغرفة,"[0, 0, 1]","['الإفطار', 'الموقع', 'الغرفة']"
Hotels,0.0,بصراحة، الموقع استراتيجي وقريب من كل الفعاليات، كما أن إجراءات الدخول في الاستقبال كانت طبيعية ولم تستغرق وقتا طويلا أو قصيرا. والغرفة ضيقة جداً ومكتومة وبالنسبة للإفطار فـ جودة الطعام في كانت ضعيفة جداً,الموقع، الاستقبال، الغرفة، الإفطار,"[1, 0, -1, -1]","['الموقع', 'الاستقبال', 'الغرفة', 'الإفطار']"
Hotels,-1.0,خلال عطلة نهاية الأسبوع ذهبنا إلى هناك، الغرفة كانت عادية وتفي بالغرض. تعامل الاستقبال كان جافاً وغير احترافي,الغرفة، الاستقبال,"[0, -1]","['الغرفة', 'الاستقبال']"
Hotels,0.0,قمت بتجربة هذا المكان وملاحظاتي هي: موقع الفندق يعتبر متوسطا من حيث القرب للخدمات بالإضافة إلى ذلك، طاقم الاستقبال كان عادياً في التعامل,الموقع، الاستقبال,"[0, 0]","['الموقع', 'الاستقبال']"
Restaurants,0.0,التجربة بشكل عام كانت متفاوتة، مستوى الخدمة لا بأس به بالإضافة إلى ذلك، الأسعار كانت متوسطة ومناسبة لجودة المكان أما الأكل فالطلبات كانت متوسطة المستوى ولا بأس بها. والنظافة معدومة في هذا المطعم,الخدمة، الأسعار، الأكل، النظافة,"[0, 0, 0, -1]","['الخدمة', 'الأسعار', 'الأكل', 'النظافة']"
Restaurants,1.0,قمت بتجربة هذا المكان وملاحظاتي هي: نظافة المطعم ممتازة جداً أما الأكل فالطلبات كانت متوسطة المستوى ولا بأس بها أما الخدمة فـ سرعة كانت في المعدل الطبيعي والمقبول,النظافة، الأكل، الخدمة,"[1, 0, 0]","['النظافة', 'الأكل', 'الخدمة']"
Hotels,0.0,قرأت تقييمات كثيرة وقررت التجربة، الإفطار كان مقبولاً لكنه يفتقر للتنوع وبالنسبة للموقع فـ لا يتميز بشيء خاص ولكنه مناسب في حين أن الغرفة واسعة ومريحة بشكل استثنائي بالإضافة إلى ذلك، طاقم الاستقبال كان عادياً في التعامل,الإفطار، الموقع، الغرفة، الاستقبال,"[0, 0, 1, 0]","['الإفطار', 'الموقع', 'الغرفة', 'الاستقبال']"
Hotels,0.0,قرأت تقييمات كثيرة وقررت التجربة، الاستقبال كان مقبولا بشكل عام، كما أن الموقع استراتيجي وقريب من كل الفعاليات أما الإفطار فـ سيء جداً والخيارات محدودة في حين أن الغرفة كانت عادية وتفي بالغرض,الاستقبال، الموقع، الإفطار، الغرفة,"[0, 1, -1, 0]","['الاستقبال', 'الموقع', 'الإفطار', 'الغرفة']"
Hotels,0.0,قمت بتجربة هذا المكان وملاحظاتي هي: ترحيب حار جداً من طاقم الاستقبال في حين أن الموقع مقبول ولا بأس به مقارنة بالسعر وبالنسبة للغرفة فـ أثاث يبدو عادياً ليس حديثاً ولا قديماً جداً، كما أن وجبة الإفطار كانت عادية ولم تكن مميزة,الاستقبال، الموقع، الغرفة، الإفطار,"[1, 0, 0, 0]","['الاستقبال', 'الموقع', 'الغرفة', 'الإفطار']"
Restaurants,1.0,قمت بتجربة هذا المكان وملاحظاتي هي: المكان يلمع من النظافة والاهتمام بالتفاصيل وبالنسبة للأكل فـ كان لذيذاً جداً وأنصح به بشدة أما الخدمة فـ في المطعم كانت روتينية,النظافة، الأكل، الخدمة,"[1, 1, 0]","['النظافة', 'الأكل', 'الخدمة']"
Restaurants,1.0,بصراحة، قيمة رائعة مقابل المال والأسعار جداً معقولة في حين أن طعم الأكل كان عادياً ولا يوجد فيه نكهة مميزة وبالنسبة للخدمة فـ سريعة جداً وطاقم العمل ودود,الأسعار، الأكل، الخدمة,"[1, 0, 1]","['الأسعار', 'الأكل', 'الخدمة']"
Restaurants,0.0,قرأت تقييمات كثيرة وقررت التجربة، نظافة المطعم ممتازة جداً. تعامل الويترز كان عادياً بالإضافة إلى ذلك، السعر كان عاديا وليس مبالغا فيه. الأكل مقبول لكنني تذوقت أفضل منه,النظافة، الخدمة، الأسعار، الأكل,"[1, 0, 0, 0]","['النظافة', 'الخدمة', 'الأسعار', 'الأكل']"
Hotels,0.0,موقع الفندق يعتبر متوسطا من حيث القرب للخدمات أما الإفطار فـ سيء جداً والخيارات محدودة. والغرفة واسعة ومريحة بشكل استثنائي,الموقع، الإفطار، الغرفة,"[0, -1, 1]","['الموقع', 'الإفطار', 'الغرفة']"
Attractions,0.0,التنظيم داخل المرفق كان عاديا في حين أن أسعار الدخول طبيعية مقارنة بالفعاليات,التنظيم، التذاكر,"[0, 0]","['التنظيم', 'التذاكر']"
Restaurants,0.0,قمت بتجربة هذا المكان وملاحظاتي هي: تعامل الويترز كان عادياً. ونظافة المكان بشكل عام كانت مقبولة,الخدمة، النظافة,"[0, 0]","['الخدمة', 'النظافة']"
Attractions,0.0,خلال عطلة نهاية الأسبوع ذهبنا إلى هناك، الفعاليات كانت تقليدية ومكررة في حين أن مساحة المكان وتصميمه مقبول ولا بأس به، كما أن ترتيب الدخول كان يسير بشكل طبيعي. وأسعار الدخول طبيعية مقارنة بالفعاليات,الفعاليات، المكان، التنظيم، التذاكر,"[0, 0, 0, 0]","['الفعاليات', 'المكان', 'التنظيم', 'التذاكر']"
Hotels,0.0,خلال عطلة نهاية الأسبوع ذهبنا إلى هناك، طاقم الاستقبال كان عادياً في التعامل وبالنسبة للموقع فـ موقع الفندق يعتبر متوسطا من حيث القرب للخدمات في حين أن مساحة الغرفة كانت متوسطة كما توقعنا,الاستقبال، الموقع، الغرفة,"[0, 0, 0]","['الاستقبال', 'الموقع', 'الغرفة']"
Restaurants,0.0,قرأت تقييمات كثيرة وقررت التجربة، مستوى الخدمة لا بأس به في حين أن الطلبات كانت متوسطة المستوى ولا بأس بها,الخدمة، الأكل,"[0, 0]","['الخدمة', 'الأكل']"
Attractions,1.0,التجربة بشكل عام كانت متفاوتة، التنظيم رائع جداً وسلس للغاية أما الفعاليات فالأنشطة الموجودة لا بأس بها للأطفال,التنظيم، الفعاليات,"[1, 0]","['التنظيم', 'الفعاليات']"
Restaurants,1.0,قرأت تقييمات كثيرة وقررت التجربة، تعامل الويترز كان عادياً، كما أن بالنسبة للأكل فهو بمستوى طبيعي، كما أن الأسعار ممتازة ورخيصة مقارنة بالكمية,الخدمة، الأكل، الأسعار,"[0, 0, 1]","['الخدمة', 'الأكل', 'الأسعار']"
Attractions,0.0,قمت بتجربة هذا المكان وملاحظاتي هي: لا بأس بالتنظيم بشكل عام أما التذاكر فـ ليست رخيصة ولا غالية بل في المعقول في حين أن الفعاليات مقبولة وتمضية وقت ليس إلا,التنظيم، التذاكر، الفعاليات,"[0, 0, 0]","['التنظيم', 'التذاكر', 'الفعاليات']"
Attractions,0.0,خلال عطلة نهاية الأسبوع ذهبنا إلى هناك، الوجهة كانت عادية ولم تبهرني كثيراً. الفعاليات مقبولة وتمضية وقت ليس إلا. التذاكر ليست رخيصة ولا غالية بل في المعقول,المكان، الفعاليات، التذاكر,"[0, 0, 0]","['المكان', 'الفعاليات', 'التذاكر']"
Restaurants,0.0,طعم الأكل كان عادياً ولا يوجد فيه نكهة مميزة أما النظافة فـ مستوى عادي ولا بأس به,الأكل، النظافة,"[0, 0]","['الأكل', 'النظافة']"
Hotels,0.0,التجربة بشكل عام كانت متفاوتة، بالنسبة للغرفة فهي بمستوى طبيعي ولا بأس بها، كما أن طاقم الاستقبال كان عادياً في التعامل,الغرفة، الاستقبال,"[0, 0]","['الغرفة', 'الاستقبال']"
Attractions,0.0,قرأت تقييمات كثيرة وقررت التجربة، التذاكر ليست رخيصة ولا غالية بل في المعقول، كما أن الوجهة كانت عادية ولم تبهرني كثيراً,التذاكر، المكان,"[0, 0]","['التذاكر', 'المكان']"
Attractions,-1.0,قرأت تقييمات كثيرة وقررت التجربة، المكان كئيب وممل جداً في حين أن الإدارة والتنظيم بمستوى مقبول,المكان، التنظيم,"[-1, 0]","['المكان', 'التنظيم']"
Hotels,-1.0,بصراحة، موقع الفندق سيء ويصعب الوصول إليه أما الاستقبال فـ واجهنا بطء شديد ومماطلة من موظفي أما الغرفة فـ مساحة كانت متوسطة كما توقعنا بالإضافة إلى ذلك، وجبة الإفطار كانت عادية ولم تكن مميزة,الموقع، الاستقبال، الغرفة، الإفطار,"[-1, -1, 0, 0]","['الموقع', 'الاستقبال', 'الغرفة', 'الإفطار']"
Restaurants,0.0,بصراحة، الطاولات كانت نظيفة بشكل معتاد وبالنسبة للخدمة فـ مستوى لا بأس به أما الأسعار فـ أسعار المنيو تعتبر طبيعية مقارنة بالمطاعم الأخرى,النظافة، الخدمة، الأسعار,"[0, 0, 0]","['النظافة', 'الخدمة', 'الأسعار']"
Restaurants,-1.0,لم يعجبني الأكل إطلاقاً وكان دون المستوى في حين أن أسعار المنيو تعتبر طبيعية مقارنة بالمطاعم الأخرى,الأكل، الأسعار,"[-1, 0]","['الأكل', 'الأسعار']"
Hotels,0.0,التجربة بشكل عام كانت متفاوتة، الموقع لا يتميز بشيء خاص ولكنه مناسب أما الغرفة فـ أثاث يبدو عادياً ليس حديثاً ولا قديماً جداً. والإفطار كان مقبولاً لكنه يفتقر للتنوع,الموقع، الغرفة، الإفطار,"[0, 0, 0]","['الموقع', 'الغرفة', 'الإفطار']"
Attractions,0.0,قمت بتجربة هذا المكان وملاحظاتي هي: ترتيب الدخول كان يسير بشكل طبيعي بالإضافة إلى ذلك، أسعار الدخول طبيعية مقارنة بالفعاليات في حين أن المكان ساحر وجميل جداً للتصوير، كما أن الفعاليات كانت تقليدية ومكررة,التنظيم، التذاكر، المكان، الفعاليات,"[0, 0, 1, 0]","['التنظيم', 'التذاكر', 'المكان', 'الفعاليات']"
Attractions,0.0,الوجهة كانت عادية ولم تبهرني كثيراً وبالنسبة للتنظيم فالإدارة و بمستوى مقبول. والفعاليات كانت تقليدية ومكررة، كما أن سعر التذاكر كان متوسطا ومقبولا,المكان، التنظيم، الفعاليات، التذاكر,"[0, 0, 0, 0]","['المكان', 'التنظيم', 'الفعاليات', 'التذاكر']"
Hotels,-1.0,التجربة بشكل عام كانت متفاوتة، موقع الفندق سيء ويصعب الوصول إليه أما الإفطار فـ وجبة كانت عادية ولم تكن مميزة,الموقع، الإفطار,"[-1, 0]","['الموقع', 'الإفطار']"
Attractions,0.0,في زيارتي الأخيرة، التنظيم داخل المرفق كان عاديا وبالنسبة للفعاليات فـ مقبولة وتمضية وقت ليس إلا. وقيمة التذكرة عادية، كما أن لا أنصح بزيارة المكان فهو سيء للغاية,التنظيم، الفعاليات، التذاكر، المكان,"[0, 0, 0, -1]","['التنظيم', 'الفعاليات', 'التذاكر', 'المكان']"
Attractions,0.0,بصراحة، بشكل عام المكان طبيعي كأي حديقة أخرى وبالنسبة للتذاكر فـ أسعار الدخول طبيعية مقارنة بالفعاليات. التنظيم داخل المرفق كان عاديا,المكان، التذاكر، التنظيم,"[0, 0, 0]","['المكان', 'التذاكر', 'التنظيم']"
Restaurants,0.0,قمت بتجربة هذا المكان وملاحظاتي هي: الطاولات كانت نظيفة بشكل معتاد بالإضافة إلى ذلك، الأكل مقبول لكنني تذوقت أفضل منه وبالنسبة للخدمة فـ سريعة جداً وطاقم العمل ودود، كما أن أسعار المنيو تعتبر طبيعية مقارنة بالمطاعم الأخرى,النظافة، الأكل، الخدمة، الأسعار,"[0, 0, 1, 0]","['النظافة', 'الأكل', 'الخدمة', 'الأسعار']"
Attractions,0.0,التجربة بشكل عام كانت متفاوتة، الفعاليات مملة جداً ولا يوجد تجديد أما التنظيم فـ سيء جداً وهناك عشوائية في المكان بالإضافة إلى ذلك، مساحة المكان وتصميمه مقبول ولا بأس به. أسعار التذاكر رخيصة جداً ومناسبة للجميع,الفعاليات، التنظيم، المكان، التذاكر,"[-1, -1, 0, 1]","['الفعاليات', 'التنظيم', 'المكان', 'التذاكر']"
Attractions,0.0,بشكل عام المكان طبيعي كأي حديقة أخرى في حين أن الفعاليات مقبولة وتمضية وقت ليس إلا. قيمة التذكرة عادية,المكان، الفعاليات، التذاكر,"[0, 0, 0]","['المكان', 'الفعاليات', 'التذاكر']"
Hotels,0.0,التجربة بشكل عام كانت متفاوتة، موقع الفندق سيء ويصعب الوصول إليه. وإجراءات الدخول في الاستقبال كانت طبيعية ولم تستغرق وقتا طويلا أو قصيرا في حين أن أعجبتني الغرفة بنظافتها الفائقة وتصميمها الرائع,الموقع، الاستقبال، الغرفة,"[-1, 0, 1]","['الموقع', 'الاستقبال', 'الغرفة']"
Attractions,0.0,في زيارتي الأخيرة، الإدارة والتنظيم بمستوى مقبول، كما أن الأنشطة الموجودة لا بأس بها للأطفال في حين أن المكان يعتبر جيد لقضاء بعض الوقت بالإضافة إلى ذلك، التذكرة لا تستحق هذا السعر المرتفع إطلاقاً,التنظيم، الفعاليات، المكان، التذاكر,"[0, 0, 0, -1]","['التنظيم', 'الفعاليات', 'المكان', 'التذاكر']"
Restaurants,0.0,بصراحة، الخدمة في المطعم كانت روتينية، كما أن طعم الأكل كان عادياً ولا يوجد فيه نكهة مميزة بالإضافة إلى ذلك، الأسعار مبالغ فيها وغالية جداً. والطاولات كانت نظيفة بشكل معتاد,الخدمة، الأكل، الأسعار، النظافة,"[0, 0, -1, 0]","['الخدمة', 'الأكل', 'الأسعار', 'النظافة']"
Hotels,-1.0,الإفطار سيء جداً والخيارات محدودة وبالنسبة للاستقبال فـ تعامل كان جافاً وغير احترافي، كما أن الغرفة كانت عادية وتفي بالغرض,الإفطار، الاستقبال، الغرفة,"[-1, -1, 0]","['الإفطار', 'الاستقبال', 'الغرفة']"
Restaurants,0.0,قرأت تقييمات كثيرة وقررت التجربة، بالنسبة للأكل فهو بمستوى طبيعي بالإضافة إلى ذلك، الأسعار مبالغ فيها وغالية جداً في حين أن نظافة المكان بشكل عام كانت مقبولة في حين أن مستوى الخدمة لا بأس به,الأكل، الأسعار، النظافة، الخدمة,"[0, -1, 0, 0]","['الأكل', 'الأسعار', 'النظافة', 'الخدمة']"
Restaurants,-1.0,قرأت تقييمات كثيرة وقررت التجربة، مستوى النظافة عادي ولا بأس به في حين أن لم يعجبني الأكل إطلاقاً وكان دون المستوى في حين أن مستوى الخدمة لا بأس به,النظافة، الأكل، الخدمة,"[0, -1, 0]","['النظافة', 'الأكل', 'الخدمة']"
Restaurants,0.0,خلال عطلة نهاية الأسبوع ذهبنا إلى هناك، الأسعار كانت متوسطة ومناسبة لجودة المكان وبالنسبة للخدمة فـ مستوى لا بأس به,الأسعار، الخدمة,"[0, 0]","['الأسعار', 'الخدمة']"
Attractions,0.0,التجربة بشكل عام كانت متفاوتة، مساحة المكان وتصميمه مقبول ولا بأس به في حين أن قيمة التذكرة عادية. والتنظيم سيء جداً وهناك عشوائية في المكان أما الفعاليات فالأنشطة الموجودة لا بأس بها للأطفال,المكان، التذاكر، التنظيم، الفعاليات,"[0, 0, -1, 0]","['المكان', 'التذاكر', 'التنظيم', 'الفعاليات']"
Restaurants,-1.0,في زيارتي الأخيرة، بالنسبة للأكل فهو بمستوى طبيعي أما الأسعار فـ بالنسبة للأسعار فهي مقبولة إلى حد ما وبالنسبة للخدمة فـ أسوأ خدمة جربتها في حياتي,الأكل، الأسعار، الخدمة,"[0, 0, -1]","['الأكل', 'الأسعار', 'الخدمة']"
Restaurants,0.0,في زيارتي الأخيرة، الأسعار كانت متوسطة ومناسبة لجودة المكان بالإضافة إلى ذلك، المكان يلمع من النظافة والاهتمام بالتفاصيل بالإضافة إلى ذلك، بالنسبة للأكل فهو بمستوى طبيعي أما الخدمة فـ تعامل الويترز كان عادياً,الأسعار، النظافة، الأكل، الخدمة,"[0, 1, 0, 0]","['الأسعار', 'النظافة', 'الأكل', 'الخدمة']"
Hotels,0.0,التجربة بشكل عام كانت متفاوتة، إجراءات الدخول في الاستقبال كانت طبيعية ولم تستغرق وقتا طويلا أو قصيرا أما الغرفة فـ كانت عادية وتفي بالغرض. والموقع مقبول ولا بأس به مقارنة بالسعر في حين أن الإفطار كان مقبولاً لكنه يفتقر للتنوع,الاستقبال، الغرفة، الموقع، الإفطار,"[0, 0, 0, 0]","['الاستقبال', 'الغرفة', 'الموقع', 'الإفطار']"
Restaurants,0.0,قمت بتجربة هذا المكان وملاحظاتي هي: الخدمة في المطعم كانت روتينية بالإضافة إلى ذلك، نظافة المكان بشكل عام كانت مقبولة,الخدمة، النظافة,"[0, 0]","['الخدمة', 'النظافة']"
Hotels,1.0,بصراحة، الإفطار كان لذيذاً ومتنوعاً جداً. بالنسبة للغرفة فهي بمستوى طبيعي ولا بأس بها في حين أن موقع المكان عادي ويمكن الوصول إليه بسهولة,الإفطار، الغرفة، الموقع,"[1, 0, 0]","['الإفطار', 'الغرفة', 'الموقع']"
Restaurants,1.0,الأسعار ممتازة ورخيصة مقارنة بالكمية في حين أن الخدمة في المطعم كانت روتينية، كما أن الطاولات كانت نظيفة بشكل معتاد,الأسعار، الخدمة، النظافة,"[1, 0, 0]","['الأسعار', 'الخدمة', 'النظافة']"
Attractions,-1.0,قرأت تقييمات كثيرة وقررت التجربة، أسعار التذاكر غالية جداً ومبالغ فيها وبالنسبة للمكان فـ وجهة سياحية رائعة وتستحق الزيارة تكراراً. وفوضى عارمة وسوء تنظيم واضح,التذاكر، المكان، التنظيم,"[-1, 1, -1]","['التذاكر', 'المكان', 'التنظيم']"
Restaurants,0.0,في زيارتي الأخيرة، المطعم نظيف لحد معقول أما الأكل فـ طعم كان عادياً ولا يوجد فيه نكهة مميزة وبالنسبة للخدمة فـ تعامل الويترز كان عادياً وبالنسبة للأسعار فـ كانت متوسطة ومناسبة لجودة المكان,النظافة، الأكل، الخدمة، الأسعار,"[0, 0, 0, 0]","['النظافة', 'الأكل', 'الخدمة', 'الأسعار']"
Hotels,1.0,قمت بتجربة هذا المكان وملاحظاتي هي: موقع الفندق ممتاز جداً وإطلالته خرافية، كما أن بالنسبة للغرفة فهي بمستوى طبيعي ولا بأس بها,الموقع، الغرفة,"[1, 0]","['الموقع', 'الغرفة']"
Restaurants,-1.0,قرأت تقييمات كثيرة وقررت التجربة، الأسعار مبالغ فيها وغالية جداً. ومستوى النظافة عادي ولا بأس به,الأسعار، النظافة,"[-1, 0]","['الأسعار', 'النظافة']"
Attractions,0.0,خلال عطلة نهاية الأسبوع ذهبنا إلى هناك، الوجهة كانت عادية ولم تبهرني كثيراً أما التذاكر فـ أسعار رخيصة جداً ومناسبة للجميع وبالنسبة للتنظيم فـ لا بأس ب بشكل عام، كما أن لا توجد فعاليات تذكر والأنشطة سيئة,المكان، التذاكر، التنظيم، الفعاليات,"[0, 1, 0, -1]","['المكان', 'التذاكر', 'التنظيم', 'الفعاليات']"
Hotels,-1.0,خلال عطلة نهاية الأسبوع ذهبنا إلى هناك، موظفو الاستقبال قاموا بعملهم بشكل روتيني بالإضافة إلى ذلك، الإفطار سيء جداً والخيارات محدودة بالإضافة إلى ذلك، الموقع بعيد جداً ومقطوع عن الخدمات. وأثاث الغرفة يبدو عادياً ليس حديثاً ولا قديماً جداً,الاستقبال، الإفطار، الموقع، الغرفة,"[0, -1, -1, 0]","['الاستقبال', 'الإفطار', 'الموقع', 'الغرفة']"
Attractions,0.0,سعر التذاكر كان متوسطا ومقبولا، كما أن الفعاليات كانت تقليدية ومكررة بالإضافة إلى ذلك، فوضى عارمة وسوء تنظيم واضح. بشكل عام المكان طبيعي كأي حديقة أخرى,التذاكر، الفعاليات، التنظيم، المكان,"[0, 0, -1, 0]","['التذاكر', 'الفعاليات', 'التنظيم', 'المكان']"
Hotels,0.0,الموقع لا يتميز بشيء خاص ولكنه مناسب. بالنسبة للغرفة فهي بمستوى طبيعي ولا بأس بها، كما أن طاقم الاستقبال كان عادياً في التعامل,الموقع، الغرفة، الاستقبال,"[0, 0, 0]","['الموقع', 'الغرفة', 'الاستقبال']"
Restaurants,0.0,الطلبات كانت متوسطة المستوى ولا بأس بها. السعر كان عاديا وليس مبالغا فيه,الأكل، الأسعار,"[0, 0]","['الأكل', 'الأسعار']"
Restaurants,-1.0,خلال عطلة نهاية الأسبوع ذهبنا إلى هناك، الأكل مقبول لكنني تذوقت أفضل منه. والخدمة في المطعم كانت روتينية في حين أن الأسعار مبالغ فيها وغالية جداً. والنظافة معدومة في هذا المطعم,الأكل، الخدمة، الأسعار، النظافة,"[0, 0, -1, -1]","['الأكل', 'الخدمة', 'الأسعار', 'النظافة']"
Attractions,-1.0,في زيارتي الأخيرة، قيمة التذكرة عادية وبالنسبة للفعاليات فـ لا توجد فعاليات تذكر والأنشطة سيئة,التذاكر، الفعاليات,"[0, -1]","['التذاكر', 'الفعاليات']"
Attractions,0.0,قمت بتجربة هذا المكان وملاحظاتي هي: أسعار الدخول طبيعية مقارنة بالفعاليات، كما أن العروض المقدمة كانت في المستوى الطبيعي، كما أن مساحة المكان وتصميمه مقبول ولا بأس به,التذاكر، الفعاليات، المكان,"[0, 0, 0]","['التذاكر', 'الفعاليات', 'المكان']"
Hotels,0.0,خلال عطلة نهاية الأسبوع ذهبنا إلى هناك، مساحة الغرفة كانت متوسطة كما توقعنا بالإضافة إلى ذلك، موقع الفندق يعتبر متوسطا من حيث القرب للخدمات، كما أن بوفيه الإفطار كان تقليدياً ويقدم أصنافاً معتادة,الغرفة، الموقع، الإفطار,"[0, 0, 0]","['الغرفة', 'الموقع', 'الإفطار']"
Attractions,0.0,بصراحة، لا بأس بالتنظيم بشكل عام وبالنسبة للمكان فـ بشكل عام طبيعي كأي حديقة أخرى بالإضافة إلى ذلك، أسعار التذاكر رخيصة جداً ومناسبة للجميع بالإضافة إلى ذلك، العروض المقدمة كانت في المستوى الطبيعي,التنظيم، المكان، التذاكر، الفعاليات,"[0, 0, 1, 0]","['التنظيم', 'المكان', 'التذاكر', 'الفعاليات']"
Restaurants,0.0,خلال عطلة نهاية الأسبوع ذهبنا إلى هناك، أسوأ خدمة جربتها في حياتي وبالنسبة للأسعار فـ أسعار المنيو تعتبر طبيعية مقارنة بالمطاعم الأخرى. والطاولات كانت نظيفة بشكل معتاد في حين أن طعم الأكل كان عادياً ولا يوجد فيه نكهة مميزة,الخدمة، الأسعار، النظافة، الأكل,"[-1, 0, 0, 0]","['الخدمة', 'الأسعار', 'النظافة', 'الأكل']"
Hotels,0.0,ترحيب حار جداً من طاقم الاستقبال. والموقع استراتيجي وقريب من كل الفعاليات وبالنسبة للإفطار فـ وجبة كانت عادية ولم تكن مميزة. والغرفة ضيقة جداً ومكتومة,الاستقبال، الموقع، الإفطار، الغرفة,"[1, 1, 0, -1]","['الاستقبال', 'الموقع', 'الإفطار', 'الغرفة']"
Hotels,0.0,في زيارتي الأخيرة، أثاث الغرفة يبدو عادياً ليس حديثاً ولا قديماً جداً، كما أن الموقع لا يتميز بشيء خاص ولكنه مناسب، كما أن الاستقبال كان مقبولا بشكل عام,الغرفة، الموقع، الاستقبال,"[0, 0, 0]","['الغرفة', 'الموقع', 'الاستقبال']"
Hotels,0.0,بصراحة، الموقع لا يتميز بشيء خاص ولكنه مناسب، كما أن موظفو الاستقبال في قمة الرقي والتعاون. بالنسبة للغرفة فهي بمستوى طبيعي ولا بأس بها وبالنسبة للإفطار فـ بالنسبة للإفطار فهو جيد نسبيا كأي فندق آخر,الموقع، الاستقبال، الغرفة، الإفطار,"[0, 1, 0, 0]","['الموقع', 'الاستقبال', 'الغرفة', 'الإفطار']"
Restaurants,0.0,قمت بتجربة هذا المكان وملاحظاتي هي: بالنسبة للأكل فهو بمستوى طبيعي وبالنسبة للنظافة فالمطعم نظيف لحد معقول وبالنسبة للأسعار فـ بالنسبة للأسعار فهي مقبولة إلى حد ما. سرعة الخدمة كانت في المعدل الطبيعي والمقبول,الأكل، النظافة، الأسعار، الخدمة,"[0, 0, 0, 0]","['الأكل', 'النظافة', 'الأسعار', 'الخدمة']"
Attractions,0.0,الفعاليات مقبولة وتمضية وقت ليس إلا وبالنسبة للمكان فالوجهة كانت عادية ولم تبهرني كثيراً أما التنظيم فـ مرتبين جداً و احترافي بالإضافة إلى ذلك، قيمة التذكرة عادية,الفعاليات، المكان، التنظيم، التذاكر,"[0, 0, 1, 0]","['الفعاليات', 'المكان', 'التنظيم', 'التذاكر']"
Restaurants,-1.0,قمت بتجربة هذا المكان وملاحظاتي هي: المطعم نظيف لحد معقول. الأكل كان بارداً وطعمه سيء جداً. ومستوى الخدمة لا بأس به,النظافة، الأكل، الخدمة,"[0, -1, 0]","['النظافة', 'الأكل', 'الخدمة']"
Hotels,0.0,قمت بتجربة هذا المكان وملاحظاتي هي: موظفو الاستقبال قاموا بعملهم بشكل روتيني بالإضافة إلى ذلك، بالنسبة للإفطار فهو جيد نسبيا كأي فندق آخر,الاستقبال، الإفطار,"[0, 0]","['الاستقبال', 'الإفطار']"
Hotels,0.0,قمت بتجربة هذا المكان وملاحظاتي هي: أثاث الغرفة يبدو عادياً ليس حديثاً ولا قديماً جداً وبالنسبة للإفطار فـ بالنسبة للإفطار فهو جيد نسبيا كأي فندق آخر، كما أن الاستقبال كان مقبولا بشكل عام,الغرفة، الإفطار، الاستقبال,"[0, 0, 0]","['الغرفة', 'الإفطار', 'الاستقبال']"
Attractions,-1.0,التجربة بشكل عام كانت متفاوتة، الفعاليات مقبولة وتمضية وقت ليس إلا. لا أنصح بزيارة المكان فهو سيء للغاية. سعر التذاكر كان متوسطا ومقبولا,الفعاليات، المكان، التذاكر,"[0, -1, 0]","['الفعاليات', 'المكان', 'التذاكر']"
Hotels,-1.0,التجربة بشكل عام كانت متفاوتة، للأسف الغرفة كانت سيئة وغير نظيفة على الإطلاق في حين أن الاستقبال كان مقبولا بشكل عام، كما أن بالنسبة للإفطار فهو جيد نسبيا كأي فندق آخر,الغرفة، الاستقبال، الإفطار,"[-1, 0, 0]","['الغرفة', 'الاستقبال', 'الإفطار']"
Hotels,-1.0,قرأت تقييمات كثيرة وقررت التجربة، بالنسبة للغرفة فهي بمستوى طبيعي ولا بأس بها. وواجهنا بطء شديد ومماطلة من موظفي الاستقبال وبالنسبة للموقع فـ لا يتميز بشيء خاص ولكنه مناسب,الغرفة، الاستقبال، الموقع,"[0, -1, 0]","['الغرفة', 'الاستقبال', 'الموقع']"
Restaurants,0.0,في زيارتي الأخيرة، المطعم غالي بشكل مبالغ فيه ولا يستحق أما الخدمة فـ في المطعم كانت روتينية، كما أن كل الأطباق كانت مطبوخة باحترافية وطعمها خيال,الأسعار، الخدمة، الأكل,"[-1, 0, 1]","['الأسعار', 'الخدمة', 'الأكل']"
Hotels,-1.0,بصراحة، موقع المكان عادي ويمكن الوصول إليه بسهولة. ووجبة الإفطار كانت عادية ولم تكن مميزة بالإضافة إلى ذلك، واجهنا بطء شديد ومماطلة من موظفي الاستقبال بالإضافة إلى ذلك، للأسف الغرفة كانت سيئة وغير نظيفة على الإطلاق,الموقع، الإفطار، الاستقبال، الغرفة,"[0, 0, -1, -1]","['الموقع', 'الإفطار', 'الاستقبال', 'الغرفة']"
Restaurants,0.0,خلال عطلة نهاية الأسبوع ذهبنا إلى هناك، الطاولات كانت نظيفة بشكل معتاد، كما أن بالنسبة للأكل فهو بمستوى طبيعي,النظافة، الأكل,"[0, 0]","['النظافة', 'الأكل']"
Restaurants,0.0,بصراحة، طعم الأكل كان عادياً ولا يوجد فيه نكهة مميزة، كما أن أسوأ خدمة جربتها في حياتي بالإضافة إلى ذلك، الأسعار ممتازة ورخيصة مقارنة بالكمية في حين أن الطاولات كانت نظيفة بشكل معتاد,الأكل، الخدمة، الأسعار، النظافة,"[0, -1, 1, 0]","['الأكل', 'الخدمة', 'الأسعار', 'النظافة']"
Attractions,0.0,بصراحة، بشكل عام المكان طبيعي كأي حديقة أخرى. وترتيب الدخول كان يسير بشكل طبيعي بالإضافة إلى ذلك، الفعاليات مقبولة وتمضية وقت ليس إلا,المكان، التنظيم، الفعاليات,"[0, 0, 0]","['المكان', 'التنظيم', 'الفعاليات']"
Attractions,0.0,في زيارتي الأخيرة، أسعار التذاكر رخيصة جداً ومناسبة للجميع. المكان كئيب وممل جداً وبالنسبة للتنظيم فـ داخل المرفق كان عاديا وبالنسبة للفعاليات فـ كانت تقليدية ومكررة,التذاكر، المكان، التنظيم، الفعاليات,"[1, -1, 0, 0]","['التذاكر', 'المكان', 'التنظيم', 'الفعاليات']"
Hotels,0.0,التجربة بشكل عام كانت متفاوتة، الإفطار كان لذيذاً ومتنوعاً جداً بالإضافة إلى ذلك، الغرفة كانت عادية وتفي بالغرض بالإضافة إلى ذلك، موقع المكان عادي ويمكن الوصول إليه بسهولة وبالنسبة للاستقبال فـ موظفو قاموا بعملهم بشكل روتيني,الإفطار، الغرفة، الموقع، الاستقبال,"[1, 0, 0, 0]","['الإفطار', 'الغرفة', 'الموقع', 'الاستقبال']"
Hotels,0.0,في زيارتي الأخيرة، أثاث الغرفة يبدو عادياً ليس حديثاً ولا قديماً جداً. وبوفيه الإفطار كان تقليدياً ويقدم أصنافاً معتادة,الغرفة، الإفطار,"[0, 0]","['الغرفة', 'الإفطار']"
Hotels,-1.0,في زيارتي الأخيرة، طاقم الاستقبال كان عادياً في التعامل وبالنسبة للغرفة فـ للأسف كانت سيئة وغير نظيفة على الإطلاق,الاستقبال، الغرفة,"[0, -1]","['الاستقبال', 'الغرفة']"
Restaurants,0.0,قمت بتجربة هذا المكان وملاحظاتي هي: مستوى الخدمة لا بأس به وبالنسبة للأكل فـ مقبول لكنني تذوقت أفضل منه. بالنسبة للأسعار فهي مقبولة إلى حد ما,الخدمة، الأكل، الأسعار,"[0, 0, 0]","['الخدمة', 'الأكل', 'الأسعار']"
Hotels,0.0,بصراحة، موظفو الاستقبال قاموا بعملهم بشكل روتيني. وجودة الطعام في الإفطار كانت ضعيفة جداً، كما أن موقع الفندق ممتاز جداً وإطلالته خرافية. والغرفة كانت عادية وتفي بالغرض,الاستقبال، الإفطار، الموقع، الغرفة,"[0, -1, 1, 0]","['الاستقبال', 'الإفطار', 'الموقع', 'الغرفة']"
Hotels,0.0,قرأت تقييمات كثيرة وقررت التجربة، مساحة الغرفة كانت متوسطة كما توقعنا. والاستقبال كان مقبولا بشكل عام بالإضافة إلى ذلك، وجبة الإفطار كانت عادية ولم تكن مميزة. الموقع بعيد جداً ومقطوع عن الخدمات,الغرفة، الاستقبال، الإفطار، الموقع,"[0, 0, 0, -1]","['الغرفة', 'الاستقبال', 'الإفطار', 'الموقع']"
Hotels,1.0,التجربة بشكل عام كانت متفاوتة، الموقع مقبول ولا بأس به مقارنة بالسعر، كما أن بالنسبة للغرفة فهي بمستوى طبيعي ولا بأس بها، كما أن الإفطار كان لذيذاً ومتنوعاً جداً,الموقع، الغرفة، الإفطار,"[0, 0, 1]","['الموقع', 'الغرفة', 'الإفطار']"
Hotels,0.0,خلال عطلة نهاية الأسبوع ذهبنا إلى هناك، موظفو الاستقبال قاموا بعملهم بشكل روتيني أما الغرفة فـ مساحة كانت متوسطة كما توقعنا,الاستقبال، الغرفة,"[0, 0]","['الاستقبال', 'الغرفة']"
Restaurants,1.0,نظافة المكان بشكل عام كانت مقبولة. والخدمة ممتازة واهتمام كبير بالزبائن. الأسعار كانت متوسطة ومناسبة لجودة المكان أما الأكل فـ كان لذيذاً جداً وأنصح به بشدة,النظافة، الخدمة، الأسعار، الأكل,"[0, 1, 0, 1]","['النظافة', 'الخدمة', 'الأسعار', 'الأكل']"
Attractions,0.0,خلال عطلة نهاية الأسبوع ذهبنا إلى هناك، ترتيب الدخول كان يسير بشكل طبيعي. ولا توجد فعاليات تذكر والأنشطة سيئة. ووجهة سياحية رائعة وتستحق الزيارة تكراراً,التنظيم، الفعاليات، المكان,"[0, -1, 1]","['التنظيم', 'الفعاليات', 'المكان']"
Attractions,-1.0,التجربة بشكل عام كانت متفاوتة، المكان كئيب وممل جداً بالإضافة إلى ذلك، التنظيم سيء جداً وهناك عشوائية في المكان,المكان، التنظيم,"[-1, -1]","['المكان', 'التنظيم']"
Attractions,0.0,خلال عطلة نهاية الأسبوع ذهبنا إلى هناك، سعر التذاكر كان متوسطا ومقبولا. والفعاليات مقبولة وتمضية وقت ليس إلا أما التنظيم فـ رائع جداً وسلس للغاية وبالنسبة للمكان فـ بشكل عام طبيعي كأي حديقة أخرى,التذاكر، الفعاليات، التنظيم، المكان,"[0, 0, 1, 0]","['التذاكر', 'الفعاليات', 'التنظيم', 'المكان']"
Attractions,-1.0,قمت بتجربة هذا المكان وملاحظاتي هي: لا بأس بالتنظيم بشكل عام وبالنسبة للمكان فـ لا أنصح بزيارة فهو سيء للغاية,التنظيم، المكان,"[0, -1]","['التنظيم', 'المكان']"
Attractions,0.0,التجربة بشكل عام كانت متفاوتة، ترتيب الدخول كان يسير بشكل طبيعي. وجهة سياحية رائعة وتستحق الزيارة تكراراً. والتذكرة لا تستحق هذا السعر المرتفع إطلاقاً أما الفعاليات فالعروض المقدمة كانت في المستوى الطبيعي,التنظيم، المكان، التذاكر، الفعاليات,"[0, 1, -1, 0]","['التنظيم', 'المكان', 'التذاكر', 'الفعاليات']"
Hotels,-1.0,قرأت تقييمات كثيرة وقررت التجربة، واجهنا بطء شديد ومماطلة من موظفي الاستقبال، كما أن موقع الفندق يعتبر متوسطا من حيث القرب للخدمات,الاستقبال، الموقع,"[-1, 0]","['الاستقبال', 'الموقع']"
Hotels,1.0,التجربة بشكل عام كانت متفاوتة، موقع المكان عادي ويمكن الوصول إليه بسهولة. بالنسبة للغرفة فهي بمستوى طبيعي ولا بأس بها وبالنسبة للاستقبال فـ موظفو في قمة الرقي والتعاون,الموقع، الغرفة، الاستقبال,"[0, 0, 1]","['الموقع', 'الغرفة', 'الاستقبال']"
Attractions,0.0,التجربة بشكل عام كانت متفاوتة، لا بأس بالتنظيم بشكل عام بالإضافة إلى ذلك، العروض المقدمة كانت في المستوى الطبيعي، كما أن التذاكر ليست رخيصة ولا غالية بل في المعقول. ووجهة سياحية رائعة وتستحق الزيارة تكراراً,التنظيم، الفعاليات، التذاكر، المكان,"[0, 0, 0, 1]","['التنظيم', 'الفعاليات', 'التذاكر', 'المكان']"
Attractions,-1.0,خلال عطلة نهاية الأسبوع ذهبنا إلى هناك، لا أنصح بزيارة المكان فهو سيء للغاية. وترتيب الدخول كان يسير بشكل طبيعي,المكان، التنظيم,"[-1, 0]","['المكان', 'التنظيم']"
Restaurants,-1.0,التجربة بشكل عام كانت متفاوتة، الطاولات كانت نظيفة بشكل معتاد. والطلبات كانت متوسطة المستوى ولا بأس بها. والخدمة بطيئة للغاية والعمال غير مهتمين,النظافة، الأكل، الخدمة,"[0, 0, -1]","['النظافة', 'الأكل', 'الخدمة']"
Attractions,0.0,في زيارتي الأخيرة، العروض المقدمة كانت في المستوى الطبيعي وبالنسبة للمكان فـ يعتبر جيد لقضاء بعض الوقت في حين أن التذاكر ليست رخيصة ولا غالية بل في المعقول,الفعاليات، المكان، التذاكر,"[0, 0, 0]","['الفعاليات', 'المكان', 'التذاكر']"
Restaurants,0.0,قرأت تقييمات كثيرة وقررت التجربة، الخدمة في المطعم كانت روتينية وبالنسبة للنظافة فالمطعم نظيف لحد معقول,الخدمة، النظافة,"[0, 0]","['الخدمة', 'النظافة']"
Restaurants,0.0,بصراحة، سرعة الخدمة كانت في المعدل الطبيعي والمقبول وبالنسبة للأكل فـ كان بارداً وطعمه سيء جداً وبالنسبة للنظافة فالمطعم نظيف لحد معقول. الأسعار كانت متوسطة ومناسبة لجودة المكان,الخدمة، الأكل، النظافة، الأسعار,"[0, -1, 0, 0]","['الخدمة', 'الأكل', 'النظافة', 'الأسعار']"
Hotels,0.0,قرأت تقييمات كثيرة وقررت التجربة، جودة الطعام في الإفطار كانت ضعيفة جداً. إجراءات الدخول في الاستقبال كانت طبيعية ولم تستغرق وقتا طويلا أو قصيرا في حين أن أثاث الغرفة يبدو عادياً ليس حديثاً ولا قديماً جداً. وموقع الفندق يعتبر متوسطا من حيث القرب للخدمات,الإفطار، الاستقبال، الغرفة، الموقع,"[-1, 0, 0, 0]","['الإفطار', 'الاستقبال', 'الغرفة', 'الموقع']"
Hotels,-1.0,خلال عطلة نهاية الأسبوع ذهبنا إلى هناك، الموقع بعيد جداً ومقطوع عن الخدمات أما الاستقبال فـ طاقم كان عادياً في التعامل، كما أن وجبة الإفطار كانت عادية ولم تكن مميزة,الموقع، الاستقبال، الإفطار,"[-1, 0, 0]","['الموقع', 'الاستقبال', 'الإفطار']"
Hotels,0.0,قمت بتجربة هذا المكان وملاحظاتي هي: طاقم الاستقبال كان عادياً في التعامل وبالنسبة للغرفة فـ كانت عادية وتفي بالغرض,الاستقبال، الغرفة,"[0, 0]","['الاستقبال', 'الغرفة']"
Attractions,-1.0,أسعار التذاكر غالية جداً ومبالغ فيها أما الفعاليات فـ مملة جداً ولا يوجد تجديد. ولا بأس بالتنظيم بشكل عام,التذاكر، الفعاليات، التنظيم,"[-1, -1, 0]","['التذاكر', 'الفعاليات', 'التنظيم']"
Restaurants,0.0,التجربة بشكل عام كانت متفاوتة، المكان يلمع من النظافة والاهتمام بالتفاصيل أما الخدمة فـ بطيئة للغاية والعمال غير مهتمين,النظافة، الخدمة,"[1, -1]","['النظافة', 'الخدمة']"
Restaurants,0.0,قمت بتجربة هذا المكان وملاحظاتي هي: الطاولات كانت نظيفة بشكل معتاد بالإضافة إلى ذلك، أسعار المنيو تعتبر طبيعية مقارنة بالمطاعم الأخرى,النظافة، الأسعار,"[0, 0]","['النظافة', 'الأسعار']"
Attractions,0.0,خلال عطلة نهاية الأسبوع ذهبنا إلى هناك، الفعاليات كانت تقليدية ومكررة. والوجهة كانت عادية ولم تبهرني كثيراً,الفعاليات، المكان,"[0, 0]","['الفعاليات', 'المكان']"
Attractions,-1.0,بصراحة، أسعار الدخول طبيعية مقارنة بالفعاليات. والمكان يعتبر جيد لقضاء بعض الوقت. فوضى عارمة وسوء تنظيم واضح في حين أن لا توجد فعاليات تذكر والأنشطة سيئة,التذاكر، المكان، التنظيم، الفعاليات,"[0, 0, -1, -1]","['التذاكر', 'المكان', 'التنظيم', 'الفعاليات']"
Attractions,0.0,خلال عطلة نهاية الأسبوع ذهبنا إلى هناك، المكان يعتبر جيد لقضاء بعض الوقت بالإضافة إلى ذلك، لا بأس بالتنظيم بشكل عام. الفعاليات مقبولة وتمضية وقت ليس إلا وبالنسبة للتذاكر فـ قيمتها ممتازة وتشمل خيارات كثيرة,المكان، التنظيم، الفعاليات، التذاكر,"[0, 0, 0, 1]","['المكان', 'التنظيم', 'الفعاليات', 'التذاكر']"
Hotels,0.0,قمت بتجربة هذا المكان وملاحظاتي هي: مساحة الغرفة كانت متوسطة كما توقعنا بالإضافة إلى ذلك، موقع الفندق يعتبر متوسطا من حيث القرب للخدمات. وجبة الإفطار كانت عادية ولم تكن مميزة,الغرفة، الموقع، الإفطار,"[0, 0, 0]","['الغرفة', 'الموقع', 'الإفطار']"
Restaurants,0.0,خلال عطلة نهاية الأسبوع ذهبنا إلى هناك، المكان يلمع من النظافة والاهتمام بالتفاصيل، كما أن لم يعجبني الأكل إطلاقاً وكان دون المستوى,النظافة، الأكل,"[1, -1]","['النظافة', 'الأكل']"
Restaurants,-1.0,قمت بتجربة هذا المكان وملاحظاتي هي: السعر كان عاديا وليس مبالغا فيه بالإضافة إلى ذلك، الخدمة بطيئة للغاية والعمال غير مهتمين,الأسعار، الخدمة,"[0, -1]","['الأسعار', 'الخدمة']"
Restaurants,0.0,قمت بتجربة هذا المكان وملاحظاتي هي: الخدمة في المطعم كانت روتينية، كما أن الطاولات كانت نظيفة بشكل معتاد بالإضافة إلى ذلك، السعر كان عاديا وليس مبالغا فيه في حين أن طعم الأكل كان عادياً ولا يوجد فيه نكهة مميزة,الخدمة، النظافة، الأسعار، الأكل,"[0, 0, 0, 0]","['الخدمة', 'النظافة', 'الأسعار', 'الأكل']"
Hotels,-1.0,خلال عطلة نهاية الأسبوع ذهبنا إلى هناك، الاستقبال كان مقبولا بشكل عام بالإضافة إلى ذلك، الإفطار سيء جداً والخيارات محدودة,الاستقبال، الإفطار,"[0, -1]","['الاستقبال', 'الإفطار']"
Attractions,1.0,خلال عطلة نهاية الأسبوع ذهبنا إلى هناك، أسعار الدخول طبيعية مقارنة بالفعاليات في حين أن بشكل عام المكان طبيعي كأي حديقة أخرى، كما أن مرتبين جداً والتنظيم احترافي,التذاكر، المكان، التنظيم,"[0, 0, 1]","['التذاكر', 'المكان', 'التنظيم']"
Attractions,-1.0,في زيارتي الأخيرة، التذكرة لا تستحق هذا السعر المرتفع إطلاقاً أما التنظيم فـ لا بأس ب بشكل عام,التذاكر، التنظيم,"[-1, 0]","['التذاكر', 'التنظيم']"
Restaurants,0.0,بصراحة، طعم الأكل كان عادياً ولا يوجد فيه نكهة مميزة وبالنسبة للنظافة فالطاولات كانت نظيفة بشكل معتاد. وأسعار المنيو تعتبر طبيعية مقارنة بالمطاعم الأخرى في حين أن الخدمة في المطعم كانت روتينية,الأكل، النظافة، الأسعار، الخدمة,"[0, 0, 0, 0]","['الأكل', 'النظافة', 'الأسعار', 'الخدمة']"
Hotels,0.0,قمت بتجربة هذا المكان وملاحظاتي هي: الغرفة واسعة ومريحة بشكل استثنائي في حين أن الإفطار سيء جداً والخيارات محدودة بالإضافة إلى ذلك، تعامل الاستقبال كان جافاً وغير احترافي، كما أن موقع الفندق يعتبر متوسطا من حيث القرب للخدمات,الغرفة، الإفطار، الاستقبال، الموقع,"[1, -1, -1, 0]","['الغرفة', 'الإفطار', 'الاستقبال', 'الموقع']"
Restaurants,0.0,تعامل الويترز كان عادياً أما الأسعار فـ أسعار المنيو تعتبر طبيعية مقارنة بالمطاعم الأخرى، كما أن مستوى النظافة عادي ولا بأس به أما الأكل فـ بالنسبة للأكل فهو بمستوى طبيعي,الخدمة، الأسعار، النظافة، الأكل,"[0, 0, 0, 0]","['الخدمة', 'الأسعار', 'النظافة', 'الأكل']"
Attractions,1.0,في زيارتي الأخيرة، التذاكر ليست رخيصة ولا غالية بل في المعقول بالإضافة إلى ذلك، مرتبين جداً والتنظيم احترافي. والمكان ساحر وجميل جداً للتصوير,التذاكر، التنظيم، المكان,"[0, 1, 1]","['التذاكر', 'التنظيم', 'المكان']"
Hotels,0.0,في زيارتي الأخيرة، موقع الفندق يعتبر متوسطا من حيث القرب للخدمات في حين أن موظفو الاستقبال قاموا بعملهم بشكل روتيني، كما أن مساحة الغرفة كانت متوسطة كما توقعنا,الموقع، الاستقبال، الغرفة,"[0, 0, 0]","['الموقع', 'الاستقبال', 'الغرفة']"
Attractions,0.0,بصراحة، التنظيم داخل المرفق كان عاديا. والمكان يعتبر جيد لقضاء بعض الوقت بالإضافة إلى ذلك، قيمة التذكرة عادية,التنظيم، المكان، التذاكر,"[0, 0, 0]","['التنظيم', 'المكان', 'التذاكر']"
Restaurants,-1.0,قرأت تقييمات كثيرة وقررت التجربة، الخدمة بطيئة للغاية والعمال غير مهتمين. الأسعار كانت متوسطة ومناسبة لجودة المكان,الخدمة، الأسعار,"[-1, 0]","['الخدمة', 'الأسعار']"
Hotels,-1.0,في زيارتي الأخيرة، جودة الطعام في الإفطار كانت ضعيفة جداً في حين أن أثاث الغرفة يبدو عادياً ليس حديثاً ولا قديماً جداً. والموقع لا يتميز بشيء خاص ولكنه مناسب,الإفطار، الغرفة، الموقع,"[-1, 0, 0]","['الإفطار', 'الغرفة', 'الموقع']"
Restaurants,0.0,الأسعار كانت متوسطة ومناسبة لجودة المكان أما الخدمة فـ مستوى لا بأس به,الأسعار، الخدمة,"[0, 0]","['الأسعار', 'الخدمة']"
Attractions,1.0,خلال عطلة نهاية الأسبوع ذهبنا إلى هناك، قيمة التذكرة عادية في حين أن بشكل عام المكان طبيعي كأي حديقة أخرى. والتنظيم رائع جداً وسلس للغاية,التذاكر، المكان، التنظيم,"[0, 0, 1]","['التذاكر', 'المكان', 'التنظيم']"
Restaurants,0.0,خلال عطلة نهاية الأسبوع ذهبنا إلى هناك، الأكل مقبول لكنني تذوقت أفضل منه. والخدمة في المطعم كانت روتينية,الأكل، الخدمة,"[0, 0]","['الأكل', 'الخدمة']"
Attractions,0.0,الأنشطة الموجودة لا بأس بها للأطفال. التنظيم داخل المرفق كان عاديا. سعر التذاكر كان متوسطا ومقبولا,الفعاليات، التنظيم، التذاكر,"[0, 0, 0]","['الفعاليات', 'التنظيم', 'التذاكر']"
Hotels,0.0,قرأت تقييمات كثيرة وقررت التجربة، الموقع لا يتميز بشيء خاص ولكنه مناسب أما الغرفة فـ كانت عادية وتفي بالغرض,الموقع، الغرفة,"[0, 0]","['الموقع', 'الغرفة']"
Restaurants,-1.0,نظافة المكان بشكل عام كانت مقبولة في حين أن المطعم غالي بشكل مبالغ فيه ولا يستحق,النظافة، الأسعار,"[0, -1]","['النظافة', 'الأسعار']"
Attractions,0.0,سعر التذاكر كان متوسطا ومقبولا وبالنسبة للفعاليات فالأنشطة الموجودة لا بأس بها للأطفال,التذاكر، الفعاليات,"[0, 0]","['التذاكر', 'الفعاليات']"
Attractions,0.0,بصراحة، الفعاليات مقبولة وتمضية وقت ليس إلا في حين أن بشكل عام المكان طبيعي كأي حديقة أخرى. قيمة التذكرة عادية,الفعاليات، المكان، التذاكر,"[0, 0, 0]","['الفعاليات', 'المكان', 'التذاكر']"
Restaurants,0.0,التجربة بشكل عام كانت متفاوتة، المكان متسخ والطاولات غير نظيفة. والخدمة في المطعم كانت روتينية. الأكل كان لذيذاً جداً وأنصح به بشدة أما الأسعار فالسعر كان عاديا وليس مبالغا فيه,النظافة، الخدمة، الأكل، الأسعار,"[-1, 0, 1, 0]","['النظافة', 'الخدمة', 'الأكل', 'الأسعار']"
Hotels,-1.0,الموقع بعيد جداً ومقطوع عن الخدمات. وأثاث الغرفة يبدو عادياً ليس حديثاً ولا قديماً جداً. واجهنا بطء شديد ومماطلة من موظفي الاستقبال,الموقع، الغرفة، الاستقبال,"[-1, 0, -1]","['الموقع', 'الغرفة', 'الاستقبال']"
Attractions,0.0,خلال عطلة نهاية الأسبوع ذهبنا إلى هناك، لا بأس بالتنظيم بشكل عام بالإضافة إلى ذلك، الوجهة كانت عادية ولم تبهرني كثيراً أما الفعاليات فالعروض المقدمة كانت في المستوى الطبيعي في حين أن قيمة التذكرة عادية,التنظيم، المكان، الفعاليات، التذاكر,"[0, 0, 0, 0]","['التنظيم', 'المكان', 'الفعاليات', 'التذاكر']"
Restaurants,1.0,التجربة بشكل عام كانت متفاوتة، الأكل كان لذيذاً جداً وأنصح به بشدة. والطاولات كانت نظيفة بشكل معتاد,الأكل، النظافة,"[1, 0]","['الأكل', 'النظافة']"
Hotels,1.0,قمت بتجربة هذا المكان وملاحظاتي هي: الموقع مقبول ولا بأس به مقارنة بالسعر، كما أن وجبة الإفطار كانت عادية ولم تكن مميزة أما الاستقبال فـ موظفو في قمة الرقي والتعاون,الموقع، الإفطار، الاستقبال,"[0, 0, 1]","['الموقع', 'الإفطار', 'الاستقبال']"
Attractions,-1.0,خلال عطلة نهاية الأسبوع ذهبنا إلى هناك، ترتيب الدخول كان يسير بشكل طبيعي. لا أنصح بزيارة المكان فهو سيء للغاية، كما أن التذاكر ليست رخيصة ولا غالية بل في المعقول,التنظيم، المكان، التذاكر,"[0, -1, 0]","['التنظيم', 'المكان', 'التذاكر']"
Restaurants,0.0,قمت بتجربة هذا المكان وملاحظاتي هي: الطلبات كانت متوسطة المستوى ولا بأس بها، كما أن أسعار المنيو تعتبر طبيعية مقارنة بالمطاعم الأخرى في حين أن تعامل الويترز كان عادياً,الأكل، الأسعار، الخدمة,"[0, 0, 0]","['الأكل', 'الأسعار', 'الخدمة']"
Restaurants,-1.0,في زيارتي الأخيرة، بالنسبة للأسعار فهي مقبولة إلى حد ما، كما أن الخدمة في المطعم كانت روتينية. والنظافة معدومة في هذا المطعم,الأسعار، الخدمة، النظافة,"[0, 0, -1]","['الأسعار', 'الخدمة', 'النظافة']"
Attractions,0.0,في زيارتي الأخيرة، المكان كئيب وممل جداً. التنظيم داخل المرفق كان عاديا أما الفعاليات فـ عروض رائعة ومتنوعة تناسب كل الأعمار. والتذاكر ليست رخيصة ولا غالية بل في المعقول,المكان، التنظيم، الفعاليات، التذاكر,"[-1, 0, 1, 0]","['المكان', 'التنظيم', 'الفعاليات', 'التذاكر']"
Attractions,0.0,خلال عطلة نهاية الأسبوع ذهبنا إلى هناك، عروض رائعة ومتنوعة تناسب كل الأعمار. التذكرة لا تستحق هذا السعر المرتفع إطلاقاً أما المكان فـ يعتبر جيد لقضاء بعض الوقت,الفعاليات، التذاكر، المكان,"[1, -1, 0]","['الفعاليات', 'التذاكر', 'المكان']"
Restaurants,0.0,خلال عطلة نهاية الأسبوع ذهبنا إلى هناك، الخدمة في المطعم كانت روتينية أما النظافة فالطاولات كانت نظيفة بشكل معتاد,الخدمة، النظافة,"[0, 0]","['الخدمة', 'النظافة']"
Attractions,0.0,التجربة بشكل عام كانت متفاوتة، أسعار الدخول طبيعية مقارنة بالفعاليات. ومساحة المكان وتصميمه مقبول ولا بأس به بالإضافة إلى ذلك، لا بأس بالتنظيم بشكل عام,التذاكر، المكان، التنظيم,"[0, 0, 0]","['التذاكر', 'المكان', 'التنظيم']"
Attractions,0.0,الفعاليات كانت تقليدية ومكررة بالإضافة إلى ذلك، فوضى عارمة وسوء تنظيم واضح في حين أن وجهة سياحية رائعة وتستحق الزيارة تكراراً وبالنسبة للتذاكر فـ أسعار رخيصة جداً ومناسبة للجميع,الفعاليات، التنظيم، المكان، التذاكر,"[0, -1, 1, 1]","['الفعاليات', 'التنظيم', 'المكان', 'التذاكر']"
Restaurants,-1.0,في زيارتي الأخيرة، المطعم نظيف لحد معقول. والخدمة بطيئة للغاية والعمال غير مهتمين في حين أن السعر كان عاديا وليس مبالغا فيه,النظافة، الخدمة، الأسعار,"[0, -1, 0]","['النظافة', 'الخدمة', 'الأسعار']"
Restaurants,0.0,قرأت تقييمات كثيرة وقررت التجربة، السعر كان عاديا وليس مبالغا فيه وبالنسبة للأكل فـ بالنسبة للأكل فهو بمستوى طبيعي,الأسعار، الأكل,"[0, 0]","['الأسعار', 'الأكل']"
Attractions,-1.0,بصراحة، المكان كئيب وممل جداً. وقيمة التذكرة عادية. والإدارة والتنظيم بمستوى مقبول في حين أن الفعاليات مملة جداً ولا يوجد تجديد,المكان، التذاكر، التنظيم، الفعاليات,"[-1, 0, 0, -1]","['المكان', 'التذاكر', 'التنظيم', 'الفعاليات']"
Hotels,1.0,أعجبتني الغرفة بنظافتها الفائقة وتصميمها الرائع وبالنسبة للموقع فـ موقع الفندق ممتاز جداً وإطلالته خرافية,الغرفة، الموقع,"[1, 1]","['الغرفة', 'الموقع']"
Hotels,1.0,بصراحة، الموقع استراتيجي وقريب من كل الفعاليات في حين أن إجراءات الدخول في الاستقبال كانت طبيعية ولم تستغرق وقتا طويلا أو قصيرا,الموقع، الاستقبال,"[1, 0]","['الموقع', 'الاستقبال']"
Restaurants,1.0,قمت بتجربة هذا المكان وملاحظاتي هي: المكان يلمع من النظافة والاهتمام بالتفاصيل في حين أن أسعار المنيو تعتبر طبيعية مقارنة بالمطاعم الأخرى,النظافة، الأسعار,"[1, 0]","['النظافة', 'الأسعار']"
Restaurants,1.0,قرأت تقييمات كثيرة وقررت التجربة، أسعار المنيو تعتبر طبيعية مقارنة بالمطاعم الأخرى. نظافة المطعم ممتازة جداً. وطعم الأكل كان عادياً ولا يوجد فيه نكهة مميزة,الأسعار، النظافة، الأكل,"[0, 1, 0]","['الأسعار', 'النظافة', 'الأكل']"
Hotels,0.0,قرأت تقييمات كثيرة وقررت التجربة، موقع الفندق يعتبر متوسطا من حيث القرب للخدمات. الاستقبال كان مقبولا بشكل عام، كما أن الغرفة كانت عادية وتفي بالغرض بالإضافة إلى ذلك، وجبة الإفطار كانت عادية ولم تكن مميزة,الموقع، الاستقبال، الغرفة، الإفطار,"[0, 0, 0, 0]","['الموقع', 'الاستقبال', 'الغرفة', 'الإفطار']"
Hotels,0.0,خلال عطلة نهاية الأسبوع ذهبنا إلى هناك، بوفيه الإفطار كان تقليدياً ويقدم أصنافاً معتادة أما الاستقبال فـ موظفو في قمة الرقي والتعاون أما الغرفة فـ مساحة كانت متوسطة كما توقعنا بالإضافة إلى ذلك، الموقع لا يتميز بشيء خاص ولكنه مناسب,الإفطار، الاستقبال، الغرفة، الموقع,"[0, 1, 0, 0]","['الإفطار', 'الاستقبال', 'الغرفة', 'الموقع']"
Attractions,0.0,قمت بتجربة هذا المكان وملاحظاتي هي: وجهة سياحية رائعة وتستحق الزيارة تكراراً. وقيمة التذكرة عادية. والأنشطة الموجودة لا بأس بها للأطفال بالإضافة إلى ذلك، الإدارة والتنظيم بمستوى مقبول,المكان، التذاكر، الفعاليات، التنظيم,"[1, 0, 0, 0]","['المكان', 'التذاكر', 'الفعاليات', 'التنظيم']"
Attractions,0.0,قرأت تقييمات كثيرة وقررت التجربة، الوجهة كانت عادية ولم تبهرني كثيراً وبالنسبة للفعاليات فالعروض المقدمة كانت في المستوى الطبيعي. ومرتبين جداً والتنظيم احترافي بالإضافة إلى ذلك، أسعار الدخول طبيعية مقارنة بالفعاليات,المكان، الفعاليات، التنظيم، التذاكر,"[0, 0, 1, 0]","['المكان', 'الفعاليات', 'التنظيم', 'التذاكر']"
Hotels,0.0,خلال عطلة نهاية الأسبوع ذهبنا إلى هناك، الموقع مقبول ولا بأس به مقارنة بالسعر وبالنسبة للغرفة فـ بالنسبة للغرفة فهي بمستوى طبيعي ولا بأس بها أما الاستقبال فـ موظفو قاموا بعملهم بشكل روتيني. الإفطار سيء جداً والخيارات محدودة,الموقع، الغرفة، الاستقبال، الإفطار,"[0, 0, 0, -1]","['الموقع', 'الغرفة', 'الاستقبال', 'الإفطار']"
Restaurants,-1.0,خلال عطلة نهاية الأسبوع ذهبنا إلى هناك، الأكل كان بارداً وطعمه سيء جداً وبالنسبة للنظافة فالمكان يلمع من والاهتمام بالتفاصيل وبالنسبة للخدمة فـ بطيئة للغاية والعمال غير مهتمين,الأكل، النظافة، الخدمة,"[-1, 1, -1]","['الأكل', 'النظافة', 'الخدمة']"
Attractions,0.0,خلال عطلة نهاية الأسبوع ذهبنا إلى هناك، أسعار التذاكر رخيصة جداً ومناسبة للجميع، كما أن بشكل عام المكان طبيعي كأي حديقة أخرى. والفعاليات مقبولة وتمضية وقت ليس إلا أما التنظيم فـ ترتيب الدخول كان يسير بشكل طبيعي,التذاكر، المكان، الفعاليات، التنظيم,"[1, 0, 0, 0]","['التذاكر', 'المكان', 'الفعاليات', 'التنظيم']"
Attractions,0.0,قمت بتجربة هذا المكان وملاحظاتي هي: مساحة المكان وتصميمه مقبول ولا بأس به. والإدارة والتنظيم بمستوى مقبول في حين أن التذاكر قيمتها ممتازة وتشمل خيارات كثيرة بالإضافة إلى ذلك، الفعاليات مقبولة وتمضية وقت ليس إلا,المكان، التنظيم، التذاكر، الفعاليات,"[0, 0, 1, 0]","['المكان', 'التنظيم', 'التذاكر', 'الفعاليات']"
Restaurants,1.0,خلال عطلة نهاية الأسبوع ذهبنا إلى هناك، نظافة المكان بشكل عام كانت مقبولة أما الأكل فـ كل الأطباق كانت مطبوخة باحترافية وطعمها خيال، كما أن مستوى الخدمة لا بأس به في حين أن قيمة رائعة مقابل المال والأسعار جداً معقولة,النظافة، الأكل، الخدمة، الأسعار,"[0, 1, 0, 1]","['النظافة', 'الأكل', 'الخدمة', 'الأسعار']"
Restaurants,0.0,قمت بتجربة هذا المكان وملاحظاتي هي: السعر كان عاديا وليس مبالغا فيه في حين أن المطعم نظيف لحد معقول. طعم الأكل كان عادياً ولا يوجد فيه نكهة مميزة,الأسعار، النظافة، الأكل,"[0, 0, 0]","['الأسعار', 'النظافة', 'الأكل']"
Hotels,1.0,بصراحة، بالنسبة للغرفة فهي بمستوى طبيعي ولا بأس بها، كما أن موقع الفندق ممتاز جداً وإطلالته خرافية,الغرفة، الموقع,"[0, 1]","['الغرفة', 'الموقع']"
Restaurants,0.0,قرأت تقييمات كثيرة وقررت التجربة، مستوى الخدمة لا بأس به. المطعم نظيف لحد معقول,الخدمة، النظافة,"[0, 0]","['الخدمة', 'النظافة']"
Hotels,-1.0,بصراحة، موقع الفندق يعتبر متوسطا من حيث القرب للخدمات بالإضافة إلى ذلك، الإفطار سيء جداً والخيارات محدودة,الموقع، الإفطار,"[0, -1]","['الموقع', 'الإفطار']"
Hotels,0.0,في زيارتي الأخيرة، الموقع مقبول ولا بأس به مقارنة بالسعر أما الغرفة فـ كانت عادية وتفي بالغرض في حين أن وجبة الإفطار كانت عادية ولم تكن مميزة أما الاستقبال فـ تعامل كان جافاً وغير احترافي,الموقع، الغرفة، الإفطار، الاستقبال,"[0, 0, 0, -1]","['الموقع', 'الغرفة', 'الإفطار', 'الاستقبال']"
Attractions,0.0,خلال عطلة نهاية الأسبوع ذهبنا إلى هناك، سعر التذاكر كان متوسطا ومقبولا بالإضافة إلى ذلك، الإدارة والتنظيم بمستوى مقبول وبالنسبة للفعاليات فالأنشطة الموجودة لا بأس بها للأطفال,التذاكر، التنظيم، الفعاليات,"[0, 0, 0]","['التذاكر', 'التنظيم', 'الفعاليات']"
Hotels,0.0,خلال عطلة نهاية الأسبوع ذهبنا إلى هناك، بالنسبة للإفطار فهو جيد نسبيا كأي فندق آخر. وبالنسبة للغرفة فهي بمستوى طبيعي ولا بأس بها,الإفطار، الغرفة,"[0, 0]","['الإفطار', 'الغرفة']"
Hotels,1.0,التجربة بشكل عام كانت متفاوتة، بالنسبة للغرفة فهي بمستوى طبيعي ولا بأس بها، كما أن الإفطار كان لذيذاً ومتنوعاً جداً,الغرفة، الإفطار,"[0, 1]","['الغرفة', 'الإفطار']"
Attractions,0.0,الأنشطة الموجودة لا بأس بها للأطفال في حين أن التذاكر ليست رخيصة ولا غالية بل في المعقول,الفعاليات، التذاكر,"[0, 0]","['الفعاليات', 'التذاكر']"
Restaurants,1.0,بصراحة، نظافة المطعم ممتازة جداً بالإضافة إلى ذلك، الأكل مقبول لكنني تذوقت أفضل منه,النظافة، الأكل,"[1, 0]","['النظافة', 'الأكل']"
Attractions,0.0,التجربة بشكل عام كانت متفاوتة، أسعار الدخول طبيعية مقارنة بالفعاليات. والوجهة كانت عادية ولم تبهرني كثيراً. لا بأس بالتنظيم بشكل عام,التذاكر، المكان، التنظيم,"[0, 0, 0]","['التذاكر', 'المكان', 'التنظيم']"
Hotels,-1.0,خلال عطلة نهاية الأسبوع ذهبنا إلى هناك، الغرفة ضيقة جداً ومكتومة بالإضافة إلى ذلك، إجراءات الدخول في الاستقبال كانت طبيعية ولم تستغرق وقتا طويلا أو قصيرا، كما أن الإفطار كان مقبولاً لكنه يفتقر للتنوع,الغرفة، الاستقبال، الإفطار,"[-1, 0, 0]","['الغرفة', 'الاستقبال', 'الإفطار']"
Attractions,0.0,خلال عطلة نهاية الأسبوع ذهبنا إلى هناك، المكان كئيب وممل جداً وبالنسبة للتنظيم فـ مرتبين جداً و احترافي,المكان، التنظيم,"[-1, 1]","['المكان', 'التنظيم']"
Hotels,0.0,موقع الفندق يعتبر متوسطا من حيث القرب للخدمات بالإضافة إلى ذلك، أعجبتني الغرفة بنظافتها الفائقة وتصميمها الرائع وبالنسبة للإفطار فـ وجبة كانت عادية ولم تكن مميزة. وطاقم الاستقبال كان عادياً في التعامل,الموقع، الغرفة، الإفطار، الاستقبال,"[0, 1, 0, 0]","['الموقع', 'الغرفة', 'الإفطار', 'الاستقبال']"
Attractions,0.0,خلال عطلة نهاية الأسبوع ذهبنا إلى هناك، التذاكر ليست رخيصة ولا غالية بل في المعقول وبالنسبة للمكان فالوجهة كانت عادية ولم تبهرني كثيراً,التذاكر، المكان,"[0, 0]","['التذاكر', 'المكان']"
Restaurants,0.0,بصراحة، الأسعار كانت متوسطة ومناسبة لجودة المكان في حين أن بالنسبة للأكل فهو بمستوى طبيعي أما الخدمة فـ في المطعم كانت روتينية وبالنسبة للنظافة فالطاولات كانت نظيفة بشكل معتاد,الأسعار، الأكل، الخدمة، النظافة,"[0, 0, 0, 0]","['الأسعار', 'الأكل', 'الخدمة', 'النظافة']"
Hotels,0.0,خلال عطلة نهاية الأسبوع ذهبنا إلى هناك، وجبة الإفطار كانت عادية ولم تكن مميزة، كما أن موظفو الاستقبال قاموا بعملهم بشكل روتيني، كما أن الموقع لا يتميز بشيء خاص ولكنه مناسب,الإفطار، الاستقبال، الموقع,"[0, 0, 0]","['الإفطار', 'الاستقبال', 'الموقع']"
Restaurants,-1.0,الأسعار كانت متوسطة ومناسبة لجودة المكان بالإضافة إلى ذلك، لم يعجبني الأكل إطلاقاً وكان دون المستوى بالإضافة إلى ذلك، تعامل الويترز كان عادياً,الأسعار، الأكل، الخدمة,"[0, -1, 0]","['الأسعار', 'الأكل', 'الخدمة']"
Hotels,0.0,بصراحة، إجراءات الدخول في الاستقبال كانت طبيعية ولم تستغرق وقتا طويلا أو قصيرا. وجبة الإفطار كانت عادية ولم تكن مميزة,الاستقبال، الإفطار,"[0, 0]","['الاستقبال', 'الإفطار']"
Restaurants,0.0,أسعار المنيو تعتبر طبيعية مقارنة بالمطاعم الأخرى. الأكل كان لذيذاً جداً وأنصح به بشدة في حين أن المكان متسخ والطاولات غير نظيفة، كما أن تعامل الويترز كان عادياً,الأسعار، الأكل، النظافة، الخدمة,"[0, 1, -1, 0]","['الأسعار', 'الأكل', 'النظافة', 'الخدمة']"
Hotels,1.0,قمت بتجربة هذا المكان وملاحظاتي هي: أثاث الغرفة يبدو عادياً ليس حديثاً ولا قديماً جداً وبالنسبة للاستقبال فـ موظفو في قمة الرقي والتعاون وبالنسبة للإفطار فـ كان لذيذاً ومتنوعاً جداً أما الموقع فـ موقع المكان عادي ويمكن الوصول إليه بسهولة,الغرفة، الاستقبال، الإفطار، الموقع,"[0, 1, 1, 0]","['الغرفة', 'الاستقبال', 'الإفطار', 'الموقع']"
Attractions,1.0,خلال عطلة نهاية الأسبوع ذهبنا إلى هناك، مساحة المكان وتصميمه مقبول ولا بأس به، كما أن سعر التذاكر كان متوسطا ومقبولا بالإضافة إلى ذلك، مرتبين جداً والتنظيم احترافي,المكان، التذاكر، التنظيم,"[0, 0, 1]","['المكان', 'التذاكر', 'التنظيم']"
Hotels,0.0,التجربة بشكل عام كانت متفاوتة، الاستقبال كان مقبولا بشكل عام أما الإفطار فـ بوفيه كان تقليدياً ويقدم أصنافاً معتادة، كما أن الموقع لا يتميز بشيء خاص ولكنه مناسب في حين أن مساحة الغرفة كانت متوسطة كما توقعنا,الاستقبال، الإفطار، الموقع، الغرفة,"[0, 0, 0, 0]","['الاستقبال', 'الإفطار', 'الموقع', 'الغرفة']"
Restaurants,0.0,بصراحة، السعر كان عاديا وليس مبالغا فيه. وطعم الأكل كان عادياً ولا يوجد فيه نكهة مميزة,الأسعار، الأكل,"[0, 0]","['الأسعار', 'الأكل']"
Restaurants,0.0,قرأت تقييمات كثيرة وقررت التجربة، تعامل الويترز كان عادياً أما الأكل فـ بالنسبة للأكل فهو بمستوى طبيعي وبالنسبة للنظافة فـ مستوى عادي ولا بأس به أما الأسعار فـ ممتازة ورخيصة مقارنة بالكمية,الخدمة، الأكل، النظافة، الأسعار,"[0, 0, 0, 1]","['الخدمة', 'الأكل', 'النظافة', 'الأسعار']"
Hotels,0.0,التجربة بشكل عام كانت متفاوتة، الموقع لا يتميز بشيء خاص ولكنه مناسب، كما أن وجبة الإفطار كانت عادية ولم تكن مميزة. أثاث الغرفة يبدو عادياً ليس حديثاً ولا قديماً جداً,الموقع، الإفطار، الغرفة,"[0, 0, 0]","['الموقع', 'الإفطار', 'الغرفة']"
Restaurants,0.0,بصراحة، بالنسبة للأكل فهو بمستوى طبيعي أما الأسعار فـ كانت متوسطة ومناسبة لجودة المكان أما الخدمة فـ تعامل الويترز كان عادياً,الأكل، الأسعار، الخدمة,"[0, 0, 0]","['الأكل', 'الأسعار', 'الخدمة']"
Hotels,0.0,قمت بتجربة هذا المكان وملاحظاتي هي: بالنسبة للغرفة فهي بمستوى طبيعي ولا بأس بها، كما أن الإفطار كان مقبولاً لكنه يفتقر للتنوع,الغرفة، الإفطار,"[0, 0]","['الغرفة', 'الإفطار']"
Hotels,0.0,بصراحة، أثاث الغرفة يبدو عادياً ليس حديثاً ولا قديماً جداً. وجبة الإفطار كانت عادية ولم تكن مميزة. موقع المكان عادي ويمكن الوصول إليه بسهولة,الغرفة، الإفطار، الموقع,"[0, 0, 0]","['الغرفة', 'الإفطار', 'الموقع']"
Restaurants,0.0,الطلبات كانت متوسطة المستوى ولا بأس بها في حين أن أسعار المنيو تعتبر طبيعية مقارنة بالمطاعم الأخرى,الأكل، الأسعار,"[0, 0]","['الأكل', 'الأسعار']"
Attractions,0.0,الفعاليات مقبولة وتمضية وقت ليس إلا، كما أن بشكل عام المكان طبيعي كأي حديقة أخرى بالإضافة إلى ذلك، ترتيب الدخول كان يسير بشكل طبيعي، كما أن قيمة التذكرة عادية,الفعاليات، المكان، التنظيم، التذاكر,"[0, 0, 0, 0]","['الفعاليات', 'المكان', 'التنظيم', 'التذاكر']"
Hotels,-1.0,قمت بتجربة هذا المكان وملاحظاتي هي: الاستقبال كان مقبولا بشكل عام، كما أن موقع الفندق سيء ويصعب الوصول إليه,الاستقبال، الموقع,"[0, -1]","['الاستقبال', 'الموقع']"
Attractions,0.0,خلال عطلة نهاية الأسبوع ذهبنا إلى هناك، مساحة المكان وتصميمه مقبول ولا بأس به بالإضافة إلى ذلك، التذاكر ليست رخيصة ولا غالية بل في المعقول في حين أن الإدارة والتنظيم بمستوى مقبول وبالنسبة للفعاليات فالعروض المقدمة كانت في المستوى الطبيعي,المكان، التذاكر، التنظيم، الفعاليات,"[0, 0, 0, 0]","['المكان', 'التذاكر', 'التنظيم', 'الفعاليات']"
Restaurants,0.0,في زيارتي الأخيرة، المكان يلمع من النظافة والاهتمام بالتفاصيل أما الخدمة فـ أسوأ خدمة جربتها في حياتي,النظافة، الخدمة,"[1, -1]","['النظافة', 'الخدمة']"
Attractions,0.0,لا أنصح بزيارة المكان فهو سيء للغاية، كما أن التذاكر ليست رخيصة ولا غالية بل في المعقول بالإضافة إلى ذلك، الفعاليات مقبولة وتمضية وقت ليس إلا وبالنسبة للتنظيم فـ رائع جداً وسلس للغاية,المكان، التذاكر، الفعاليات، التنظيم,"[-1, 0, 0, 1]","['المكان', 'التذاكر', 'الفعاليات', 'التنظيم']"
Attractions,0.0,قرأت تقييمات كثيرة وقررت التجربة، المكان يعتبر جيد لقضاء بعض الوقت أما الفعاليات فـ كانت تقليدية ومكررة، كما أن سعر التذاكر كان متوسطا ومقبولا أما التنظيم فـ فوضى عارمة وسوء تنظيم واضح,المكان، الفعاليات، التذاكر، التنظيم,"[0, 0, 0, -1]","['المكان', 'الفعاليات', 'التذاكر', 'التنظيم']"
Restaurants,1.0,خلال عطلة نهاية الأسبوع ذهبنا إلى هناك، نظافة المكان بشكل عام كانت مقبولة وبالنسبة للأكل فـ كان لذيذاً جداً وأنصح به بشدة. والأسعار كانت متوسطة ومناسبة لجودة المكان,النظافة، الأكل، الأسعار,"[0, 1, 0]","['النظافة', 'الأكل', 'الأسعار']"
Restaurants,0.0,قرأت تقييمات كثيرة وقررت التجربة، السعر كان عاديا وليس مبالغا فيه وبالنسبة للخدمة فـ في المطعم كانت روتينية أما النظافة فالطاولات كانت نظيفة بشكل معتاد,الأسعار، الخدمة، النظافة,"[0, 0, 0]","['الأسعار', 'الخدمة', 'النظافة']"
Attractions,-1.0,في زيارتي الأخيرة، ترتيب الدخول كان يسير بشكل طبيعي في حين أن لا أنصح بزيارة المكان فهو سيء للغاية,التنظيم، المكان,"[0, -1]","['التنظيم', 'المكان']"
Attractions,-1.0,بصراحة، التذكرة لا تستحق هذا السعر المرتفع إطلاقاً في حين أن مساحة المكان وتصميمه مقبول ولا بأس به,التذاكر، المكان,"[-1, 0]","['التذاكر', 'المكان']"
Attractions,0.0,بصراحة، الفعاليات كانت تقليدية ومكررة، كما أن المكان كئيب وممل جداً بالإضافة إلى ذلك، أسعار التذاكر رخيصة جداً ومناسبة للجميع وبالنسبة للتنظيم فالإدارة و بمستوى مقبول,الفعاليات، المكان، التذاكر، التنظيم,"[0, -1, 1, 0]","['الفعاليات', 'المكان', 'التذاكر', 'التنظيم']"
Hotels,0.0,بصراحة، الموقع لا يتميز بشيء خاص ولكنه مناسب أما الإفطار فـ بوفيه كان تقليدياً ويقدم أصنافاً معتادة أما الغرفة فـ كانت عادية وتفي بالغرض,الموقع، الإفطار، الغرفة,"[0, 0, 0]","['الموقع', 'الإفطار', 'الغرفة']"
Attractions,0.0,في زيارتي الأخيرة، عروض رائعة ومتنوعة تناسب كل الأعمار وبالنسبة للتنظيم فـ مرتبين جداً و احترافي. ولا أنصح بزيارة المكان فهو سيء للغاية وبالنسبة للتذاكر فـ أسعار الدخول طبيعية مقارنة بالفعاليات,الفعاليات، التنظيم، المكان، التذاكر,"[1, 1, -1, 0]","['الفعاليات', 'التنظيم', 'المكان', 'التذاكر']"
Hotels,-1.0,قمت بتجربة هذا المكان وملاحظاتي هي: مساحة الغرفة كانت متوسطة كما توقعنا. والموقع بعيد جداً ومقطوع عن الخدمات,الغرفة، الموقع,"[0, -1]","['الغرفة', 'الموقع']"
Hotels,0.0,موقع المكان عادي ويمكن الوصول إليه بسهولة وبالنسبة للاستقبال فـ كان مقبولا بشكل عام. وأثاث الغرفة يبدو عادياً ليس حديثاً ولا قديماً جداً في حين أن بوفيه الإفطار كان تقليدياً ويقدم أصنافاً معتادة,الموقع، الاستقبال، الغرفة، الإفطار,"[0, 0, 0, 0]","['الموقع', 'الاستقبال', 'الغرفة', 'الإفطار']"
Attractions,0.0,خلال عطلة نهاية الأسبوع ذهبنا إلى هناك، التذاكر ليست رخيصة ولا غالية بل في المعقول أما التنظيم فـ داخل المرفق كان عاديا,التذاكر، التنظيم,"[0, 0]","['التذاكر', 'التنظيم']"
Restaurants,0.0,في زيارتي الأخيرة، الأكل كان لذيذاً جداً وأنصح به بشدة. وأسوأ خدمة جربتها في حياتي في حين أن الأسعار كانت متوسطة ومناسبة لجودة المكان,الأكل، الخدمة، الأسعار,"[1, -1, 0]","['الأكل', 'الخدمة', 'الأسعار']"
Attractions,1.0,بصراحة، التذاكر ليست رخيصة ولا غالية بل في المعقول بالإضافة إلى ذلك، لا بأس بالتنظيم بشكل عام. ووجهة سياحية رائعة وتستحق الزيارة تكراراً,التذاكر، التنظيم، المكان,"[0, 0, 1]","['التذاكر', 'التنظيم', 'المكان']"
Hotels,0.0,قمت بتجربة هذا المكان وملاحظاتي هي: موقع المكان عادي ويمكن الوصول إليه بسهولة. وأثاث الغرفة يبدو عادياً ليس حديثاً ولا قديماً جداً أما الاستقبال فـ طاقم كان عادياً في التعامل,الموقع، الغرفة، الاستقبال,"[0, 0, 0]","['الموقع', 'الغرفة', 'الاستقبال']"
Hotels,0.0,خلال عطلة نهاية الأسبوع ذهبنا إلى هناك، بالنسبة للغرفة فهي بمستوى طبيعي ولا بأس بها. موقع المكان عادي ويمكن الوصول إليه بسهولة,الغرفة، الموقع,"[0, 0]","['الغرفة', 'الموقع']"
Restaurants,-1.0,في زيارتي الأخيرة، لم يعجبني الأكل إطلاقاً وكان دون المستوى في حين أن تعامل الويترز كان عادياً,الأكل، الخدمة,"[-1, 0]","['الأكل', 'الخدمة']"
Restaurants,-1.0,بصراحة، الخدمة بطيئة للغاية والعمال غير مهتمين، كما أن السعر كان عاديا وليس مبالغا فيه. والأكل مقبول لكنني تذوقت أفضل منه,الخدمة، الأسعار، الأكل,"[-1, 0, 0]","['الخدمة', 'الأسعار', 'الأكل']"
Attractions,0.0,ترتيب الدخول كان يسير بشكل طبيعي وبالنسبة للمكان فالوجهة كانت عادية ولم تبهرني كثيراً,التنظيم، المكان,"[0, 0]","['التنظيم', 'المكان']"
Hotels,-1.0,خلال عطلة نهاية الأسبوع ذهبنا إلى هناك، الغرفة ضيقة جداً ومكتومة. الموقع مقبول ولا بأس به مقارنة بالسعر,الغرفة، الموقع,"[-1, 0]","['الغرفة', 'الموقع']"
Attractions,0.0,قمت بتجربة هذا المكان وملاحظاتي هي: الأنشطة والفعاليات ممتعة جداً ومليئة بالحماس وبالنسبة للتنظيم فـ سيء جداً وهناك عشوائية في المكان,الفعاليات، التنظيم,"[1, -1]","['الفعاليات', 'التنظيم']"
Hotels,1.0,قرأت تقييمات كثيرة وقررت التجربة، أثاث الغرفة يبدو عادياً ليس حديثاً ولا قديماً جداً وبالنسبة للموقع فـ موقع الفندق يعتبر متوسطا من حيث القرب للخدمات في حين أن موظفو الاستقبال في قمة الرقي والتعاون,الغرفة، الموقع، الاستقبال,"[0, 0, 1]","['الغرفة', 'الموقع', 'الاستقبال']"
Attractions,1.0,خلال عطلة نهاية الأسبوع ذهبنا إلى هناك، لا بأس بالتنظيم بشكل عام وبالنسبة للتذاكر فـ قيمتها ممتازة وتشمل خيارات كثيرة بالإضافة إلى ذلك، الفعاليات مقبولة وتمضية وقت ليس إلا,التنظيم، التذاكر، الفعاليات,"[0, 1, 0]","['التنظيم', 'التذاكر', 'الفعاليات']"
Attractions,1.0,في زيارتي الأخيرة، المكان يعتبر جيد لقضاء بعض الوقت في حين أن الفعاليات مقبولة وتمضية وقت ليس إلا. ومرتبين جداً والتنظيم احترافي,المكان، الفعاليات، التنظيم,"[0, 0, 1]","['المكان', 'الفعاليات', 'التنظيم']"
Attractions,1.0,خلال عطلة نهاية الأسبوع ذهبنا إلى هناك، فوضى عارمة وسوء تنظيم واضح بالإضافة إلى ذلك، التذاكر قيمتها ممتازة وتشمل خيارات كثيرة. والأنشطة والفعاليات ممتعة جداً ومليئة بالحماس,التنظيم، التذاكر، الفعاليات,"[-1, 1, 1]","['التنظيم', 'التذاكر', 'الفعاليات']"
Hotels,0.0,الإفطار كان مقبولاً لكنه يفتقر للتنوع. والاستقبال كان مقبولا بشكل عام,الإفطار، الاستقبال,"[0, 0]","['الإفطار', 'الاستقبال']"
Attractions,1.0,قرأت تقييمات كثيرة وقررت التجربة، الفعاليات مقبولة وتمضية وقت ليس إلا في حين أن التنظيم داخل المرفق كان عاديا، كما أن وجهة سياحية رائعة وتستحق الزيارة تكراراً,الفعاليات، التنظيم، المكان,"[0, 0, 1]","['الفعاليات', 'التنظيم', 'المكان']"
Hotels,0.0,في زيارتي الأخيرة، موظفو الاستقبال قاموا بعملهم بشكل روتيني. بوفيه الإفطار كان تقليدياً ويقدم أصنافاً معتادة في حين أن بالنسبة للغرفة فهي بمستوى طبيعي ولا بأس بها. الموقع مقبول ولا بأس به مقارنة بالسعر,الاستقبال، الإفطار، الغرفة، الموقع,"[0, 0, 0, 0]","['الاستقبال', 'الإفطار', 'الغرفة', 'الموقع']"
Restaurants,-1.0,المطعم نظيف لحد معقول وبالنسبة للأسعار فـ مبالغ فيها وغالية جداً، كما أن تعامل الويترز كان عادياً,النظافة، الأسعار، الخدمة,"[0, -1, 0]","['النظافة', 'الأسعار', 'الخدمة']"
Attractions,0.0,قمت بتجربة هذا المكان وملاحظاتي هي: ترتيب الدخول كان يسير بشكل طبيعي وبالنسبة للفعاليات فالعروض المقدمة كانت في المستوى الطبيعي,التنظيم، الفعاليات,"[0, 0]","['التنظيم', 'الفعاليات']"
Restaurants,0.0,في زيارتي الأخيرة، المطعم نظيف لحد معقول، كما أن أسعار المنيو تعتبر طبيعية مقارنة بالمطاعم الأخرى، كما أن الخدمة ممتازة واهتمام كبير بالزبائن في حين أن بالنسبة للأكل فهو بمستوى طبيعي,النظافة، الأسعار، الخدمة، الأكل,"[0, 0, 1, 0]","['النظافة', 'الأسعار', 'الخدمة', 'الأكل']"
Restaurants,0.0,التجربة بشكل عام كانت متفاوتة، سرعة الخدمة كانت في المعدل الطبيعي والمقبول أما الأسعار فـ أسعار المنيو تعتبر طبيعية مقارنة بالمطاعم الأخرى في حين أن نظافة المكان بشكل عام كانت مقبولة,الخدمة، الأسعار، النظافة,"[0, 0, 0]","['الخدمة', 'الأسعار', 'النظافة']"
Attractions,0.0,في زيارتي الأخيرة، العروض المقدمة كانت في المستوى الطبيعي أما التذاكر فـ أسعار غالية جداً ومبالغ فيها. ومساحة المكان وتصميمه مقبول ولا بأس به أما التنظيم فـ داخل المرفق كان عاديا,الفعاليات، التذاكر، المكان، التنظيم,"[0, -1, 0, 0]","['الفعاليات', 'التذاكر', 'المكان', 'التنظيم']"
Attractions,-1.0,خلال عطلة نهاية الأسبوع ذهبنا إلى هناك، أسعار التذاكر غالية جداً ومبالغ فيها، كما أن الأنشطة الموجودة لا بأس بها للأطفال,التذاكر، الفعاليات,"[-1, 0]","['التذاكر', 'الفعاليات']"
Attractions,1.0,قرأت تقييمات كثيرة وقررت التجربة، الأنشطة والفعاليات ممتعة جداً ومليئة بالحماس أما التنظيم فـ ترتيب الدخول كان يسير بشكل طبيعي في حين أن المكان ساحر وجميل جداً للتصوير,الفعاليات، التنظيم، المكان,"[1, 0, 1]","['الفعاليات', 'التنظيم', 'المكان']"
Hotels,1.0,قرأت تقييمات كثيرة وقررت التجربة، موظفو الاستقبال قاموا بعملهم بشكل روتيني، كما أن الغرفة واسعة ومريحة بشكل استثنائي,الاستقبال، الغرفة,"[0, 1]","['الاستقبال', 'الغرفة']"
Attractions,0.0,في زيارتي الأخيرة، أسعار التذاكر رخيصة جداً ومناسبة للجميع في حين أن التنظيم سيء جداً وهناك عشوائية في المكان,التذاكر، التنظيم,"[1, -1]","['التذاكر', 'التنظيم']"
Restaurants,0.0,التجربة بشكل عام كانت متفاوتة، طعم الأكل كان عادياً ولا يوجد فيه نكهة مميزة. نظافة المكان بشكل عام كانت مقبولة في حين أن السعر كان عاديا وليس مبالغا فيه. والخدمة بطيئة للغاية والعمال غير مهتمين,الأكل، النظافة، الأسعار، الخدمة,"[0, 0, 0, -1]","['الأكل', 'النظافة', 'الأسعار', 'الخدمة']"
Hotels,0.0,بصراحة، أعجبتني الغرفة بنظافتها الفائقة وتصميمها الرائع بالإضافة إلى ذلك، واجهنا بطء شديد ومماطلة من موظفي الاستقبال,الغرفة، الاستقبال,"[1, -1]","['الغرفة', 'الاستقبال']"
Attractions,0.0,قرأت تقييمات كثيرة وقررت التجربة، العروض المقدمة كانت في المستوى الطبيعي وبالنسبة للمكان فالوجهة كانت عادية ولم تبهرني كثيراً بالإضافة إلى ذلك، التذاكر ليست رخيصة ولا غالية بل في المعقول,الفعاليات، المكان، التذاكر,"[0, 0, 0]","['الفعاليات', 'المكان', 'التذاكر']"
Restaurants,0.0,قمت بتجربة هذا المكان وملاحظاتي هي: سرعة الخدمة كانت في المعدل الطبيعي والمقبول. السعر كان عاديا وليس مبالغا فيه في حين أن بالنسبة للأكل فهو بمستوى طبيعي,الخدمة، الأسعار، الأكل,"[0, 0, 0]","['الخدمة', 'الأسعار', 'الأكل']"
Hotels,0.0,في زيارتي الأخيرة، الموقع لا يتميز بشيء خاص ولكنه مناسب في حين أن موظفو الاستقبال قاموا بعملهم بشكل روتيني,الموقع، الاستقبال,"[0, 0]","['الموقع', 'الاستقبال']"
Attractions,0.0,التجربة بشكل عام كانت متفاوتة، لا بأس بالتنظيم بشكل عام. والعروض المقدمة كانت في المستوى الطبيعي. ومساحة المكان وتصميمه مقبول ولا بأس به,التنظيم، الفعاليات، المكان,"[0, 0, 0]","['التنظيم', 'الفعاليات', 'المكان']"
Hotels,0.0,خلال عطلة نهاية الأسبوع ذهبنا إلى هناك، واجهنا بطء شديد ومماطلة من موظفي الاستقبال في حين أن بوفيه الإفطار مذهل ويحتوي على خيارات رائعة وبالنسبة للموقع فـ موقع الفندق ممتاز جداً وإطلالته خرافية، كما أن أثاث الغرفة يبدو عادياً ليس حديثاً ولا قديماً جداً,الاستقبال، الإفطار، الموقع، الغرفة,"[-1, 1, 1, 0]","['الاستقبال', 'الإفطار', 'الموقع', 'الغرفة']"
Restaurants,1.0,قمت بتجربة هذا المكان وملاحظاتي هي: أسعار المنيو تعتبر طبيعية مقارنة بالمطاعم الأخرى. والخدمة ممتازة واهتمام كبير بالزبائن في حين أن الطلبات كانت متوسطة المستوى ولا بأس بها في حين أن المكان يلمع من النظافة والاهتمام بالتفاصيل,الأسعار، الخدمة، الأكل، النظافة,"[0, 1, 0, 1]","['الأسعار', 'الخدمة', 'الأكل', 'النظافة']"
Attractions,0.0,قرأت تقييمات كثيرة وقررت التجربة، أسعار التذاكر غالية جداً ومبالغ فيها. وبشكل عام المكان طبيعي كأي حديقة أخرى. الأنشطة الموجودة لا بأس بها للأطفال أما التنظيم فـ داخل المرفق كان عاديا,التذاكر، المكان، الفعاليات، التنظيم,"[-1, 0, 0, 0]","['التذاكر', 'المكان', 'الفعاليات', 'التنظيم']"
Restaurants,-1.0,التجربة بشكل عام كانت متفاوتة، الأسعار مبالغ فيها وغالية جداً. نظافة المكان بشكل عام كانت مقبولة بالإضافة إلى ذلك، الأكل مقبول لكنني تذوقت أفضل منه. والخدمة بطيئة للغاية والعمال غير مهتمين,الأسعار، النظافة، الأكل، الخدمة,"[-1, 0, 0, -1]","['الأسعار', 'النظافة', 'الأكل', 'الخدمة']"
Restaurants,-1.0,في زيارتي الأخيرة، أسعار المنيو تعتبر طبيعية مقارنة بالمطاعم الأخرى. والنظافة معدومة في هذا المطعم,الأسعار، النظافة,"[0, -1]","['الأسعار', 'النظافة']"
Attractions,1.0,في زيارتي الأخيرة، الفعاليات مقبولة وتمضية وقت ليس إلا. ووجهة سياحية رائعة وتستحق الزيارة تكراراً. لا بأس بالتنظيم بشكل عام,الفعاليات، المكان، التنظيم,"[0, 1, 0]","['الفعاليات', 'المكان', 'التنظيم']"
Restaurants,0.0,قرأت تقييمات كثيرة وقررت التجربة، الأسعار كانت متوسطة ومناسبة لجودة المكان، كما أن نظافة المكان بشكل عام كانت مقبولة، كما أن سرعة الخدمة كانت في المعدل الطبيعي والمقبول وبالنسبة للأكل فـ مقبول لكنني تذوقت أفضل منه,الأسعار، النظافة، الخدمة، الأكل,"[0, 0, 0, 0]","['الأسعار', 'النظافة', 'الخدمة', 'الأكل']"
Attractions,0.0,الفعاليات كانت تقليدية ومكررة. وأسعار الدخول طبيعية مقارنة بالفعاليات,الفعاليات، التذاكر,"[0, 0]","['الفعاليات', 'التذاكر']"
Hotels,1.0,الإفطار كان لذيذاً ومتنوعاً جداً. ومساحة الغرفة كانت متوسطة كما توقعنا,الإفطار، الغرفة,"[1, 0]","['الإفطار', 'الغرفة']"
Hotels,0.0,التجربة بشكل عام كانت متفاوتة، الإفطار كان مقبولاً لكنه يفتقر للتنوع. وموقع المكان عادي ويمكن الوصول إليه بسهولة,الإفطار، الموقع,"[0, 0]","['الإفطار', 'الموقع']"
Hotels,-1.0,قرأت تقييمات كثيرة وقررت التجربة، الإفطار سيء جداً والخيارات محدودة في حين أن واجهنا بطء شديد ومماطلة من موظفي الاستقبال بالإضافة إلى ذلك، بالنسبة للغرفة فهي بمستوى طبيعي ولا بأس بها,الإفطار، الاستقبال، الغرفة,"[-1, -1, 0]","['الإفطار', 'الاستقبال', 'الغرفة']"
Attractions,-1.0,قرأت تقييمات كثيرة وقررت التجربة، مساحة المكان وتصميمه مقبول ولا بأس به. وفوضى عارمة وسوء تنظيم واضح، كما أن الفعاليات مملة جداً ولا يوجد تجديد,المكان، التنظيم، الفعاليات,"[0, -1, -1]","['المكان', 'التنظيم', 'الفعاليات']"
Hotels,0.0,خلال عطلة نهاية الأسبوع ذهبنا إلى هناك، ترحيب حار جداً من طاقم الاستقبال. وجودة الطعام في الإفطار كانت ضعيفة جداً,الاستقبال، الإفطار,"[1, -1]","['الاستقبال', 'الإفطار']"
Restaurants,-1.0,خلال عطلة نهاية الأسبوع ذهبنا إلى هناك، الخدمة بطيئة للغاية والعمال غير مهتمين في حين أن بالنسبة للأسعار فهي مقبولة إلى حد ما,الخدمة، الأسعار,"[-1, 0]","['الخدمة', 'الأسعار']"
Attractions,0.0,خلال عطلة نهاية الأسبوع ذهبنا إلى هناك، أسعار التذاكر رخيصة جداً ومناسبة للجميع. والتنظيم سيء جداً وهناك عشوائية في المكان. ومساحة المكان وتصميمه مقبول ولا بأس به بالإضافة إلى ذلك، الأنشطة والفعاليات ممتعة جداً ومليئة بالحماس,التذاكر، التنظيم، المكان، الفعاليات,"[1, -1, 0, 1]","['التذاكر', 'التنظيم', 'المكان', 'الفعاليات']"
Hotels,-1.0,الإفطار كان مقبولاً لكنه يفتقر للتنوع. وواجهنا بطء شديد ومماطلة من موظفي الاستقبال,الإفطار، الاستقبال,"[0, -1]","['الإفطار', 'الاستقبال']"
Attractions,0.0,قرأت تقييمات كثيرة وقررت التجربة، ترتيب الدخول كان يسير بشكل طبيعي بالإضافة إلى ذلك، قيمة التذكرة عادية. والأنشطة الموجودة لا بأس بها للأطفال,التنظيم، التذاكر، الفعاليات,"[0, 0, 0]","['التنظيم', 'التذاكر', 'الفعاليات']"
Restaurants,0.0,التجربة بشكل عام كانت متفاوتة، الطلبات كانت متوسطة المستوى ولا بأس بها، كما أن السعر كان عاديا وليس مبالغا فيه,الأكل، الأسعار,"[0, 0]","['الأكل', 'الأسعار']"
Hotels,-1.0,التجربة بشكل عام كانت متفاوتة، إجراءات الدخول في الاستقبال كانت طبيعية ولم تستغرق وقتا طويلا أو قصيرا أما الموقع فـ بعيد جداً ومقطوع عن الخدمات,الاستقبال، الموقع,"[0, -1]","['الاستقبال', 'الموقع']"
Restaurants,0.0,التجربة بشكل عام كانت متفاوتة، الأكل كان لذيذاً جداً وأنصح به بشدة، كما أن نظافة المكان بشكل عام كانت مقبولة. وسرعة الخدمة كانت في المعدل الطبيعي والمقبول بالإضافة إلى ذلك، السعر كان عاديا وليس مبالغا فيه,الأكل، النظافة، الخدمة، الأسعار,"[1, 0, 0, 0]","['الأكل', 'النظافة', 'الخدمة', 'الأسعار']"
Hotels,0.0,في زيارتي الأخيرة، وجبة الإفطار كانت عادية ولم تكن مميزة، كما أن موقع المكان عادي ويمكن الوصول إليه بسهولة بالإضافة إلى ذلك، الاستقبال كان مقبولا بشكل عام,الإفطار، الموقع، الاستقبال,"[0, 0, 0]","['الإفطار', 'الموقع', 'الاستقبال']"
Restaurants,-1.0,خلال عطلة نهاية الأسبوع ذهبنا إلى هناك، بالنسبة للأكل فهو بمستوى طبيعي. والمطعم غالي بشكل مبالغ فيه ولا يستحق. ونظافة المكان بشكل عام كانت مقبولة,الأكل، الأسعار، النظافة,"[0, -1, 0]","['الأكل', 'الأسعار', 'النظافة']"
Restaurants,0.0,الأكل مقبول لكنني تذوقت أفضل منه بالإضافة إلى ذلك، سرعة الخدمة كانت في المعدل الطبيعي والمقبول,الأكل، الخدمة,"[0, 0]","['الأكل', 'الخدمة']"
Attractions,-1.0,لا توجد فعاليات تذكر والأنشطة سيئة في حين أن المكان كئيب وممل جداً في حين أن قيمة التذكرة عادية، كما أن الإدارة والتنظيم بمستوى مقبول,الفعاليات، المكان، التذاكر، التنظيم,"[-1, -1, 0, 0]","['الفعاليات', 'المكان', 'التذاكر', 'التنظيم']"
Attractions,0.0,الفعاليات مملة جداً ولا يوجد تجديد. ولا بأس بالتنظيم بشكل عام. وأسعار الدخول طبيعية مقارنة بالفعاليات. بشكل عام المكان طبيعي كأي حديقة أخرى,الفعاليات، التنظيم، التذاكر، المكان,"[-1, 0, 0, 0]","['الفعاليات', 'التنظيم', 'التذاكر', 'المكان']"
Hotels,0.0,بصراحة، موقع المكان عادي ويمكن الوصول إليه بسهولة أما الغرفة فـ أثاث يبدو عادياً ليس حديثاً ولا قديماً جداً وبالنسبة للاستقبال فـ طاقم كان عادياً في التعامل,الموقع، الغرفة، الاستقبال,"[0, 0, 0]","['الموقع', 'الغرفة', 'الاستقبال']"
Restaurants,0.0,خلال عطلة نهاية الأسبوع ذهبنا إلى هناك، مستوى النظافة عادي ولا بأس به أما الخدمة فـ تعامل الويترز كان عادياً,النظافة، الخدمة,"[0, 0]","['النظافة', 'الخدمة']"
Attractions,-1.0,قرأت تقييمات كثيرة وقررت التجربة، التنظيم سيء جداً وهناك عشوائية في المكان. الوجهة كانت عادية ولم تبهرني كثيراً,التنظيم، المكان,"[-1, 0]","['التنظيم', 'المكان']"
Attractions,1.0,قمت بتجربة هذا المكان وملاحظاتي هي: التنظيم داخل المرفق كان عاديا في حين أن عروض رائعة ومتنوعة تناسب كل الأعمار,التنظيم، الفعاليات,"[0, 1]","['التنظيم', 'الفعاليات']"
Hotels,0.0,خلال عطلة نهاية الأسبوع ذهبنا إلى هناك، بالنسبة للغرفة فهي بمستوى طبيعي ولا بأس بها. طاقم الاستقبال كان عادياً في التعامل بالإضافة إلى ذلك، بالنسبة للإفطار فهو جيد نسبيا كأي فندق آخر,الغرفة، الاستقبال، الإفطار,"[0, 0, 0]","['الغرفة', 'الاستقبال', 'الإفطار']"
Hotels,-1.0,قمت بتجربة هذا المكان وملاحظاتي هي: بالنسبة للغرفة فهي بمستوى طبيعي ولا بأس بها بالإضافة إلى ذلك، الإفطار سيء جداً والخيارات محدودة وبالنسبة للموقع فـ مقبول ولا بأس به مقارنة بالسعر,الغرفة، الإفطار، الموقع,"[0, -1, 0]","['الغرفة', 'الإفطار', 'الموقع']"
Attractions,1.0,خلال عطلة نهاية الأسبوع ذهبنا إلى هناك، الأنشطة والفعاليات ممتعة جداً ومليئة بالحماس، كما أن المكان يعتبر جيد لقضاء بعض الوقت أما التذاكر فـ ليست رخيصة ولا غالية بل في المعقول,الفعاليات، المكان، التذاكر,"[1, 0, 0]","['الفعاليات', 'المكان', 'التذاكر']"
Restaurants,0.0,في زيارتي الأخيرة، الطاولات كانت نظيفة بشكل معتاد. بالنسبة للأكل فهو بمستوى طبيعي. وسرعة الخدمة كانت في المعدل الطبيعي والمقبول,النظافة، الأكل، الخدمة,"[0, 0, 0]","['النظافة', 'الأكل', 'الخدمة']"
Hotels,0.0,قرأت تقييمات كثيرة وقررت التجربة، الغرفة كانت عادية وتفي بالغرض وبالنسبة للموقع فـ لا يتميز بشيء خاص ولكنه مناسب,الغرفة، الموقع,"[0, 0]","['الغرفة', 'الموقع']"
Restaurants,0.0,قيمة رائعة مقابل المال والأسعار جداً معقولة. والطلبات كانت متوسطة المستوى ولا بأس بها في حين أن مستوى النظافة عادي ولا بأس به، كما أن تعامل الويترز كان عادياً,الأسعار، الأكل، النظافة، الخدمة,"[1, 0, 0, 0]","['الأسعار', 'الأكل', 'النظافة', 'الخدمة']"
Hotels,-1.0,بصراحة، الاستقبال كان مقبولا بشكل عام. وبوفيه الإفطار كان تقليدياً ويقدم أصنافاً معتادة، كما أن الغرفة ضيقة جداً ومكتومة,الاستقبال، الإفطار، الغرفة,"[0, 0, -1]","['الاستقبال', 'الإفطار', 'الغرفة']"
Attractions,0.0,قرأت تقييمات كثيرة وقررت التجربة، سعر التذاكر كان متوسطا ومقبولا في حين أن ترتيب الدخول كان يسير بشكل طبيعي. الوجهة كانت عادية ولم تبهرني كثيراً,التذاكر، التنظيم، المكان,"[0, 0, 0]","['التذاكر', 'التنظيم', 'المكان']"
Restaurants,1.0,قمت بتجربة هذا المكان وملاحظاتي هي: المكان يلمع من النظافة والاهتمام بالتفاصيل أما الخدمة فـ ممتازة واهتمام كبير بالزبائن. الطلبات كانت متوسطة المستوى ولا بأس بها,النظافة، الخدمة، الأكل,"[1, 1, 0]","['النظافة', 'الخدمة', 'الأكل']"
Hotels,1.0,في زيارتي الأخيرة، الغرفة كانت عادية وتفي بالغرض أما الإفطار فـ كان لذيذاً ومتنوعاً جداً,الغرفة، الإفطار,"[0, 1]","['الغرفة', 'الإفطار']"
Restaurants,0.0,قرأت تقييمات كثيرة وقررت التجربة، المطعم نظيف لحد معقول بالإضافة إلى ذلك، سرعة الخدمة كانت في المعدل الطبيعي والمقبول,النظافة، الخدمة,"[0, 0]","['النظافة', 'الخدمة']"
Attractions,-1.0,خلال عطلة نهاية الأسبوع ذهبنا إلى هناك، المكان يعتبر جيد لقضاء بعض الوقت في حين أن التنظيم سيء جداً وهناك عشوائية في المكان وبالنسبة للتذاكر فـ ليست رخيصة ولا غالية بل في المعقول,المكان، التنظيم، التذاكر,"[0, -1, 0]","['المكان', 'التنظيم', 'التذاكر']"
Attractions,1.0,خلال عطلة نهاية الأسبوع ذهبنا إلى هناك، عروض رائعة ومتنوعة تناسب كل الأعمار أما المكان فـ وجهة سياحية رائعة وتستحق الزيارة تكراراً أما التنظيم فـ لا بأس ب بشكل عام. أسعار الدخول طبيعية مقارنة بالفعاليات,الفعاليات، المكان، التنظيم، التذاكر,"[1, 1, 0, 0]","['الفعاليات', 'المكان', 'التنظيم', 'التذاكر']"
Hotels,0.0,التجربة بشكل عام كانت متفاوتة، موقع المكان عادي ويمكن الوصول إليه بسهولة بالإضافة إلى ذلك، أثاث الغرفة يبدو عادياً ليس حديثاً ولا قديماً جداً,الموقع، الغرفة,"[0, 0]","['الموقع', 'الغرفة']"
Hotels,0.0,في زيارتي الأخيرة، الغرفة كانت عادية وتفي بالغرض. موقع المكان عادي ويمكن الوصول إليه بسهولة أما الاستقبال فـ إجراءات الدخول في كانت طبيعية ولم تستغرق وقتا طويلا أو قصيرا، كما أن بوفيه الإفطار مذهل ويحتوي على خيارات رائعة,الغرفة، الموقع، الاستقبال، الإفطار,"[0, 0, 0, 1]","['الغرفة', 'الموقع', 'الاستقبال', 'الإفطار']"
Hotels,0.0,في زيارتي الأخيرة، الموقع مقبول ولا بأس به مقارنة بالسعر وبالنسبة للإفطار فـ بوفيه مذهل ويحتوي على خيارات رائعة في حين أن مساحة الغرفة كانت متوسطة كما توقعنا. إجراءات الدخول في الاستقبال كانت طبيعية ولم تستغرق وقتا طويلا أو قصيرا,الموقع، الإفطار، الغرفة، الاستقبال,"[0, 1, 0, 0]","['الموقع', 'الإفطار', 'الغرفة', 'الاستقبال']"
Attractions,0.0,بصراحة، العروض المقدمة كانت في المستوى الطبيعي، كما أن قيمة التذكرة عادية بالإضافة إلى ذلك، الوجهة كانت عادية ولم تبهرني كثيراً,الفعاليات، التذاكر، المكان,"[0, 0, 0]","['الفعاليات', 'التذاكر', 'المكان']"
Restaurants,-1.0,أسوأ خدمة جربتها في حياتي وبالنسبة للنظافة فالمطعم نظيف لحد معقول,الخدمة، النظافة,"[-1, 0]","['الخدمة', 'النظافة']"
Hotels,-1.0,في زيارتي الأخيرة، الموقع بعيد جداً ومقطوع عن الخدمات. وطاقم الاستقبال كان عادياً في التعامل وبالنسبة للغرفة فـ ضيقة جداً ومكتومة,الموقع، الاستقبال، الغرفة,"[-1, 0, -1]","['الموقع', 'الاستقبال', 'الغرفة']"
Restaurants,-1.0,بصراحة، المطعم غالي بشكل مبالغ فيه ولا يستحق، كما أن مستوى الخدمة لا بأس به في حين أن المكان متسخ والطاولات غير نظيفة بالإضافة إلى ذلك، بالنسبة للأكل فهو بمستوى طبيعي,الأسعار، الخدمة، النظافة، الأكل,"[-1, 0, -1, 0]","['الأسعار', 'الخدمة', 'النظافة', 'الأكل']"
Restaurants,-1.0,قرأت تقييمات كثيرة وقررت التجربة، الطاولات كانت نظيفة بشكل معتاد. ومستوى الخدمة لا بأس به. ولم يعجبني الأكل إطلاقاً وكان دون المستوى,النظافة، الخدمة، الأكل,"[0, 0, -1]","['النظافة', 'الخدمة', 'الأكل']"
Restaurants,0.0,الأسعار كانت متوسطة ومناسبة لجودة المكان في حين أن لم يعجبني الأكل إطلاقاً وكان دون المستوى وبالنسبة للنظافة فالمطعم نظيف لحد معقول في حين أن الخدمة ممتازة واهتمام كبير بالزبائن,الأسعار، الأكل، النظافة، الخدمة,"[0, -1, 0, 1]","['الأسعار', 'الأكل', 'النظافة', 'الخدمة']"
Restaurants,0.0,قرأت تقييمات كثيرة وقررت التجربة، طعم الأكل كان عادياً ولا يوجد فيه نكهة مميزة. المكان متسخ والطاولات غير نظيفة. سرعة الخدمة كانت في المعدل الطبيعي والمقبول. السعر كان عاديا وليس مبالغا فيه,الأكل، النظافة، الخدمة، الأسعار,"[0, -1, 0, 0]","['الأكل', 'النظافة', 'الخدمة', 'الأسعار']"
Restaurants,-1.0,قمت بتجربة هذا المكان وملاحظاتي هي: النظافة معدومة في هذا المطعم بالإضافة إلى ذلك، سرعة الخدمة كانت في المعدل الطبيعي والمقبول,النظافة، الخدمة,"[-1, 0]","['النظافة', 'الخدمة']"
Attractions,0.0,أسعار الدخول طبيعية مقارنة بالفعاليات، كما أن لا بأس بالتنظيم بشكل عام,التذاكر، التنظيم,"[0, 0]","['التذاكر', 'التنظيم']"
Attractions,0.0,خلال عطلة نهاية الأسبوع ذهبنا إلى هناك، مساحة المكان وتصميمه مقبول ولا بأس به. الأنشطة الموجودة لا بأس بها للأطفال,المكان، الفعاليات,"[0, 0]","['المكان', 'الفعاليات']"
Hotels,0.0,التجربة بشكل عام كانت متفاوتة، الاستقبال كان مقبولا بشكل عام بالإضافة إلى ذلك، موقع المكان عادي ويمكن الوصول إليه بسهولة,الاستقبال، الموقع,"[0, 0]","['الاستقبال', 'الموقع']"
Hotels,1.0,قمت بتجربة هذا المكان وملاحظاتي هي: الموقع مقبول ولا بأس به مقارنة بالسعر، كما أن ترحيب حار جداً من طاقم الاستقبال,الموقع، الاستقبال,"[0, 1]","['الموقع', 'الاستقبال']"
Attractions,0.0,العروض المقدمة كانت في المستوى الطبيعي في حين أن المكان يعتبر جيد لقضاء بعض الوقت أما التنظيم فـ ترتيب الدخول كان يسير بشكل طبيعي,الفعاليات، المكان، التنظيم,"[0, 0, 0]","['الفعاليات', 'المكان', 'التنظيم']"
Attractions,0.0,خلال عطلة نهاية الأسبوع ذهبنا إلى هناك، الأنشطة الموجودة لا بأس بها للأطفال في حين أن التذاكر قيمتها ممتازة وتشمل خيارات كثيرة بالإضافة إلى ذلك، التنظيم داخل المرفق كان عاديا، كما أن المكان كئيب وممل جداً,الفعاليات، التذاكر، التنظيم، المكان,"[0, 1, 0, -1]","['الفعاليات', 'التذاكر', 'التنظيم', 'المكان']"
Attractions,0.0,التجربة بشكل عام كانت متفاوتة، سعر التذاكر كان متوسطا ومقبولا، كما أن التنظيم داخل المرفق كان عاديا وبالنسبة للفعاليات فـ مملة جداً ولا يوجد تجديد وبالنسبة للمكان فالوجهة كانت عادية ولم تبهرني كثيراً,التذاكر، التنظيم، الفعاليات، المكان,"[0, 0, -1, 0]","['التذاكر', 'التنظيم', 'الفعاليات', 'المكان']"
Restaurants,-1.0,خلال عطلة نهاية الأسبوع ذهبنا إلى هناك، الأكل كان بارداً وطعمه سيء جداً، كما أن أسوأ خدمة جربتها في حياتي في حين أن نظافة المكان بشكل عام كانت مقبولة,الأكل، الخدمة، النظافة,"[-1, -1, 0]","['الأكل', 'الخدمة', 'النظافة']"
Attractions,1.0,قمت بتجربة هذا المكان وملاحظاتي هي: التذاكر قيمتها ممتازة وتشمل خيارات كثيرة وبالنسبة للتنظيم فالإدارة و بمستوى مقبول أما الفعاليات فالعروض المقدمة كانت في المستوى الطبيعي بالإضافة إلى ذلك، المكان ساحر وجميل جداً للتصوير,التذاكر، التنظيم، الفعاليات، المكان,"[1, 0, 0, 1]","['التذاكر', 'التنظيم', 'الفعاليات', 'المكان']"
Hotels,0.0,قمت بتجربة هذا المكان وملاحظاتي هي: الاستقبال كان مقبولا بشكل عام وبالنسبة للإفطار فـ كان مقبولاً لكنه يفتقر للتنوع أما الموقع فـ بعيد جداً ومقطوع عن الخدمات. الغرفة واسعة ومريحة بشكل استثنائي,الاستقبال، الإفطار، الموقع، الغرفة,"[0, 0, -1, 1]","['الاستقبال', 'الإفطار', 'الموقع', 'الغرفة']"
Hotels,1.0,بصراحة، بوفيه الإفطار مذهل ويحتوي على خيارات رائعة بالإضافة إلى ذلك، موظفو الاستقبال في قمة الرقي والتعاون,الإفطار، الاستقبال,"[1, 1]","['الإفطار', 'الاستقبال']"
Hotels,1.0,الإفطار كان لذيذاً ومتنوعاً جداً. موظفو الاستقبال قاموا بعملهم بشكل روتيني,الإفطار، الاستقبال,"[1, 0]","['الإفطار', 'الاستقبال']"
Attractions,-1.0,بصراحة، المكان كئيب وممل جداً. وترتيب الدخول كان يسير بشكل طبيعي,المكان، التنظيم,"[-1, 0]","['المكان', 'التنظيم']"
Attractions,1.0,في زيارتي الأخيرة، بشكل عام المكان طبيعي كأي حديقة أخرى. وأسعار التذاكر رخيصة جداً ومناسبة للجميع,المكان، التذاكر,"[0, 1]","['المكان', 'التذاكر']"
Hotels,-1.0,قرأت تقييمات كثيرة وقررت التجربة، بالنسبة للإفطار فهو جيد نسبيا كأي فندق آخر، كما أن موقع الفندق سيء ويصعب الوصول إليه وبالنسبة للغرفة فـ كانت عادية وتفي بالغرض,الإفطار، الموقع، الغرفة,"[0, -1, 0]","['الإفطار', 'الموقع', 'الغرفة']"
Restaurants,0.0,خلال عطلة نهاية الأسبوع ذهبنا إلى هناك، مستوى الخدمة لا بأس به في حين أن الأكل مقبول لكنني تذوقت أفضل منه في حين أن بالنسبة للأسعار فهي مقبولة إلى حد ما في حين أن المكان متسخ والطاولات غير نظيفة,الخدمة، الأكل، الأسعار، النظافة,"[0, 0, 0, -1]","['الخدمة', 'الأكل', 'الأسعار', 'النظافة']"
Restaurants,0.0,الخدمة ممتازة واهتمام كبير بالزبائن أما النظافة فـ مستوى عادي ولا بأس به. الأكل كان بارداً وطعمه سيء جداً أما الأسعار فـ بالنسبة للأسعار فهي مقبولة إلى حد ما,الخدمة، النظافة، الأكل، الأسعار,"[1, 0, -1, 0]","['الخدمة', 'النظافة', 'الأكل', 'الأسعار']"
Attractions,0.0,في زيارتي الأخيرة، المكان يعتبر جيد لقضاء بعض الوقت بالإضافة إلى ذلك، الفعاليات مقبولة وتمضية وقت ليس إلا,المكان، الفعاليات,"[0, 0]","['المكان', 'الفعاليات']"
Hotels,0.0,ترحيب حار جداً من طاقم الاستقبال. أثاث الغرفة يبدو عادياً ليس حديثاً ولا قديماً جداً أما الإفطار فـ جودة الطعام في كانت ضعيفة جداً. موقع الفندق سيء ويصعب الوصول إليه,الاستقبال، الغرفة، الإفطار، الموقع,"[1, 0, -1, -1]","['الاستقبال', 'الغرفة', 'الإفطار', 'الموقع']"
Hotels,0.0,في زيارتي الأخيرة، بالنسبة للغرفة فهي بمستوى طبيعي ولا بأس بها في حين أن موظفو الاستقبال قاموا بعملهم بشكل روتيني,الغرفة، الاستقبال,"[0, 0]","['الغرفة', 'الاستقبال']"
Hotels,-1.0,التجربة بشكل عام كانت متفاوتة، مساحة الغرفة كانت متوسطة كما توقعنا، كما أن الموقع بعيد جداً ومقطوع عن الخدمات بالإضافة إلى ذلك، تعامل الاستقبال كان جافاً وغير احترافي,الغرفة، الموقع، الاستقبال,"[0, -1, -1]","['الغرفة', 'الموقع', 'الاستقبال']"
Attractions,1.0,بصراحة، المكان ساحر وجميل جداً للتصوير، كما أن الأنشطة الموجودة لا بأس بها للأطفال بالإضافة إلى ذلك، أسعار التذاكر رخيصة جداً ومناسبة للجميع أما التنظيم فـ مرتبين جداً و احترافي,المكان، الفعاليات، التذاكر، التنظيم,"[1, 0, 1, 1]","['المكان', 'الفعاليات', 'التذاكر', 'التنظيم']"
Attractions,0.0,في زيارتي الأخيرة، مساحة المكان وتصميمه مقبول ولا بأس به، كما أن التنظيم داخل المرفق كان عاديا,المكان، التنظيم,"[0, 0]","['المكان', 'التنظيم']"
Attractions,0.0,في زيارتي الأخيرة، ترتيب الدخول كان يسير بشكل طبيعي أما الفعاليات فـ مقبولة وتمضية وقت ليس إلا. والمكان يعتبر جيد لقضاء بعض الوقت في حين أن التذاكر ليست رخيصة ولا غالية بل في المعقول,التنظيم، الفعاليات، المكان، التذاكر,"[0, 0, 0, 0]","['التنظيم', 'الفعاليات', 'المكان', 'التذاكر']"
Hotels,-1.0,في زيارتي الأخيرة، الغرفة ضيقة جداً ومكتومة أما الموقع فـ موقع الفندق سيء ويصعب الوصول إليه,الغرفة، الموقع,"[-1, -1]","['الغرفة', 'الموقع']"
Hotels,-1.0,في زيارتي الأخيرة، وجبة الإفطار كانت عادية ولم تكن مميزة أما الغرفة فـ ضيقة جداً ومكتومة,الإفطار، الغرفة,"[0, -1]","['الإفطار', 'الغرفة']"
Restaurants,0.0,قرأت تقييمات كثيرة وقررت التجربة، الخدمة في المطعم كانت روتينية. وأسعار المنيو تعتبر طبيعية مقارنة بالمطاعم الأخرى,الخدمة، الأسعار,"[0, 0]","['الخدمة', 'الأسعار']"
Hotels,-1.0,التجربة بشكل عام كانت متفاوتة، جودة الطعام في الإفطار كانت ضعيفة جداً أما الاستقبال فـ كان مقبولا بشكل عام وبالنسبة للغرفة فـ مساحة كانت متوسطة كما توقعنا,الإفطار، الاستقبال، الغرفة,"[-1, 0, 0]","['الإفطار', 'الاستقبال', 'الغرفة']"
Hotels,-1.0,قمت بتجربة هذا المكان وملاحظاتي هي: موقع الفندق سيء ويصعب الوصول إليه. بوفيه الإفطار كان تقليدياً ويقدم أصنافاً معتادة في حين أن للأسف الغرفة كانت سيئة وغير نظيفة على الإطلاق. تعامل الاستقبال كان جافاً وغير احترافي,الموقع، الإفطار، الغرفة، الاستقبال,"[-1, 0, -1, -1]","['الموقع', 'الإفطار', 'الغرفة', 'الاستقبال']"
Restaurants,0.0,في زيارتي الأخيرة، الأسعار كانت متوسطة ومناسبة لجودة المكان أما الخدمة فـ سرعة كانت في المعدل الطبيعي والمقبول في حين أن الأكل كان لذيذاً جداً وأنصح به بشدة. ومستوى النظافة عادي ولا بأس به,الأسعار، الخدمة، الأكل، النظافة,"[0, 0, 1, 0]","['الأسعار', 'الخدمة', 'الأكل', 'النظافة']"
Hotels,1.0,بصراحة، أعجبتني الغرفة بنظافتها الفائقة وتصميمها الرائع أما الموقع فـ موقع المكان عادي ويمكن الوصول إليه بسهولة,الغرفة، الموقع,"[1, 0]","['الغرفة', 'الموقع']"
Hotels,0.0,خلال عطلة نهاية الأسبوع ذهبنا إلى هناك، بالنسبة للغرفة فهي بمستوى طبيعي ولا بأس بها. بالنسبة للإفطار فهو جيد نسبيا كأي فندق آخر بالإضافة إلى ذلك، الموقع لا يتميز بشيء خاص ولكنه مناسب,الغرفة، الإفطار، الموقع,"[0, 0, 0]","['الغرفة', 'الإفطار', 'الموقع']"
Restaurants,0.0,خلال عطلة نهاية الأسبوع ذهبنا إلى هناك، الأكل مقبول لكنني تذوقت أفضل منه. ونظافة المكان بشكل عام كانت مقبولة وبالنسبة للخدمة فـ تعامل الويترز كان عادياً في حين أن الأسعار كانت متوسطة ومناسبة لجودة المكان,الأكل، النظافة، الخدمة، الأسعار,"[0, 0, 0, 0]","['الأكل', 'النظافة', 'الخدمة', 'الأسعار']"
Attractions,0.0,في زيارتي الأخيرة، الأنشطة الموجودة لا بأس بها للأطفال. التنظيم رائع جداً وسلس للغاية في حين أن لا أنصح بزيارة المكان فهو سيء للغاية,الفعاليات، التنظيم، المكان,"[0, 1, -1]","['الفعاليات', 'التنظيم', 'المكان']"
Restaurants,0.0,التجربة بشكل عام كانت متفاوتة، الخدمة في المطعم كانت روتينية. وأسعار المنيو تعتبر طبيعية مقارنة بالمطاعم الأخرى,الخدمة، الأسعار,"[0, 0]","['الخدمة', 'الأسعار']"
Hotels,1.0,في زيارتي الأخيرة، الإفطار كان لذيذاً ومتنوعاً جداً أما الغرفة فـ أثاث يبدو عادياً ليس حديثاً ولا قديماً جداً أما الاستقبال فـ موظفو في قمة الرقي والتعاون,الإفطار، الغرفة، الاستقبال,"[1, 0, 1]","['الإفطار', 'الغرفة', 'الاستقبال']"
Hotels,0.0,قمت بتجربة هذا المكان وملاحظاتي هي: الاستقبال كان مقبولا بشكل عام وبالنسبة للغرفة فـ بالنسبة للغرفة فهي بمستوى طبيعي ولا بأس بها في حين أن موقع المكان عادي ويمكن الوصول إليه بسهولة أما الإفطار فـ بوفيه كان تقليدياً ويقدم أصنافاً معتادة,الاستقبال، الغرفة، الموقع، الإفطار,"[0, 0, 0, 0]","['الاستقبال', 'الغرفة', 'الموقع', 'الإفطار']"
Restaurants,1.0,قرأت تقييمات كثيرة وقررت التجربة، الخدمة ممتازة واهتمام كبير بالزبائن. والأسعار كانت متوسطة ومناسبة لجودة المكان. ونظافة المكان بشكل عام كانت مقبولة,الخدمة، الأسعار، النظافة,"[1, 0, 0]","['الخدمة', 'الأسعار', 'النظافة']"
Hotels,0.0,قمت بتجربة هذا المكان وملاحظاتي هي: موقع الفندق يعتبر متوسطا من حيث القرب للخدمات. بالنسبة للإفطار فهو جيد نسبيا كأي فندق آخر وبالنسبة للغرفة فـ أثاث يبدو عادياً ليس حديثاً ولا قديماً جداً,الموقع، الإفطار، الغرفة,"[0, 0, 0]","['الموقع', 'الإفطار', 'الغرفة']"
Attractions,0.0,في زيارتي الأخيرة، عروض رائعة ومتنوعة تناسب كل الأعمار، كما أن التنظيم داخل المرفق كان عاديا. التذكرة لا تستحق هذا السعر المرتفع إطلاقاً,الفعاليات، التنظيم، التذاكر,"[1, 0, -1]","['الفعاليات', 'التنظيم', 'التذاكر']"
Hotels,-1.0,بصراحة، للأسف الغرفة كانت سيئة وغير نظيفة على الإطلاق بالإضافة إلى ذلك، وجبة الإفطار كانت عادية ولم تكن مميزة وبالنسبة للموقع فـ موقع الفندق يعتبر متوسطا من حيث القرب للخدمات,الغرفة، الإفطار، الموقع,"[-1, 0, 0]","['الغرفة', 'الإفطار', 'الموقع']"
Restaurants,0.0,خلال عطلة نهاية الأسبوع ذهبنا إلى هناك، النظافة معدومة في هذا المطعم أما الخدمة فـ في المطعم كانت روتينية وبالنسبة للأسعار فـ ممتازة ورخيصة مقارنة بالكمية,النظافة، الخدمة، الأسعار,"[-1, 0, 1]","['النظافة', 'الخدمة', 'الأسعار']"
Attractions,1.0,مرتبين جداً والتنظيم احترافي. وعروض رائعة ومتنوعة تناسب كل الأعمار,التنظيم، الفعاليات,"[1, 1]","['التنظيم', 'الفعاليات']"
Restaurants,-1.0,لم يعجبني الأكل إطلاقاً وكان دون المستوى في حين أن تعامل الويترز كان عادياً وبالنسبة للأسعار فالمطعم غالي بشكل مبالغ فيه ولا يستحق,الأكل، الخدمة، الأسعار,"[-1, 0, -1]","['الأكل', 'الخدمة', 'الأسعار']"
Attractions,0.0,بصراحة، لا بأس بالتنظيم بشكل عام. والعروض المقدمة كانت في المستوى الطبيعي. قيمة التذكرة عادية. المكان ساحر وجميل جداً للتصوير,التنظيم، الفعاليات، التذاكر، المكان,"[0, 0, 0, 1]","['التنظيم', 'الفعاليات', 'التذاكر', 'المكان']"
Restaurants,1.0,في زيارتي الأخيرة، الأكل كان لذيذاً جداً وأنصح به بشدة بالإضافة إلى ذلك، أسعار المنيو تعتبر طبيعية مقارنة بالمطاعم الأخرى في حين أن المكان يلمع من النظافة والاهتمام بالتفاصيل,الأكل، الأسعار، النظافة,"[1, 0, 1]","['الأكل', 'الأسعار', 'النظافة']"
Restaurants,1.0,الخدمة سريعة جداً وطاقم العمل ودود أما الأسعار فالسعر كان عاديا وليس مبالغا فيه وبالنسبة للأكل فـ بالنسبة للأكل فهو بمستوى طبيعي,الخدمة، الأسعار، الأكل,"[1, 0, 0]","['الخدمة', 'الأسعار', 'الأكل']"
Hotels,-1.0,قرأت تقييمات كثيرة وقررت التجربة، للأسف الغرفة كانت سيئة وغير نظيفة على الإطلاق وبالنسبة للاستقبال فـ موظفو قاموا بعملهم بشكل روتيني,الغرفة، الاستقبال,"[-1, 0]","['الغرفة', 'الاستقبال']"
Restaurants,0.0,التجربة بشكل عام كانت متفاوتة، نظافة المكان بشكل عام كانت مقبولة. والطلبات كانت متوسطة المستوى ولا بأس بها أما الأسعار فالسعر كان عاديا وليس مبالغا فيه. تعامل الويترز كان عادياً,النظافة، الأكل، الأسعار، الخدمة,"[0, 0, 0, 0]","['النظافة', 'الأكل', 'الأسعار', 'الخدمة']"
Hotels,0.0,قمت بتجربة هذا المكان وملاحظاتي هي: بالنسبة للغرفة فهي بمستوى طبيعي ولا بأس بها أما الاستقبال فـ موظفو قاموا بعملهم بشكل روتيني. وبوفيه الإفطار كان تقليدياً ويقدم أصنافاً معتادة بالإضافة إلى ذلك، موقع الفندق يعتبر متوسطا من حيث القرب للخدمات,الغرفة، الاستقبال، الإفطار، الموقع,"[0, 0, 0, 0]","['الغرفة', 'الاستقبال', 'الإفطار', 'الموقع']"
Hotels,0.0,قرأت تقييمات كثيرة وقررت التجربة، الاستقبال كان مقبولا بشكل عام بالإضافة إلى ذلك، أثاث الغرفة يبدو عادياً ليس حديثاً ولا قديماً جداً,الاستقبال، الغرفة,"[0, 0]","['الاستقبال', 'الغرفة']"
Hotels,1.0,في زيارتي الأخيرة، الغرفة كانت عادية وتفي بالغرض وبالنسبة للإفطار فـ بوفيه مذهل ويحتوي على خيارات رائعة,الغرفة، الإفطار,"[0, 1]","['الغرفة', 'الإفطار']"
Hotels,-1.0,التجربة بشكل عام كانت متفاوتة، بالنسبة للإفطار فهو جيد نسبيا كأي فندق آخر وبالنسبة للاستقبال فـ موظفو قاموا بعملهم بشكل روتيني في حين أن موقع الفندق سيء ويصعب الوصول إليه,الإفطار، الاستقبال، الموقع,"[0, 0, -1]","['الإفطار', 'الاستقبال', 'الموقع']"
Restaurants,-1.0,خلال عطلة نهاية الأسبوع ذهبنا إلى هناك، الخدمة بطيئة للغاية والعمال غير مهتمين أما النظافة فالمطعم نظيف لحد معقول. والأسعار كانت متوسطة ومناسبة لجودة المكان,الخدمة، النظافة، الأسعار,"[-1, 0, 0]","['الخدمة', 'النظافة', 'الأسعار']"
Restaurants,-1.0,قمت بتجربة هذا المكان وملاحظاتي هي: طعم الأكل كان عادياً ولا يوجد فيه نكهة مميزة. الخدمة بطيئة للغاية والعمال غير مهتمين. والسعر كان عاديا وليس مبالغا فيه,الأكل، الخدمة، الأسعار,"[0, -1, 0]","['الأكل', 'الخدمة', 'الأسعار']"
Hotels,0.0,قمت بتجربة هذا المكان وملاحظاتي هي: وجبة الإفطار كانت عادية ولم تكن مميزة. والموقع استراتيجي وقريب من كل الفعاليات، كما أن للأسف الغرفة كانت سيئة وغير نظيفة على الإطلاق وبالنسبة للاستقبال فـ كان مقبولا بشكل عام,الإفطار، الموقع، الغرفة، الاستقبال,"[0, 1, -1, 0]","['الإفطار', 'الموقع', 'الغرفة', 'الاستقبال']"
Hotels,0.0,التجربة بشكل عام كانت متفاوتة، موقع الفندق يعتبر متوسطا من حيث القرب للخدمات بالإضافة إلى ذلك، إجراءات الدخول في الاستقبال كانت طبيعية ولم تستغرق وقتا طويلا أو قصيرا وبالنسبة للغرفة فـ أثاث يبدو عادياً ليس حديثاً ولا قديماً جداً. والإفطار كان مقبولاً لكنه يفتقر للتنوع,الموقع، الاستقبال، الغرفة، الإفطار,"[0, 0, 0, 0]","['الموقع', 'الاستقبال', 'الغرفة', 'الإفطار']"
Attractions,0.0,قمت بتجربة هذا المكان وملاحظاتي هي: العروض المقدمة كانت في المستوى الطبيعي أما التذاكر فـ قيمة التذكرة عادية وبالنسبة للتنظيم فـ مرتبين جداً و احترافي. وبشكل عام المكان طبيعي كأي حديقة أخرى,الفعاليات، التذاكر، التنظيم، المكان,"[0, 0, 1, 0]","['الفعاليات', 'التذاكر', 'التنظيم', 'المكان']"
Restaurants,0.0,قرأت تقييمات كثيرة وقررت التجربة، تعامل الويترز كان عادياً أما الأكل فـ بالنسبة للأكل فهو بمستوى طبيعي. بالنسبة للأسعار فهي مقبولة إلى حد ما أما النظافة فالطاولات كانت نظيفة بشكل معتاد,الخدمة، الأكل، الأسعار، النظافة,"[0, 0, 0, 0]","['الخدمة', 'الأكل', 'الأسعار', 'النظافة']"
Attractions,0.0,العروض المقدمة كانت في المستوى الطبيعي. وبشكل عام المكان طبيعي كأي حديقة أخرى,الفعاليات، المكان,"[0, 0]","['الفعاليات', 'المكان']"
Restaurants,1.0,التجربة بشكل عام كانت متفاوتة، سرعة الخدمة كانت في المعدل الطبيعي والمقبول. وقيمة رائعة مقابل المال والأسعار جداً معقولة,الخدمة، الأسعار,"[0, 1]","['الخدمة', 'الأسعار']"
Hotels,-1.0,في زيارتي الأخيرة، الغرفة ضيقة جداً ومكتومة وبالنسبة للاستقبال فـ طاقم كان عادياً في التعامل,الغرفة، الاستقبال,"[-1, 0]","['الغرفة', 'الاستقبال']"
Hotels,0.0,خلال عطلة نهاية الأسبوع ذهبنا إلى هناك، الإفطار كان مقبولاً لكنه يفتقر للتنوع في حين أن أثاث الغرفة يبدو عادياً ليس حديثاً ولا قديماً جداً,الإفطار، الغرفة,"[0, 0]","['الإفطار', 'الغرفة']"
Attractions,-1.0,قرأت تقييمات كثيرة وقررت التجربة، الفعاليات مقبولة وتمضية وقت ليس إلا في حين أن المكان كئيب وممل جداً,الفعاليات، المكان,"[0, -1]","['الفعاليات', 'المكان']"
Restaurants,-1.0,قمت بتجربة هذا المكان وملاحظاتي هي: أسوأ خدمة جربتها في حياتي. والطاولات كانت نظيفة بشكل معتاد,الخدمة، النظافة,"[-1, 0]","['الخدمة', 'النظافة']"
Attractions,1.0,قرأت تقييمات كثيرة وقررت التجربة، أسعار الدخول طبيعية مقارنة بالفعاليات. ووجهة سياحية رائعة وتستحق الزيارة تكراراً. والتنظيم رائع جداً وسلس للغاية,التذاكر، المكان، التنظيم,"[0, 1, 1]","['التذاكر', 'المكان', 'التنظيم']"
Hotels,0.0,موقع المكان عادي ويمكن الوصول إليه بسهولة. والاستقبال كان مقبولا بشكل عام بالإضافة إلى ذلك، وجبة الإفطار كانت عادية ولم تكن مميزة,الموقع، الاستقبال، الإفطار,"[0, 0, 0]","['الموقع', 'الاستقبال', 'الإفطار']"
Hotels,1.0,قرأت تقييمات كثيرة وقررت التجربة، إجراءات الدخول في الاستقبال كانت طبيعية ولم تستغرق وقتا طويلا أو قصيرا، كما أن الإفطار كان مقبولاً لكنه يفتقر للتنوع في حين أن موقع الفندق ممتاز جداً وإطلالته خرافية,الاستقبال، الإفطار، الموقع,"[0, 0, 1]","['الاستقبال', 'الإفطار', 'الموقع']"
Attractions,0.0,التجربة بشكل عام كانت متفاوتة، المكان يعتبر جيد لقضاء بعض الوقت، كما أن العروض المقدمة كانت في المستوى الطبيعي في حين أن سعر التذاكر كان متوسطا ومقبولا في حين أن لا بأس بالتنظيم بشكل عام,المكان، الفعاليات، التذاكر، التنظيم,"[0, 0, 0, 0]","['المكان', 'الفعاليات', 'التذاكر', 'التنظيم']"
Restaurants,0.0,التجربة بشكل عام كانت متفاوتة، نظافة المطعم ممتازة جداً. وتعامل الويترز كان عادياً في حين أن الطلبات كانت متوسطة المستوى ولا بأس بها. وبالنسبة للأسعار فهي مقبولة إلى حد ما,النظافة، الخدمة، الأكل، الأسعار,"[1, 0, 0, 0]","['النظافة', 'الخدمة', 'الأكل', 'الأسعار']"
Attractions,0.0,في زيارتي الأخيرة، الفعاليات كانت تقليدية ومكررة. ولا بأس بالتنظيم بشكل عام وبالنسبة للمكان فـ لا أنصح بزيارة فهو سيء للغاية. وقيمة التذكرة عادية,الفعاليات، التنظيم، المكان، التذاكر,"[0, 0, -1, 0]","['الفعاليات', 'التنظيم', 'المكان', 'التذاكر']"
Hotels,0.0,التجربة بشكل عام كانت متفاوتة، الموقع مقبول ولا بأس به مقارنة بالسعر في حين أن أثاث الغرفة يبدو عادياً ليس حديثاً ولا قديماً جداً بالإضافة إلى ذلك، بالنسبة للإفطار فهو جيد نسبيا كأي فندق آخر، كما أن طاقم الاستقبال كان عادياً في التعامل,الموقع، الغرفة، الإفطار، الاستقبال,"[0, 0, 0, 0]","['الموقع', 'الغرفة', 'الإفطار', 'الاستقبال']"
Restaurants,0.0,في زيارتي الأخيرة، الأسعار كانت متوسطة ومناسبة لجودة المكان. والأكل مقبول لكنني تذوقت أفضل منه,الأسعار، الأكل,"[0, 0]","['الأسعار', 'الأكل']"
Hotels,-1.0,في زيارتي الأخيرة، موقع المكان عادي ويمكن الوصول إليه بسهولة أما الإفطار فـ وجبة كانت عادية ولم تكن مميزة بالإضافة إلى ذلك، واجهنا بطء شديد ومماطلة من موظفي الاستقبال,الموقع، الإفطار، الاستقبال,"[0, 0, -1]","['الموقع', 'الإفطار', 'الاستقبال']"
Attractions,0.0,بصراحة، الفعاليات كانت تقليدية ومكررة في حين أن التذكرة لا تستحق هذا السعر المرتفع إطلاقاً في حين أن مرتبين جداً والتنظيم احترافي,الفعاليات، التذاكر، التنظيم,"[0, -1, 1]","['الفعاليات', 'التذاكر', 'التنظيم']"
Attractions,-1.0,قرأت تقييمات كثيرة وقررت التجربة، التنظيم سيء جداً وهناك عشوائية في المكان وبالنسبة للفعاليات فالأنشطة الموجودة لا بأس بها للأطفال بالإضافة إلى ذلك، التذكرة لا تستحق هذا السعر المرتفع إطلاقاً وبالنسبة للمكان فـ لا أنصح بزيارة فهو سيء للغاية,التنظيم، الفعاليات، التذاكر، المكان,"[-1, 0, -1, -1]","['التنظيم', 'الفعاليات', 'التذاكر', 'المكان']"
Hotels,1.0,بصراحة، الإفطار كان مقبولاً لكنه يفتقر للتنوع في حين أن الاستقبال كان مقبولا بشكل عام أما الموقع فـ استراتيجي وقريب من كل الفعاليات,الإفطار، الاستقبال، الموقع,"[0, 0, 1]","['الإفطار', 'الاستقبال', 'الموقع']"
Hotels,1.0,قرأت تقييمات كثيرة وقررت التجربة، الغرفة واسعة ومريحة بشكل استثنائي بالإضافة إلى ذلك، موقع الفندق ممتاز جداً وإطلالته خرافية,الغرفة، الموقع,"[1, 1]","['الغرفة', 'الموقع']"
Restaurants,1.0,التجربة بشكل عام كانت متفاوتة، قيمة رائعة مقابل المال والأسعار جداً معقولة وبالنسبة للأكل فـ طعم كان عادياً ولا يوجد فيه نكهة مميزة، كما أن الخدمة سريعة جداً وطاقم العمل ودود. المطعم نظيف لحد معقول,الأسعار، الأكل، الخدمة، النظافة,"[1, 0, 1, 0]","['الأسعار', 'الأكل', 'الخدمة', 'النظافة']"
Attractions,0.0,التذاكر ليست رخيصة ولا غالية بل في المعقول أما التنظيم فالإدارة و بمستوى مقبول. وبشكل عام المكان طبيعي كأي حديقة أخرى,التذاكر، التنظيم، المكان,"[0, 0, 0]","['التذاكر', 'التنظيم', 'المكان']"
Attractions,0.0,قرأت تقييمات كثيرة وقررت التجربة، لا بأس بالتنظيم بشكل عام. وسعر التذاكر كان متوسطا ومقبولا بالإضافة إلى ذلك، الفعاليات مقبولة وتمضية وقت ليس إلا,التنظيم، التذاكر، الفعاليات,"[0, 0, 0]","['التنظيم', 'التذاكر', 'الفعاليات']"
Attractions,0.0,خلال عطلة نهاية الأسبوع ذهبنا إلى هناك، المكان كئيب وممل جداً، كما أن التذاكر ليست رخيصة ولا غالية بل في المعقول، كما أن الفعاليات مقبولة وتمضية وقت ليس إلا. ولا بأس بالتنظيم بشكل عام,المكان، التذاكر، الفعاليات، التنظيم,"[-1, 0, 0, 0]","['المكان', 'التذاكر', 'الفعاليات', 'التنظيم']"
Hotels,0.0,التجربة بشكل عام كانت متفاوتة، وجبة الإفطار كانت عادية ولم تكن مميزة. وإجراءات الدخول في الاستقبال كانت طبيعية ولم تستغرق وقتا طويلا أو قصيرا. والموقع مقبول ولا بأس به مقارنة بالسعر في حين أن الغرفة كانت عادية وتفي بالغرض,الإفطار، الاستقبال، الموقع، الغرفة,"[0, 0, 0, 0]","['الإفطار', 'الاستقبال', 'الموقع', 'الغرفة']"
Restaurants,0.0,المطعم غالي بشكل مبالغ فيه ولا يستحق. نظافة المكان بشكل عام كانت مقبولة بالإضافة إلى ذلك، طعم الأكل كان عادياً ولا يوجد فيه نكهة مميزة وبالنسبة للخدمة فـ في المطعم كانت روتينية,الأسعار، النظافة، الأكل، الخدمة,"[-1, 0, 0, 0]","['الأسعار', 'النظافة', 'الأكل', 'الخدمة']"
Restaurants,0.0,في زيارتي الأخيرة، مستوى الخدمة لا بأس به، كما أن السعر كان عاديا وليس مبالغا فيه في حين أن الطلبات كانت متوسطة المستوى ولا بأس بها,الخدمة، الأسعار، الأكل,"[0, 0, 0]","['الخدمة', 'الأسعار', 'الأكل']"
Restaurants,1.0,قرأت تقييمات كثيرة وقررت التجربة، الأسعار ممتازة ورخيصة مقارنة بالكمية وبالنسبة للخدمة فـ تعامل الويترز كان عادياً,الأسعار، الخدمة,"[1, 0]","['الأسعار', 'الخدمة']"
Attractions,0.0,بصراحة، سعر التذاكر كان متوسطا ومقبولا في حين أن الفعاليات كانت تقليدية ومكررة أما المكان فالوجهة كانت عادية ولم تبهرني كثيراً,التذاكر، الفعاليات، المكان,"[0, 0, 0]","['التذاكر', 'الفعاليات', 'المكان']"
Hotels,0.0,خلال عطلة نهاية الأسبوع ذهبنا إلى هناك، الغرفة كانت عادية وتفي بالغرض. الموقع مقبول ولا بأس به مقارنة بالسعر وبالنسبة للاستقبال فـ إجراءات الدخول في كانت طبيعية ولم تستغرق وقتا طويلا أو قصيرا أما الإفطار فـ بوفيه كان تقليدياً ويقدم أصنافاً معتادة,الغرفة، الموقع، الاستقبال، الإفطار,"[0, 0, 0, 0]","['الغرفة', 'الموقع', 'الاستقبال', 'الإفطار']"
Restaurants,1.0,الأكل مقبول لكنني تذوقت أفضل منه وبالنسبة للخدمة فـ سريعة جداً وطاقم العمل ودود أما النظافة فالطاولات كانت نظيفة بشكل معتاد,الأكل، الخدمة، النظافة,"[0, 1, 0]","['الأكل', 'الخدمة', 'النظافة']"
Restaurants,1.0,خلال عطلة نهاية الأسبوع ذهبنا إلى هناك، كل الأطباق كانت مطبوخة باحترافية وطعمها خيال، كما أن بالنسبة للأسعار فهي مقبولة إلى حد ما,الأكل، الأسعار,"[1, 0]","['الأكل', 'الأسعار']"
Hotels,0.0,خلال عطلة نهاية الأسبوع ذهبنا إلى هناك، موقع الفندق يعتبر متوسطا من حيث القرب للخدمات أما الغرفة فـ ضيقة جداً ومكتومة. وموظفو الاستقبال قاموا بعملهم بشكل روتيني، كما أن وجبة الإفطار كانت عادية ولم تكن مميزة,الموقع، الغرفة، الاستقبال، الإفطار,"[0, -1, 0, 0]","['الموقع', 'الغرفة', 'الاستقبال', 'الإفطار']"
Restaurants,0.0,لم يعجبني الأكل إطلاقاً وكان دون المستوى بالإضافة إلى ذلك، قيمة رائعة مقابل المال والأسعار جداً معقولة,الأكل، الأسعار,"[-1, 1]","['الأكل', 'الأسعار']"
Attractions,1.0,في زيارتي الأخيرة، بشكل عام المكان طبيعي كأي حديقة أخرى، كما أن قيمة التذكرة عادية بالإضافة إلى ذلك، عروض رائعة ومتنوعة تناسب كل الأعمار,المكان، التذاكر، الفعاليات,"[0, 0, 1]","['المكان', 'التذاكر', 'الفعاليات']"
Hotels,0.0,التجربة بشكل عام كانت متفاوتة، مساحة الغرفة كانت متوسطة كما توقعنا. وبالنسبة للإفطار فهو جيد نسبيا كأي فندق آخر,الغرفة، الإفطار,"[0, 0]","['الغرفة', 'الإفطار']"
Restaurants,1.0,قمت بتجربة هذا المكان وملاحظاتي هي: قيمة رائعة مقابل المال والأسعار جداً معقولة في حين أن سرعة الخدمة كانت في المعدل الطبيعي والمقبول في حين أن طعم الأكل كان عادياً ولا يوجد فيه نكهة مميزة,الأسعار، الخدمة، الأكل,"[1, 0, 0]","['الأسعار', 'الخدمة', 'الأكل']"
Hotels,0.0,في زيارتي الأخيرة، إجراءات الدخول في الاستقبال كانت طبيعية ولم تستغرق وقتا طويلا أو قصيرا. ووجبة الإفطار كانت عادية ولم تكن مميزة,الاستقبال، الإفطار,"[0, 0]","['الاستقبال', 'الإفطار']"
Attractions,0.0,في زيارتي الأخيرة، ترتيب الدخول كان يسير بشكل طبيعي أما المكان فـ مساحة وتصميمه مقبول ولا بأس به في حين أن سعر التذاكر كان متوسطا ومقبولا بالإضافة إلى ذلك، عروض رائعة ومتنوعة تناسب كل الأعمار,التنظيم، المكان، التذاكر، الفعاليات,"[0, 0, 0, 1]","['التنظيم', 'المكان', 'التذاكر', 'الفعاليات']"
Hotels,0.0,مساحة الغرفة كانت متوسطة كما توقعنا في حين أن إجراءات الدخول في الاستقبال كانت طبيعية ولم تستغرق وقتا طويلا أو قصيرا بالإضافة إلى ذلك، الإفطار كان مقبولاً لكنه يفتقر للتنوع. موقع الفندق ممتاز جداً وإطلالته خرافية,الغرفة، الاستقبال، الإفطار، الموقع,"[0, 0, 0, 1]","['الغرفة', 'الاستقبال', 'الإفطار', 'الموقع']"
Restaurants,-1.0,في زيارتي الأخيرة، بالنسبة للأكل فهو بمستوى طبيعي. والمطعم غالي بشكل مبالغ فيه ولا يستحق,الأكل، الأسعار,"[0, -1]","['الأكل', 'الأسعار']"
Hotels,0.0,خلال عطلة نهاية الأسبوع ذهبنا إلى هناك، موقع الفندق سيء ويصعب الوصول إليه أما الإفطار فـ بوفيه مذهل ويحتوي على خيارات رائعة وبالنسبة للغرفة فـ بالنسبة للغرفة فهي بمستوى طبيعي ولا بأس بها,الموقع، الإفطار، الغرفة,"[-1, 1, 0]","['الموقع', 'الإفطار', 'الغرفة']"
Attractions,-1.0,بصراحة، أسعار التذاكر غالية جداً ومبالغ فيها أما الفعاليات فالعروض المقدمة كانت في المستوى الطبيعي وبالنسبة للمكان فالوجهة كانت عادية ولم تبهرني كثيراً,التذاكر، الفعاليات، المكان,"[-1, 0, 0]","['التذاكر', 'الفعاليات', 'المكان']"
Attractions,1.0,خلال عطلة نهاية الأسبوع ذهبنا إلى هناك، سعر التذاكر كان متوسطا ومقبولا. الفعاليات كانت تقليدية ومكررة بالإضافة إلى ذلك، مرتبين جداً والتنظيم احترافي,التذاكر، الفعاليات، التنظيم,"[0, 0, 1]","['التذاكر', 'الفعاليات', 'التنظيم']"
Restaurants,1.0,التجربة بشكل عام كانت متفاوتة، سرعة الخدمة كانت في المعدل الطبيعي والمقبول وبالنسبة للنظافة فالمكان يلمع من والاهتمام بالتفاصيل,الخدمة، النظافة,"[0, 1]","['الخدمة', 'النظافة']"
Restaurants,0.0,الخدمة في المطعم كانت روتينية بالإضافة إلى ذلك، الأكل مقبول لكنني تذوقت أفضل منه أما الأسعار فـ ممتازة ورخيصة مقارنة بالكمية. ونظافة المكان بشكل عام كانت مقبولة,الخدمة، الأكل، الأسعار، النظافة,"[0, 0, 1, 0]","['الخدمة', 'الأكل', 'الأسعار', 'النظافة']"
Restaurants,-1.0,قمت بتجربة هذا المكان وملاحظاتي هي: الأكل كان بارداً وطعمه سيء جداً وبالنسبة للخدمة فـ في المطعم كانت روتينية,الأكل، الخدمة,"[-1, 0]","['الأكل', 'الخدمة']"
Attractions,0.0,في زيارتي الأخيرة، الإدارة والتنظيم بمستوى مقبول بالإضافة إلى ذلك، الفعاليات مقبولة وتمضية وقت ليس إلا وبالنسبة للتذاكر فـ أسعار الدخول طبيعية مقارنة بالفعاليات,التنظيم، الفعاليات، التذاكر,"[0, 0, 0]","['التنظيم', 'الفعاليات', 'التذاكر']"
Hotels,1.0,في زيارتي الأخيرة، الغرفة واسعة ومريحة بشكل استثنائي بالإضافة إلى ذلك، الموقع مقبول ولا بأس به مقارنة بالسعر,الغرفة، الموقع,"[1, 0]","['الغرفة', 'الموقع']"
Hotels,0.0,قمت بتجربة هذا المكان وملاحظاتي هي: الغرفة كانت عادية وتفي بالغرض. موقع المكان عادي ويمكن الوصول إليه بسهولة,الغرفة، الموقع,"[0, 0]","['الغرفة', 'الموقع']"
Hotels,0.0,خلال عطلة نهاية الأسبوع ذهبنا إلى هناك، إجراءات الدخول في الاستقبال كانت طبيعية ولم تستغرق وقتا طويلا أو قصيرا. بوفيه الإفطار كان تقليدياً ويقدم أصنافاً معتادة,الاستقبال، الإفطار,"[0, 0]","['الاستقبال', 'الإفطار']"
Restaurants,-1.0,في زيارتي الأخيرة، الأسعار كانت متوسطة ومناسبة لجودة المكان، كما أن الخدمة بطيئة للغاية والعمال غير مهتمين,الأسعار، الخدمة,"[0, -1]","['الأسعار', 'الخدمة']"
Restaurants,1.0,بصراحة، سرعة الخدمة كانت في المعدل الطبيعي والمقبول في حين أن الأكل كان لذيذاً جداً وأنصح به بشدة,الخدمة، الأكل,"[0, 1]","['الخدمة', 'الأكل']"
Restaurants,-1.0,التجربة بشكل عام كانت متفاوتة، الأسعار مبالغ فيها وغالية جداً وبالنسبة للنظافة فـ معدومة في هذا المطعم أما الخدمة فـ سرعة كانت في المعدل الطبيعي والمقبول,الأسعار، النظافة، الخدمة,"[-1, -1, 0]","['الأسعار', 'النظافة', 'الخدمة']"
Restaurants,1.0,قمت بتجربة هذا المكان وملاحظاتي هي: الأسعار ممتازة ورخيصة مقارنة بالكمية. طعم الأكل كان عادياً ولا يوجد فيه نكهة مميزة,الأسعار، الأكل,"[1, 0]","['الأسعار', 'الأكل']"
Restaurants,0.0,بصراحة، المطعم نظيف لحد معقول في حين أن مستوى الخدمة لا بأس به، كما أن طعم الأكل كان عادياً ولا يوجد فيه نكهة مميزة,النظافة، الخدمة، الأكل,"[0, 0, 0]","['النظافة', 'الخدمة', 'الأكل']"
Hotels,0.0,قرأت تقييمات كثيرة وقررت التجربة، موقع الفندق ممتاز جداً وإطلالته خرافية، كما أن بوفيه الإفطار كان تقليدياً ويقدم أصنافاً معتادة أما الغرفة فـ ضيقة جداً ومكتومة بالإضافة إلى ذلك، واجهنا بطء شديد ومماطلة من موظفي الاستقبال,الموقع، الإفطار، الغرفة، الاستقبال,"[1, 0, -1, -1]","['الموقع', 'الإفطار', 'الغرفة', 'الاستقبال']"
Attractions,0.0,خلال عطلة نهاية الأسبوع ذهبنا إلى هناك، التذاكر ليست رخيصة ولا غالية بل في المعقول. والإدارة والتنظيم بمستوى مقبول وبالنسبة للمكان فـ مساحة وتصميمه مقبول ولا بأس به,التذاكر، التنظيم، المكان,"[0, 0, 0]","['التذاكر', 'التنظيم', 'المكان']"
Hotels,1.0,خلال عطلة نهاية الأسبوع ذهبنا إلى هناك، أثاث الغرفة يبدو عادياً ليس حديثاً ولا قديماً جداً وبالنسبة للاستقبال فـ ترحيب حار جداً من طاقم وبالنسبة للموقع فـ لا يتميز بشيء خاص ولكنه مناسب,الغرفة، الاستقبال، الموقع,"[0, 1, 0]","['الغرفة', 'الاستقبال', 'الموقع']"
Attractions,0.0,في زيارتي الأخيرة، الفعاليات مقبولة وتمضية وقت ليس إلا. التنظيم داخل المرفق كان عاديا,الفعاليات، التنظيم,"[0, 0]","['الفعاليات', 'التنظيم']"
Restaurants,0.0,في زيارتي الأخيرة، الخدمة في المطعم كانت روتينية، كما أن طعم الأكل كان عادياً ولا يوجد فيه نكهة مميزة أما النظافة فـ نظافة المكان بشكل عام كانت مقبولة,الخدمة، الأكل، النظافة,"[0, 0, 0]","['الخدمة', 'الأكل', 'النظافة']"
Hotels,0.0,قرأت تقييمات كثيرة وقررت التجربة، الإفطار سيء جداً والخيارات محدودة وبالنسبة للاستقبال فـ كان مقبولا بشكل عام، كما أن الموقع لا يتميز بشيء خاص ولكنه مناسب بالإضافة إلى ذلك، الغرفة كانت عادية وتفي بالغرض,الإفطار، الاستقبال، الموقع، الغرفة,"[-1, 0, 0, 0]","['الإفطار', 'الاستقبال', 'الموقع', 'الغرفة']"
Attractions,-1.0,التجربة بشكل عام كانت متفاوتة، المكان يعتبر جيد لقضاء بعض الوقت. التنظيم سيء جداً وهناك عشوائية في المكان,المكان، التنظيم,"[0, -1]","['المكان', 'التنظيم']"
Hotels,0.0,التجربة بشكل عام كانت متفاوتة، مساحة الغرفة كانت متوسطة كما توقعنا، كما أن موقع الفندق يعتبر متوسطا من حيث القرب للخدمات,الغرفة، الموقع,"[0, 0]","['الغرفة', 'الموقع']"
Hotels,1.0,مساحة الغرفة كانت متوسطة كما توقعنا. موقع الفندق ممتاز جداً وإطلالته خرافية,الغرفة، الموقع,"[0, 1]","['الغرفة', 'الموقع']"
Attractions,0.0,خلال عطلة نهاية الأسبوع ذهبنا إلى هناك، الأنشطة الموجودة لا بأس بها للأطفال بالإضافة إلى ذلك، الوجهة كانت عادية ولم تبهرني كثيراً، كما أن لا بأس بالتنظيم بشكل عام,الفعاليات، المكان، التنظيم,"[0, 0, 0]","['الفعاليات', 'المكان', 'التنظيم']"
Attractions,0.0,قرأت تقييمات كثيرة وقررت التجربة، الفعاليات مملة جداً ولا يوجد تجديد، كما أن بشكل عام المكان طبيعي كأي حديقة أخرى أما التنظيم فـ داخل المرفق كان عاديا في حين أن سعر التذاكر كان متوسطا ومقبولا,الفعاليات، المكان، التنظيم، التذاكر,"[-1, 0, 0, 0]","['الفعاليات', 'المكان', 'التنظيم', 'التذاكر']"
Restaurants,-1.0,التجربة بشكل عام كانت متفاوتة، بالنسبة للأكل فهو بمستوى طبيعي بالإضافة إلى ذلك، المطعم غالي بشكل مبالغ فيه ولا يستحق,الأكل، الأسعار,"[0, -1]","['الأكل', 'الأسعار']"
Restaurants,1.0,كل الأطباق كانت مطبوخة باحترافية وطعمها خيال. مستوى النظافة عادي ولا بأس به، كما أن الأسعار ممتازة ورخيصة مقارنة بالكمية. تعامل الويترز كان عادياً,الأكل، النظافة، الأسعار، الخدمة,"[1, 0, 1, 0]","['الأكل', 'النظافة', 'الأسعار', 'الخدمة']"
Attractions,-1.0,التذكرة لا تستحق هذا السعر المرتفع إطلاقاً بالإضافة إلى ذلك، لا أنصح بزيارة المكان فهو سيء للغاية، كما أن التنظيم داخل المرفق كان عاديا,التذاكر، المكان، التنظيم,"[-1, -1, 0]","['التذاكر', 'المكان', 'التنظيم']"
Restaurants,1.0,قمت بتجربة هذا المكان وملاحظاتي هي: الأكل مقبول لكنني تذوقت أفضل منه في حين أن الخدمة سريعة جداً وطاقم العمل ودود بالإضافة إلى ذلك، بالنسبة للأسعار فهي مقبولة إلى حد ما,الأكل، الخدمة، الأسعار,"[0, 1, 0]","['الأكل', 'الخدمة', 'الأسعار']"
Hotels,0.0,في زيارتي الأخيرة، بالنسبة للغرفة فهي بمستوى طبيعي ولا بأس بها، كما أن الموقع مقبول ولا بأس به مقارنة بالسعر,الغرفة، الموقع,"[0, 0]","['الغرفة', 'الموقع']"
Restaurants,0.0,خلال عطلة نهاية الأسبوع ذهبنا إلى هناك، الخدمة سريعة جداً وطاقم العمل ودود في حين أن المكان متسخ والطاولات غير نظيفة في حين أن الأسعار ممتازة ورخيصة مقارنة بالكمية، كما أن لم يعجبني الأكل إطلاقاً وكان دون المستوى,الخدمة، النظافة، الأسعار، الأكل,"[1, -1, 1, -1]","['الخدمة', 'النظافة', 'الأسعار', 'الأكل']"
Attractions,0.0,الأنشطة الموجودة لا بأس بها للأطفال في حين أن الإدارة والتنظيم بمستوى مقبول، كما أن المكان يعتبر جيد لقضاء بعض الوقت,الفعاليات، التنظيم، المكان,"[0, 0, 0]","['الفعاليات', 'التنظيم', 'المكان']"
Restaurants,0.0,المكان متسخ والطاولات غير نظيفة، كما أن قيمة رائعة مقابل المال والأسعار جداً معقولة,النظافة، الأسعار,"[-1, 1]","['النظافة', 'الأسعار']"
Hotels,1.0,قرأت تقييمات كثيرة وقررت التجربة، الموقع لا يتميز بشيء خاص ولكنه مناسب وبالنسبة للغرفة فـ أعجبتني بنظافتها الفائقة وتصميمها الرائع,الموقع، الغرفة,"[0, 1]","['الموقع', 'الغرفة']"
Restaurants,0.0,خلال عطلة نهاية الأسبوع ذهبنا إلى هناك، الأسعار كانت متوسطة ومناسبة لجودة المكان في حين أن بالنسبة للأكل فهو بمستوى طبيعي,الأسعار، الأكل,"[0, 0]","['الأسعار', 'الأكل']"
Attractions,0.0,التجربة بشكل عام كانت متفاوتة، أسعار الدخول طبيعية مقارنة بالفعاليات. والفعاليات كانت تقليدية ومكررة أما التنظيم فـ داخل المرفق كان عاديا,التذاكر، الفعاليات، التنظيم,"[0, 0, 0]","['التذاكر', 'الفعاليات', 'التنظيم']"
Hotels,0.0,قرأت تقييمات كثيرة وقررت التجربة، تعامل الاستقبال كان جافاً وغير احترافي أما الغرفة فـ أعجبتني بنظافتها الفائقة وتصميمها الرائع,الاستقبال، الغرفة,"[-1, 1]","['الاستقبال', 'الغرفة']"
Hotels,1.0,خلال عطلة نهاية الأسبوع ذهبنا إلى هناك، موقع الفندق يعتبر متوسطا من حيث القرب للخدمات وبالنسبة للغرفة فـ أعجبتني بنظافتها الفائقة وتصميمها الرائع,الموقع، الغرفة,"[0, 1]","['الموقع', 'الغرفة']"
Hotels,0.0,قرأت تقييمات كثيرة وقررت التجربة، موقع المكان عادي ويمكن الوصول إليه بسهولة، كما أن الاستقبال كان مقبولا بشكل عام. ومساحة الغرفة كانت متوسطة كما توقعنا. ووجبة الإفطار كانت عادية ولم تكن مميزة,الموقع، الاستقبال، الغرفة، الإفطار,"[0, 0, 0, 0]","['الموقع', 'الاستقبال', 'الغرفة', 'الإفطار']"
Restaurants,0.0,الأسعار كانت متوسطة ومناسبة لجودة المكان. والطاولات كانت نظيفة بشكل معتاد وبالنسبة للأكل فـ بالنسبة للأكل فهو بمستوى طبيعي,الأسعار، النظافة، الأكل,"[0, 0, 0]","['الأسعار', 'النظافة', 'الأكل']"
Attractions,0.0,التجربة بشكل عام كانت متفاوتة، الوجهة كانت عادية ولم تبهرني كثيراً. التنظيم داخل المرفق كان عاديا,المكان، التنظيم,"[0, 0]","['المكان', 'التنظيم']"
Hotels,1.0,الإفطار كان مقبولاً لكنه يفتقر للتنوع في حين أن الموقع استراتيجي وقريب من كل الفعاليات,الإفطار، الموقع,"[0, 1]","['الإفطار', 'الموقع']"
Hotels,0.0,قمت بتجربة هذا المكان وملاحظاتي هي: الاستقبال كان مقبولا بشكل عام بالإضافة إلى ذلك، بالنسبة للغرفة فهي بمستوى طبيعي ولا بأس بها وبالنسبة للإفطار فـ كان مقبولاً لكنه يفتقر للتنوع بالإضافة إلى ذلك، الموقع مقبول ولا بأس به مقارنة بالسعر,الاستقبال، الغرفة، الإفطار، الموقع,"[0, 0, 0, 0]","['الاستقبال', 'الغرفة', 'الإفطار', 'الموقع']"
Hotels,1.0,قرأت تقييمات كثيرة وقررت التجربة، الإفطار سيء جداً والخيارات محدودة. موقع الفندق ممتاز جداً وإطلالته خرافية. موظفو الاستقبال في قمة الرقي والتعاون,الإفطار، الموقع، الاستقبال,"[-1, 1, 1]","['الإفطار', 'الموقع', 'الاستقبال']"
Restaurants,0.0,بالنسبة للأكل فهو بمستوى طبيعي. المطعم نظيف لحد معقول,الأكل، النظافة,"[0, 0]","['الأكل', 'النظافة']"
Hotels,0.0,خلال عطلة نهاية الأسبوع ذهبنا إلى هناك، الاستقبال كان مقبولا بشكل عام. ومساحة الغرفة كانت متوسطة كما توقعنا في حين أن الإفطار كان مقبولاً لكنه يفتقر للتنوع,الاستقبال، الغرفة، الإفطار,"[0, 0, 0]","['الاستقبال', 'الغرفة', 'الإفطار']"
Attractions,0.0,قمت بتجربة هذا المكان وملاحظاتي هي: التذاكر ليست رخيصة ولا غالية بل في المعقول. الأنشطة الموجودة لا بأس بها للأطفال في حين أن ترتيب الدخول كان يسير بشكل طبيعي,التذاكر، الفعاليات، التنظيم,"[0, 0, 0]","['التذاكر', 'الفعاليات', 'التنظيم']"
Attractions,0.0,قرأت تقييمات كثيرة وقررت التجربة، الفعاليات كانت تقليدية ومكررة. والوجهة كانت عادية ولم تبهرني كثيراً,الفعاليات، المكان,"[0, 0]","['الفعاليات', 'المكان']"
Restaurants,1.0,خلال عطلة نهاية الأسبوع ذهبنا إلى هناك، المطعم نظيف لحد معقول في حين أن الأكل كان لذيذاً جداً وأنصح به بشدة وبالنسبة للأسعار فـ ممتازة ورخيصة مقارنة بالكمية في حين أن سرعة الخدمة كانت في المعدل الطبيعي والمقبول,النظافة، الأكل، الأسعار، الخدمة,"[0, 1, 1, 0]","['النظافة', 'الأكل', 'الأسعار', 'الخدمة']"
Restaurants,0.0,أسعار المنيو تعتبر طبيعية مقارنة بالمطاعم الأخرى في حين أن كل الأطباق كانت مطبوخة باحترافية وطعمها خيال وبالنسبة للنظافة فالمكان يلمع من والاهتمام بالتفاصيل. الخدمة بطيئة للغاية والعمال غير مهتمين,الأسعار، الأكل، النظافة، الخدمة,"[0, 1, 1, -1]","['الأسعار', 'الأكل', 'النظافة', 'الخدمة']"
Hotels,0.0,أثاث الغرفة يبدو عادياً ليس حديثاً ولا قديماً جداً في حين أن الموقع مقبول ولا بأس به مقارنة بالسعر,الغرفة، الموقع,"[0, 0]","['الغرفة', 'الموقع']"
Hotels,0.0,قرأت تقييمات كثيرة وقررت التجربة، إجراءات الدخول في الاستقبال كانت طبيعية ولم تستغرق وقتا طويلا أو قصيرا وبالنسبة للموقع فـ موقع المكان عادي ويمكن الوصول إليه بسهولة في حين أن بالنسبة للغرفة فهي بمستوى طبيعي ولا بأس بها,الاستقبال، الموقع، الغرفة,"[0, 0, 0]","['الاستقبال', 'الموقع', 'الغرفة']"
Attractions,1.0,خلال عطلة نهاية الأسبوع ذهبنا إلى هناك، التذاكر قيمتها ممتازة وتشمل خيارات كثيرة في حين أن التنظيم داخل المرفق كان عاديا,التذاكر، التنظيم,"[1, 0]","['التذاكر', 'التنظيم']"
Restaurants,0.0,بصراحة، الطلبات كانت متوسطة المستوى ولا بأس بها في حين أن المطعم نظيف لحد معقول في حين أن الأسعار كانت متوسطة ومناسبة لجودة المكان,الأكل، النظافة، الأسعار,"[0, 0, 0]","['الأكل', 'النظافة', 'الأسعار']"
Restaurants,0.0,السعر كان عاديا وليس مبالغا فيه في حين أن الخدمة في المطعم كانت روتينية. والأكل كان بارداً وطعمه سيء جداً بالإضافة إلى ذلك، المطعم نظيف لحد معقول,الأسعار، الخدمة، الأكل، النظافة,"[0, 0, -1, 0]","['الأسعار', 'الخدمة', 'الأكل', 'النظافة']"
Attractions,-1.0,في زيارتي الأخيرة، المكان يعتبر جيد لقضاء بعض الوقت. فوضى عارمة وسوء تنظيم واضح. العروض المقدمة كانت في المستوى الطبيعي,المكان، التنظيم، الفعاليات,"[0, -1, 0]","['المكان', 'التنظيم', 'الفعاليات']"
Attractions,0.0,بصراحة، لا بأس بالتنظيم بشكل عام بالإضافة إلى ذلك، العروض المقدمة كانت في المستوى الطبيعي في حين أن التذاكر ليست رخيصة ولا غالية بل في المعقول، كما أن الوجهة كانت عادية ولم تبهرني كثيراً,التنظيم، الفعاليات، التذاكر، المكان,"[0, 0, 0, 0]","['التنظيم', 'الفعاليات', 'التذاكر', 'المكان']"
Restaurants,0.0,التجربة بشكل عام كانت متفاوتة، مستوى النظافة عادي ولا بأس به وبالنسبة للأكل فالطلبات كانت متوسطة المستوى ولا بأس بها. والسعر كان عاديا وليس مبالغا فيه,النظافة، الأكل، الأسعار,"[0, 0, 0]","['النظافة', 'الأكل', 'الأسعار']"
Attractions,0.0,العروض المقدمة كانت في المستوى الطبيعي، كما أن بشكل عام المكان طبيعي كأي حديقة أخرى. الإدارة والتنظيم بمستوى مقبول,الفعاليات، المكان، التنظيم,"[0, 0, 0]","['الفعاليات', 'المكان', 'التنظيم']"
Restaurants,0.0,التجربة بشكل عام كانت متفاوتة، السعر كان عاديا وليس مبالغا فيه، كما أن المطعم نظيف لحد معقول في حين أن سرعة الخدمة كانت في المعدل الطبيعي والمقبول. الطلبات كانت متوسطة المستوى ولا بأس بها,الأسعار، النظافة، الخدمة، الأكل,"[0, 0, 0, 0]","['الأسعار', 'النظافة', 'الخدمة', 'الأكل']"
Restaurants,0.0,نظافة المكان بشكل عام كانت مقبولة بالإضافة إلى ذلك، الطلبات كانت متوسطة المستوى ولا بأس بها,النظافة، الأكل,"[0, 0]","['النظافة', 'الأكل']"
Attractions,0.0,قرأت تقييمات كثيرة وقررت التجربة، المكان ساحر وجميل جداً للتصوير. والتذكرة لا تستحق هذا السعر المرتفع إطلاقاً. والتنظيم داخل المرفق كان عاديا أما الفعاليات فالعروض المقدمة كانت في المستوى الطبيعي,المكان، التذاكر، التنظيم، الفعاليات,"[1, -1, 0, 0]","['المكان', 'التذاكر', 'التنظيم', 'الفعاليات']"
Restaurants,0.0,التجربة بشكل عام كانت متفاوتة، الطاولات كانت نظيفة بشكل معتاد. ولم يعجبني الأكل إطلاقاً وكان دون المستوى وبالنسبة للخدمة فـ في المطعم كانت روتينية بالإضافة إلى ذلك، الأسعار ممتازة ورخيصة مقارنة بالكمية,النظافة، الأكل، الخدمة، الأسعار,"[0, -1, 0, 1]","['النظافة', 'الأكل', 'الخدمة', 'الأسعار']"
Attractions,1.0,خلال عطلة نهاية الأسبوع ذهبنا إلى هناك، أسعار التذاكر رخيصة جداً ومناسبة للجميع بالإضافة إلى ذلك، الأنشطة الموجودة لا بأس بها للأطفال أما التنظيم فـ ترتيب الدخول كان يسير بشكل طبيعي,التذاكر، الفعاليات، التنظيم,"[1, 0, 0]","['التذاكر', 'الفعاليات', 'التنظيم']"
Hotels,0.0,بصراحة، بالنسبة للإفطار فهو جيد نسبيا كأي فندق آخر بالإضافة إلى ذلك، إجراءات الدخول في الاستقبال كانت طبيعية ولم تستغرق وقتا طويلا أو قصيرا، كما أن الموقع لا يتميز بشيء خاص ولكنه مناسب,الإفطار، الاستقبال، الموقع,"[0, 0, 0]","['الإفطار', 'الاستقبال', 'الموقع']"
Attractions,0.0,في زيارتي الأخيرة، أسعار الدخول طبيعية مقارنة بالفعاليات أما التنظيم فالإدارة و بمستوى مقبول. المكان يعتبر جيد لقضاء بعض الوقت أما الفعاليات فالأنشطة الموجودة لا بأس بها للأطفال,التذاكر، التنظيم، المكان، الفعاليات,"[0, 0, 0, 0]","['التذاكر', 'التنظيم', 'المكان', 'الفعاليات']"
Hotels,0.0,موظفو الاستقبال في قمة الرقي والتعاون في حين أن موقع الفندق يعتبر متوسطا من حيث القرب للخدمات بالإضافة إلى ذلك، الغرفة ضيقة جداً ومكتومة,الاستقبال، الموقع، الغرفة,"[1, 0, -1]","['الاستقبال', 'الموقع', 'الغرفة']"
Attractions,0.0,في زيارتي الأخيرة، الفعاليات مقبولة وتمضية وقت ليس إلا، كما أن قيمة التذكرة عادية,الفعاليات، التذاكر,"[0, 0]","['الفعاليات', 'التذاكر']"
Hotels,0.0,التجربة بشكل عام كانت متفاوتة، الاستقبال كان مقبولا بشكل عام أما الموقع فـ بعيد جداً ومقطوع عن الخدمات أما الإفطار فـ كان لذيذاً ومتنوعاً جداً,الاستقبال، الموقع، الإفطار,"[0, -1, 1]","['الاستقبال', 'الموقع', 'الإفطار']"
Attractions,1.0,التجربة بشكل عام كانت متفاوتة، سعر التذاكر كان متوسطا ومقبولا، كما أن وجهة سياحية رائعة وتستحق الزيارة تكراراً,التذاكر، المكان,"[0, 1]","['التذاكر', 'المكان']"
Restaurants,0.0,الطلبات كانت متوسطة المستوى ولا بأس بها بالإضافة إلى ذلك، قيمة رائعة مقابل المال والأسعار جداً معقولة وبالنسبة للنظافة فالمطعم نظيف لحد معقول أما الخدمة فـ تعامل الويترز كان عادياً,الأكل، الأسعار، النظافة، الخدمة,"[0, 1, 0, 0]","['الأكل', 'الأسعار', 'النظافة', 'الخدمة']"
Restaurants,-1.0,قمت بتجربة هذا المكان وملاحظاتي هي: مستوى النظافة عادي ولا بأس به في حين أن الأكل كان بارداً وطعمه سيء جداً في حين أن الأسعار كانت متوسطة ومناسبة لجودة المكان,النظافة، الأكل، الأسعار,"[0, -1, 0]","['النظافة', 'الأكل', 'الأسعار']"
Attractions,-1.0,قمت بتجربة هذا المكان وملاحظاتي هي: مساحة المكان وتصميمه مقبول ولا بأس به. والتنظيم سيء جداً وهناك عشوائية في المكان,المكان، التنظيم,"[0, -1]","['المكان', 'التنظيم']"
Attractions,0.0,التجربة بشكل عام كانت متفاوتة، لا بأس بالتنظيم بشكل عام وبالنسبة للتذاكر فـ أسعار الدخول طبيعية مقارنة بالفعاليات. والمكان يعتبر جيد لقضاء بعض الوقت,التنظيم، التذاكر، المكان,"[0, 0, 0]","['التنظيم', 'التذاكر', 'المكان']"
Hotels,0.0,بالنسبة للإفطار فهو جيد نسبيا كأي فندق آخر وبالنسبة للاستقبال فـ واجهنا بطء شديد ومماطلة من موظفي بالإضافة إلى ذلك، أعجبتني الغرفة بنظافتها الفائقة وتصميمها الرائع، كما أن الموقع مقبول ولا بأس به مقارنة بالسعر,الإفطار، الاستقبال، الغرفة، الموقع,"[0, -1, 1, 0]","['الإفطار', 'الاستقبال', 'الغرفة', 'الموقع']"
Restaurants,0.0,خلال عطلة نهاية الأسبوع ذهبنا إلى هناك، الأسعار كانت متوسطة ومناسبة لجودة المكان في حين أن الخدمة ممتازة واهتمام كبير بالزبائن أما الأكل فـ مقبول لكنني تذوقت أفضل منه وبالنسبة للنظافة فـ مستوى عادي ولا بأس به,الأسعار، الخدمة، الأكل، النظافة,"[0, 1, 0, 0]","['الأسعار', 'الخدمة', 'الأكل', 'النظافة']"
Attractions,0.0,قمت بتجربة هذا المكان وملاحظاتي هي: أسعار التذاكر غالية جداً ومبالغ فيها بالإضافة إلى ذلك، ترتيب الدخول كان يسير بشكل طبيعي. الفعاليات كانت تقليدية ومكررة وبالنسبة للمكان فـ وجهة سياحية رائعة وتستحق الزيارة تكراراً,التذاكر، التنظيم، الفعاليات، المكان,"[-1, 0, 0, 1]","['التذاكر', 'التنظيم', 'الفعاليات', 'المكان']"
Hotels,-1.0,خلال عطلة نهاية الأسبوع ذهبنا إلى هناك، الإفطار كان مقبولاً لكنه يفتقر للتنوع. واجهنا بطء شديد ومماطلة من موظفي الاستقبال,الإفطار، الاستقبال,"[0, -1]","['الإفطار', 'الاستقبال']"
Attractions,0.0,قرأت تقييمات كثيرة وقررت التجربة، أسعار الدخول طبيعية مقارنة بالفعاليات. والفعاليات مقبولة وتمضية وقت ليس إلا,التذاكر، الفعاليات,"[0, 0]","['التذاكر', 'الفعاليات']"
Attractions,0.0,خلال عطلة نهاية الأسبوع ذهبنا إلى هناك، الأنشطة الموجودة لا بأس بها للأطفال. والتنظيم داخل المرفق كان عاديا,الفعاليات، التنظيم,"[0, 0]","['الفعاليات', 'التنظيم']"
Restaurants,1.0,قمت بتجربة هذا المكان وملاحظاتي هي: بالنسبة للأسعار فهي مقبولة إلى حد ما. والخدمة في المطعم كانت روتينية في حين أن المكان يلمع من النظافة والاهتمام بالتفاصيل في حين أن الأكل كان لذيذاً جداً وأنصح به بشدة,الأسعار، الخدمة، النظافة، الأكل,"[0, 0, 1, 1]","['الأسعار', 'الخدمة', 'النظافة', 'الأكل']"
Hotels,0.0,خلال عطلة نهاية الأسبوع ذهبنا إلى هناك، موقع المكان عادي ويمكن الوصول إليه بسهولة في حين أن بالنسبة للغرفة فهي بمستوى طبيعي ولا بأس بها,الموقع، الغرفة,"[0, 0]","['الموقع', 'الغرفة']"
Restaurants,-1.0,بالنسبة للأكل فهو بمستوى طبيعي بالإضافة إلى ذلك، المكان متسخ والطاولات غير نظيفة، كما أن أسعار المنيو تعتبر طبيعية مقارنة بالمطاعم الأخرى,الأكل، النظافة، الأسعار,"[0, -1, 0]","['الأكل', 'النظافة', 'الأسعار']"
Hotels,0.0,بصراحة، مساحة الغرفة كانت متوسطة كما توقعنا أما الموقع فـ موقع الفندق يعتبر متوسطا من حيث القرب للخدمات أما الاستقبال فـ كان مقبولا بشكل عام. الإفطار كان مقبولاً لكنه يفتقر للتنوع,الغرفة، الموقع، الاستقبال، الإفطار,"[0, 0, 0, 0]","['الغرفة', 'الموقع', 'الاستقبال', 'الإفطار']"
Attractions,0.0,بصراحة، الإدارة والتنظيم بمستوى مقبول. والعروض المقدمة كانت في المستوى الطبيعي,التنظيم، الفعاليات,"[0, 0]","['التنظيم', 'الفعاليات']"
Restaurants,1.0,التجربة بشكل عام كانت متفاوتة، أسعار المنيو تعتبر طبيعية مقارنة بالمطاعم الأخرى، كما أن المكان يلمع من النظافة والاهتمام بالتفاصيل,الأسعار، النظافة,"[0, 1]","['الأسعار', 'النظافة']"
Attractions,-1.0,خلال عطلة نهاية الأسبوع ذهبنا إلى هناك، التنظيم سيء جداً وهناك عشوائية في المكان أما المكان فالوجهة كانت عادية ولم تبهرني كثيراً أما الفعاليات فـ مقبولة وتمضية وقت ليس إلا,التنظيم، المكان، الفعاليات,"[-1, 0, 0]","['التنظيم', 'المكان', 'الفعاليات']"
Restaurants,1.0,التجربة بشكل عام كانت متفاوتة، أسعار المنيو تعتبر طبيعية مقارنة بالمطاعم الأخرى. الخدمة سريعة جداً وطاقم العمل ودود. الطاولات كانت نظيفة بشكل معتاد,الأسعار، الخدمة، النظافة,"[0, 1, 0]","['الأسعار', 'الخدمة', 'النظافة']"
Attractions,0.0,بصراحة، الفعاليات كانت تقليدية ومكررة في حين أن أسعار الدخول طبيعية مقارنة بالفعاليات، كما أن ترتيب الدخول كان يسير بشكل طبيعي أما المكان فالوجهة كانت عادية ولم تبهرني كثيراً,الفعاليات، التذاكر، التنظيم، المكان,"[0, 0, 0, 0]","['الفعاليات', 'التذاكر', 'التنظيم', 'المكان']"
Attractions,0.0,بصراحة، الأنشطة الموجودة لا بأس بها للأطفال وبالنسبة للمكان فـ لا أنصح بزيارة فهو سيء للغاية. وسعر التذاكر كان متوسطا ومقبولا وبالنسبة للتنظيم فـ ترتيب الدخول كان يسير بشكل طبيعي,الفعاليات، المكان، التذاكر، التنظيم,"[0, -1, 0, 0]","['الفعاليات', 'المكان', 'التذاكر', 'التنظيم']"
Restaurants,1.0,في زيارتي الأخيرة، الخدمة ممتازة واهتمام كبير بالزبائن. والسعر كان عاديا وليس مبالغا فيه بالإضافة إلى ذلك، الأكل مقبول لكنني تذوقت أفضل منه بالإضافة إلى ذلك، نظافة المطعم ممتازة جداً,الخدمة، الأسعار، الأكل، النظافة,"[1, 0, 0, 1]","['الخدمة', 'الأسعار', 'الأكل', 'النظافة']"
Hotels,0.0,قرأت تقييمات كثيرة وقررت التجربة، الموقع بعيد جداً ومقطوع عن الخدمات. الغرفة كانت عادية وتفي بالغرض وبالنسبة للإفطار فـ بوفيه مذهل ويحتوي على خيارات رائعة,الموقع، الغرفة، الإفطار,"[-1, 0, 1]","['الموقع', 'الغرفة', 'الإفطار']"
Hotels,0.0,في زيارتي الأخيرة، الموقع مقبول ولا بأس به مقارنة بالسعر أما الاستقبال فـ كان مقبولا بشكل عام وبالنسبة للإفطار فـ وجبة كانت عادية ولم تكن مميزة,الموقع، الاستقبال، الإفطار,"[0, 0, 0]","['الموقع', 'الاستقبال', 'الإفطار']"
Restaurants,-1.0,قرأت تقييمات كثيرة وقررت التجربة، أسعار المنيو تعتبر طبيعية مقارنة بالمطاعم الأخرى بالإضافة إلى ذلك، النظافة معدومة في هذا المطعم، كما أن الأكل كان بارداً وطعمه سيء جداً,الأسعار، النظافة، الأكل,"[0, -1, -1]","['الأسعار', 'النظافة', 'الأكل']"
Attractions,0.0,في زيارتي الأخيرة، التذاكر ليست رخيصة ولا غالية بل في المعقول بالإضافة إلى ذلك، التنظيم داخل المرفق كان عاديا,التذاكر، التنظيم,"[0, 0]","['التذاكر', 'التنظيم']"
Hotels,0.0,قمت بتجربة هذا المكان وملاحظاتي هي: موقع الفندق يعتبر متوسطا من حيث القرب للخدمات بالإضافة إلى ذلك، الإفطار كان مقبولاً لكنه يفتقر للتنوع وبالنسبة للاستقبال فـ ترحيب حار جداً من طاقم وبالنسبة للغرفة فـ بالنسبة للغرفة فهي بمستوى طبيعي ولا بأس بها,الموقع، الإفطار، الاستقبال، الغرفة,"[0, 0, 1, 0]","['الموقع', 'الإفطار', 'الاستقبال', 'الغرفة']"
Attractions,1.0,التجربة بشكل عام كانت متفاوتة، الأنشطة والفعاليات ممتعة جداً ومليئة بالحماس. وبشكل عام المكان طبيعي كأي حديقة أخرى وبالنسبة للتنظيم فالإدارة و بمستوى مقبول,الفعاليات، المكان، التنظيم,"[1, 0, 0]","['الفعاليات', 'المكان', 'التنظيم']"
Restaurants,0.0,في زيارتي الأخيرة، مستوى الخدمة لا بأس به، كما أن الأكل مقبول لكنني تذوقت أفضل منه أما النظافة فالطاولات كانت نظيفة بشكل معتاد. والسعر كان عاديا وليس مبالغا فيه,الخدمة، الأكل، النظافة، الأسعار,"[0, 0, 0, 0]","['الخدمة', 'الأكل', 'النظافة', 'الأسعار']"
Restaurants,1.0,في زيارتي الأخيرة، الخدمة سريعة جداً وطاقم العمل ودود، كما أن السعر كان عاديا وليس مبالغا فيه,الخدمة، الأسعار,"[1, 0]","['الخدمة', 'الأسعار']"
Attractions,1.0,بصراحة، التنظيم رائع جداً وسلس للغاية، كما أن المكان يعتبر جيد لقضاء بعض الوقت,التنظيم، المكان,"[1, 0]","['التنظيم', 'المكان']"
Attractions,1.0,في زيارتي الأخيرة، ترتيب الدخول كان يسير بشكل طبيعي أما الفعاليات فـ عروض رائعة ومتنوعة تناسب كل الأعمار في حين أن بشكل عام المكان طبيعي كأي حديقة أخرى,التنظيم، الفعاليات، المكان,"[0, 1, 0]","['التنظيم', 'الفعاليات', 'المكان']"
Hotels,0.0,قمت بتجربة هذا المكان وملاحظاتي هي: موقع الفندق يعتبر متوسطا من حيث القرب للخدمات بالإضافة إلى ذلك، بالنسبة للغرفة فهي بمستوى طبيعي ولا بأس بها,الموقع، الغرفة,"[0, 0]","['الموقع', 'الغرفة']"
Restaurants,0.0,المطعم نظيف لحد معقول بالإضافة إلى ذلك، تعامل الويترز كان عادياً بالإضافة إلى ذلك، المطعم غالي بشكل مبالغ فيه ولا يستحق، كما أن طعم الأكل كان عادياً ولا يوجد فيه نكهة مميزة,النظافة، الخدمة، الأسعار، الأكل,"[0, 0, -1, 0]","['النظافة', 'الخدمة', 'الأسعار', 'الأكل']"
Restaurants,1.0,قرأت تقييمات كثيرة وقررت التجربة، الأسعار ممتازة ورخيصة مقارنة بالكمية أما النظافة فالطاولات كانت نظيفة بشكل معتاد,الأسعار، النظافة,"[1, 0]","['الأسعار', 'النظافة']"
Restaurants,0.0,قرأت تقييمات كثيرة وقررت التجربة، الطلبات كانت متوسطة المستوى ولا بأس بها في حين أن أسعار المنيو تعتبر طبيعية مقارنة بالمطاعم الأخرى. تعامل الويترز كان عادياً,الأكل، الأسعار، الخدمة,"[0, 0, 0]","['الأكل', 'الأسعار', 'الخدمة']"
Restaurants,1.0,قرأت تقييمات كثيرة وقررت التجربة، مستوى الخدمة لا بأس به في حين أن بالنسبة للأسعار فهي مقبولة إلى حد ما. ونظافة المطعم ممتازة جداً,الخدمة، الأسعار، النظافة,"[0, 0, 1]","['الخدمة', 'الأسعار', 'النظافة']"
Restaurants,0.0,بصراحة، نظافة المطعم ممتازة جداً وبالنسبة للخدمة فـ سرعة كانت في المعدل الطبيعي والمقبول وبالنسبة للأكل فـ بالنسبة للأكل فهو بمستوى طبيعي بالإضافة إلى ذلك، أسعار المنيو تعتبر طبيعية مقارنة بالمطاعم الأخرى,النظافة، الخدمة، الأكل، الأسعار,"[1, 0, 0, 0]","['النظافة', 'الخدمة', 'الأكل', 'الأسعار']"
Restaurants,0.0,خلال عطلة نهاية الأسبوع ذهبنا إلى هناك، بالنسبة للأكل فهو بمستوى طبيعي. الخدمة في المطعم كانت روتينية. بالنسبة للأسعار فهي مقبولة إلى حد ما. مستوى النظافة عادي ولا بأس به,الأكل، الخدمة، الأسعار، النظافة,"[0, 0, 0, 0]","['الأكل', 'الخدمة', 'الأسعار', 'النظافة']"
Restaurants,0.0,بصراحة، طعم الأكل كان عادياً ولا يوجد فيه نكهة مميزة. والسعر كان عاديا وليس مبالغا فيه,الأكل، الأسعار,"[0, 0]","['الأكل', 'الأسعار']"
Hotels,-1.0,خلال عطلة نهاية الأسبوع ذهبنا إلى هناك، موقع الفندق سيء ويصعب الوصول إليه أما الاستقبال فـ تعامل كان جافاً وغير احترافي,الموقع، الاستقبال,"[-1, -1]","['الموقع', 'الاستقبال']"
Attractions,0.0,بصراحة، التذاكر ليست رخيصة ولا غالية بل في المعقول، كما أن الفعاليات مقبولة وتمضية وقت ليس إلا بالإضافة إلى ذلك، مساحة المكان وتصميمه مقبول ولا بأس به في حين أن التنظيم داخل المرفق كان عاديا,التذاكر، الفعاليات، المكان، التنظيم,"[0, 0, 0, 0]","['التذاكر', 'الفعاليات', 'المكان', 'التنظيم']"
Attractions,0.0,بصراحة، ترتيب الدخول كان يسير بشكل طبيعي، كما أن مساحة المكان وتصميمه مقبول ولا بأس به,التنظيم، المكان,"[0, 0]","['التنظيم', 'المكان']"
Restaurants,0.0,بالنسبة للأسعار فهي مقبولة إلى حد ما في حين أن الأكل مقبول لكنني تذوقت أفضل منه بالإضافة إلى ذلك، المكان يلمع من النظافة والاهتمام بالتفاصيل أما الخدمة فـ تعامل الويترز كان عادياً,الأسعار، الأكل، النظافة، الخدمة,"[0, 0, 1, 0]","['الأسعار', 'الأكل', 'النظافة', 'الخدمة']"
Hotels,0.0,التجربة بشكل عام كانت متفاوتة، الاستقبال كان مقبولا بشكل عام في حين أن الغرفة كانت عادية وتفي بالغرض. والإفطار كان مقبولاً لكنه يفتقر للتنوع,الاستقبال، الغرفة، الإفطار,"[0, 0, 0]","['الاستقبال', 'الغرفة', 'الإفطار']"
Attractions,0.0,في زيارتي الأخيرة، ترتيب الدخول كان يسير بشكل طبيعي أما الفعاليات فـ كانت تقليدية ومكررة,التنظيم، الفعاليات,"[0, 0]","['التنظيم', 'الفعاليات']"
Attractions,0.0,التجربة بشكل عام كانت متفاوتة، التذاكر ليست رخيصة ولا غالية بل في المعقول. الإدارة والتنظيم بمستوى مقبول وبالنسبة للمكان فالوجهة كانت عادية ولم تبهرني كثيراً، كما أن العروض المقدمة كانت في المستوى الطبيعي,التذاكر، التنظيم، المكان، الفعاليات,"[0, 0, 0, 0]","['التذاكر', 'التنظيم', 'المكان', 'الفعاليات']"
Restaurants,0.0,قمت بتجربة هذا المكان وملاحظاتي هي: الخدمة ممتازة واهتمام كبير بالزبائن. بالنسبة للأسعار فهي مقبولة إلى حد ما بالإضافة إلى ذلك، الطاولات كانت نظيفة بشكل معتاد. والأكل مقبول لكنني تذوقت أفضل منه,الخدمة، الأسعار، النظافة، الأكل,"[1, 0, 0, 0]","['الخدمة', 'الأسعار', 'النظافة', 'الأكل']"
Attractions,1.0,خلال عطلة نهاية الأسبوع ذهبنا إلى هناك، الفعاليات كانت تقليدية ومكررة أما المكان فـ وجهة سياحية رائعة وتستحق الزيارة تكراراً,الفعاليات، المكان,"[0, 1]","['الفعاليات', 'المكان']"
Restaurants,0.0,بصراحة، الأكل مقبول لكنني تذوقت أفضل منه أما الخدمة فـ تعامل الويترز كان عادياً أما النظافة فالمطعم نظيف لحد معقول,الأكل، الخدمة، النظافة,"[0, 0, 0]","['الأكل', 'الخدمة', 'النظافة']"
Hotels,1.0,التجربة بشكل عام كانت متفاوتة، موقع الفندق ممتاز جداً وإطلالته خرافية أما الاستقبال فـ موظفو قاموا بعملهم بشكل روتيني,الموقع، الاستقبال,"[1, 0]","['الموقع', 'الاستقبال']"
Hotels,0.0,الموقع مقبول ولا بأس به مقارنة بالسعر. الاستقبال كان مقبولا بشكل عام، كما أن الغرفة ضيقة جداً ومكتومة في حين أن وجبة الإفطار كانت عادية ولم تكن مميزة,الموقع، الاستقبال، الغرفة، الإفطار,"[0, 0, -1, 0]","['الموقع', 'الاستقبال', 'الغرفة', 'الإفطار']"
Attractions,0.0,التجربة بشكل عام كانت متفاوتة، أسعار التذاكر غالية جداً ومبالغ فيها وبالنسبة للفعاليات فالعروض المقدمة كانت في المستوى الطبيعي. مرتبين جداً والتنظيم احترافي وبالنسبة للمكان فالوجهة كانت عادية ولم تبهرني كثيراً,التذاكر، الفعاليات، التنظيم، المكان,"[-1, 0, 1, 0]","['التذاكر', 'الفعاليات', 'التنظيم', 'المكان']"
Hotels,0.0,قرأت تقييمات كثيرة وقررت التجربة، أثاث الغرفة يبدو عادياً ليس حديثاً ولا قديماً جداً. موظفو الاستقبال قاموا بعملهم بشكل روتيني وبالنسبة للإفطار فـ بوفيه كان تقليدياً ويقدم أصنافاً معتادة,الغرفة، الاستقبال، الإفطار,"[0, 0, 0]","['الغرفة', 'الاستقبال', 'الإفطار']"
Restaurants,0.0,مستوى النظافة عادي ولا بأس به. وسرعة الخدمة كانت في المعدل الطبيعي والمقبول وبالنسبة للأكل فالطلبات كانت متوسطة المستوى ولا بأس بها,النظافة، الخدمة، الأكل,"[0, 0, 0]","['النظافة', 'الخدمة', 'الأكل']"
Hotels,0.0,في زيارتي الأخيرة، الموقع مقبول ولا بأس به مقارنة بالسعر بالإضافة إلى ذلك، الاستقبال كان مقبولا بشكل عام بالإضافة إلى ذلك، بالنسبة للغرفة فهي بمستوى طبيعي ولا بأس بها، كما أن بالنسبة للإفطار فهو جيد نسبيا كأي فندق آخر,الموقع، الاستقبال، الغرفة، الإفطار,"[0, 0, 0, 0]","['الموقع', 'الاستقبال', 'الغرفة', 'الإفطار']"
Hotels,0.0,بصراحة، الإفطار كان مقبولاً لكنه يفتقر للتنوع أما الموقع فـ موقع المكان عادي ويمكن الوصول إليه بسهولة,الإفطار، الموقع,"[0, 0]","['الإفطار', 'الموقع']"
Hotels,-1.0,خلال عطلة نهاية الأسبوع ذهبنا إلى هناك، بوفيه الإفطار كان تقليدياً ويقدم أصنافاً معتادة. للأسف الغرفة كانت سيئة وغير نظيفة على الإطلاق,الإفطار، الغرفة,"[0, -1]","['الإفطار', 'الغرفة']"
Restaurants,0.0,خلال عطلة نهاية الأسبوع ذهبنا إلى هناك، الخدمة سريعة جداً وطاقم العمل ودود أما النظافة فالمكان متسخ والطاولات غير نظيفة,الخدمة، النظافة,"[1, -1]","['الخدمة', 'النظافة']"
Attractions,1.0,قمت بتجربة هذا المكان وملاحظاتي هي: ترتيب الدخول كان يسير بشكل طبيعي في حين أن أسعار التذاكر رخيصة جداً ومناسبة للجميع,التنظيم، التذاكر,"[0, 1]","['التنظيم', 'التذاكر']"
Attractions,-1.0,خلال عطلة نهاية الأسبوع ذهبنا إلى هناك، مساحة المكان وتصميمه مقبول ولا بأس به. أسعار الدخول طبيعية مقارنة بالفعاليات وبالنسبة للفعاليات فـ مملة جداً ولا يوجد تجديد,المكان، التذاكر، الفعاليات,"[0, 0, -1]","['المكان', 'التذاكر', 'الفعاليات']"
Attractions,1.0,التجربة بشكل عام كانت متفاوتة، التنظيم رائع جداً وسلس للغاية، كما أن أسعار الدخول طبيعية مقارنة بالفعاليات بالإضافة إلى ذلك، المكان يعتبر جيد لقضاء بعض الوقت,التنظيم، التذاكر، المكان,"[1, 0, 0]","['التنظيم', 'التذاكر', 'المكان']"
Hotels,0.0,قمت بتجربة هذا المكان وملاحظاتي هي: الإفطار كان مقبولاً لكنه يفتقر للتنوع بالإضافة إلى ذلك، طاقم الاستقبال كان عادياً في التعامل، كما أن بالنسبة للغرفة فهي بمستوى طبيعي ولا بأس بها. والموقع مقبول ولا بأس به مقارنة بالسعر,الإفطار، الاستقبال، الغرفة، الموقع,"[0, 0, 0, 0]","['الإفطار', 'الاستقبال', 'الغرفة', 'الموقع']"
Restaurants,1.0,بصراحة، قيمة رائعة مقابل المال والأسعار جداً معقولة، كما أن كل الأطباق كانت مطبوخة باحترافية وطعمها خيال بالإضافة إلى ذلك، مستوى الخدمة لا بأس به وبالنسبة للنظافة فـ مستوى عادي ولا بأس به,الأسعار، الأكل، الخدمة، النظافة,"[1, 1, 0, 0]","['الأسعار', 'الأكل', 'الخدمة', 'النظافة']"
Attractions,-1.0,العروض المقدمة كانت في المستوى الطبيعي. فوضى عارمة وسوء تنظيم واضح وبالنسبة للمكان فالوجهة كانت عادية ولم تبهرني كثيراً,الفعاليات، التنظيم، المكان,"[0, -1, 0]","['الفعاليات', 'التنظيم', 'المكان']"
Restaurants,0.0,الأكل مقبول لكنني تذوقت أفضل منه، كما أن تعامل الويترز كان عادياً. ونظافة المكان بشكل عام كانت مقبولة,الأكل، الخدمة، النظافة,"[0, 0, 0]","['الأكل', 'الخدمة', 'النظافة']"
Hotels,1.0,قرأت تقييمات كثيرة وقررت التجربة، أثاث الغرفة يبدو عادياً ليس حديثاً ولا قديماً جداً، كما أن إجراءات الدخول في الاستقبال كانت طبيعية ولم تستغرق وقتا طويلا أو قصيرا وبالنسبة للإفطار فـ كان لذيذاً ومتنوعاً جداً,الغرفة، الاستقبال، الإفطار,"[0, 0, 1]","['الغرفة', 'الاستقبال', 'الإفطار']"
Restaurants,-1.0,خلال عطلة نهاية الأسبوع ذهبنا إلى هناك، المطعم غالي بشكل مبالغ فيه ولا يستحق. سرعة الخدمة كانت في المعدل الطبيعي والمقبول وبالنسبة للنظافة فـ مستوى عادي ولا بأس به,الأسعار، الخدمة، النظافة,"[-1, 0, 0]","['الأسعار', 'الخدمة', 'النظافة']"
Hotels,0.0,خلال عطلة نهاية الأسبوع ذهبنا إلى هناك، الموقع لا يتميز بشيء خاص ولكنه مناسب وبالنسبة للاستقبال فـ إجراءات الدخول في كانت طبيعية ولم تستغرق وقتا طويلا أو قصيرا وبالنسبة للإفطار فـ وجبة كانت عادية ولم تكن مميزة,الموقع، الاستقبال، الإفطار,"[0, 0, 0]","['الموقع', 'الاستقبال', 'الإفطار']"
Restaurants,1.0,خلال عطلة نهاية الأسبوع ذهبنا إلى هناك، مستوى النظافة عادي ولا بأس به. الخدمة ممتازة واهتمام كبير بالزبائن. وكل الأطباق كانت مطبوخة باحترافية وطعمها خيال في حين أن أسعار المنيو تعتبر طبيعية مقارنة بالمطاعم الأخرى,النظافة، الخدمة، الأكل، الأسعار,"[0, 1, 1, 0]","['النظافة', 'الخدمة', 'الأكل', 'الأسعار']"
Restaurants,0.0,قمت بتجربة هذا المكان وملاحظاتي هي: الخدمة في المطعم كانت روتينية وبالنسبة للأكل فـ مقبول لكنني تذوقت أفضل منه وبالنسبة للأسعار فـ مبالغ فيها وغالية جداً. والمطعم نظيف لحد معقول,الخدمة، الأكل، الأسعار، النظافة,"[0, 0, -1, 0]","['الخدمة', 'الأكل', 'الأسعار', 'النظافة']"
Restaurants,0.0,قرأت تقييمات كثيرة وقررت التجربة، الأسعار كانت متوسطة ومناسبة لجودة المكان أما الخدمة فـ في المطعم كانت روتينية,الأسعار، الخدمة,"[0, 0]","['الأسعار', 'الخدمة']"
Restaurants,0.0,بصراحة، أسعار المنيو تعتبر طبيعية مقارنة بالمطاعم الأخرى وبالنسبة للخدمة فـ تعامل الويترز كان عادياً,الأسعار، الخدمة,"[0, 0]","['الأسعار', 'الخدمة']"
Attractions,0.0,في زيارتي الأخيرة، مرتبين جداً والتنظيم احترافي في حين أن لا توجد فعاليات تذكر والأنشطة سيئة بالإضافة إلى ذلك، مساحة المكان وتصميمه مقبول ولا بأس به,التنظيم، الفعاليات، المكان,"[1, -1, 0]","['التنظيم', 'الفعاليات', 'المكان']"
Restaurants,-1.0,خلال عطلة نهاية الأسبوع ذهبنا إلى هناك، لم يعجبني الأكل إطلاقاً وكان دون المستوى. المطعم نظيف لحد معقول,الأكل، النظافة,"[-1, 0]","['الأكل', 'النظافة']"
Attractions,0.0,خلال عطلة نهاية الأسبوع ذهبنا إلى هناك، مساحة المكان وتصميمه مقبول ولا بأس به في حين أن الإدارة والتنظيم بمستوى مقبول. الفعاليات مقبولة وتمضية وقت ليس إلا,المكان، التنظيم، الفعاليات,"[0, 0, 0]","['المكان', 'التنظيم', 'الفعاليات']"
Restaurants,-1.0,في زيارتي الأخيرة، الطاولات كانت نظيفة بشكل معتاد أما الأسعار فـ مبالغ فيها وغالية جداً,النظافة، الأسعار,"[0, -1]","['النظافة', 'الأسعار']"
Attractions,0.0,التجربة بشكل عام كانت متفاوتة، الأنشطة الموجودة لا بأس بها للأطفال. التنظيم داخل المرفق كان عاديا، كما أن المكان يعتبر جيد لقضاء بعض الوقت,الفعاليات، التنظيم، المكان,"[0, 0, 0]","['الفعاليات', 'التنظيم', 'المكان']"
Hotels,-1.0,خلال عطلة نهاية الأسبوع ذهبنا إلى هناك، الإفطار كان مقبولاً لكنه يفتقر للتنوع في حين أن واجهنا بطء شديد ومماطلة من موظفي الاستقبال وبالنسبة للغرفة فـ أثاث يبدو عادياً ليس حديثاً ولا قديماً جداً,الإفطار، الاستقبال، الغرفة,"[0, -1, 0]","['الإفطار', 'الاستقبال', 'الغرفة']"
Hotels,0.0,قمت بتجربة هذا المكان وملاحظاتي هي: الموقع استراتيجي وقريب من كل الفعاليات بالإضافة إلى ذلك، الغرفة ضيقة جداً ومكتومة في حين أن طاقم الاستقبال كان عادياً في التعامل,الموقع، الغرفة، الاستقبال,"[1, -1, 0]","['الموقع', 'الغرفة', 'الاستقبال']"
Hotels,-1.0,قمت بتجربة هذا المكان وملاحظاتي هي: موقع الفندق سيء ويصعب الوصول إليه، كما أن أثاث الغرفة يبدو عادياً ليس حديثاً ولا قديماً جداً بالإضافة إلى ذلك، الاستقبال كان مقبولا بشكل عام وبالنسبة للإفطار فـ جودة الطعام في كانت ضعيفة جداً,الموقع، الغرفة، الاستقبال، الإفطار,"[-1, 0, 0, -1]","['الموقع', 'الغرفة', 'الاستقبال', 'الإفطار']"
Hotels,0.0,إجراءات الدخول في الاستقبال كانت طبيعية ولم تستغرق وقتا طويلا أو قصيرا وبالنسبة للموقع فـ لا يتميز بشيء خاص ولكنه مناسب,الاستقبال، الموقع,"[0, 0]","['الاستقبال', 'الموقع']"
Hotels,0.0,في زيارتي الأخيرة، إجراءات الدخول في الاستقبال كانت طبيعية ولم تستغرق وقتا طويلا أو قصيرا بالإضافة إلى ذلك، الموقع لا يتميز بشيء خاص ولكنه مناسب بالإضافة إلى ذلك، وجبة الإفطار كانت عادية ولم تكن مميزة، كما أن بالنسبة للغرفة فهي بمستوى طبيعي ولا بأس بها,الاستقبال، الموقع، الإفطار، الغرفة,"[0, 0, 0, 0]","['الاستقبال', 'الموقع', 'الإفطار', 'الغرفة']"
Hotels,0.0,التجربة بشكل عام كانت متفاوتة، وجبة الإفطار كانت عادية ولم تكن مميزة بالإضافة إلى ذلك، الموقع لا يتميز بشيء خاص ولكنه مناسب. مساحة الغرفة كانت متوسطة كما توقعنا. موظفو الاستقبال قاموا بعملهم بشكل روتيني,الإفطار، الموقع، الغرفة، الاستقبال,"[0, 0, 0, 0]","['الإفطار', 'الموقع', 'الغرفة', 'الاستقبال']"
Attractions,0.0,الإدارة والتنظيم بمستوى مقبول وبالنسبة للمكان فـ يعتبر جيد لقضاء بعض الوقت,التنظيم، المكان,"[0, 0]","['التنظيم', 'المكان']"
Hotels,1.0,قرأت تقييمات كثيرة وقررت التجربة، موقع الفندق يعتبر متوسطا من حيث القرب للخدمات في حين أن أعجبتني الغرفة بنظافتها الفائقة وتصميمها الرائع. وبوفيه الإفطار كان تقليدياً ويقدم أصنافاً معتادة,الموقع، الغرفة، الإفطار,"[0, 1, 0]","['الموقع', 'الغرفة', 'الإفطار']"
Attractions,0.0,الأنشطة الموجودة لا بأس بها للأطفال، كما أن الوجهة كانت عادية ولم تبهرني كثيراً. والتنظيم داخل المرفق كان عاديا أما التذاكر فـ أسعار رخيصة جداً ومناسبة للجميع,الفعاليات، المكان، التنظيم، التذاكر,"[0, 0, 0, 1]","['الفعاليات', 'المكان', 'التنظيم', 'التذاكر']"
Attractions,-1.0,بصراحة، أسعار التذاكر غالية جداً ومبالغ فيها. وبشكل عام المكان طبيعي كأي حديقة أخرى,التذاكر، المكان,"[-1, 0]","['التذاكر', 'المكان']"
Hotels,-1.0,بصراحة، الإفطار كان مقبولاً لكنه يفتقر للتنوع، كما أن الاستقبال كان مقبولا بشكل عام. الغرفة ضيقة جداً ومكتومة,الإفطار، الاستقبال، الغرفة,"[0, 0, -1]","['الإفطار', 'الاستقبال', 'الغرفة']"
Restaurants,-1.0,الأسعار مبالغ فيها وغالية جداً في حين أن لم يعجبني الأكل إطلاقاً وكان دون المستوى. تعامل الويترز كان عادياً. والمطعم نظيف لحد معقول,الأسعار، الأكل، الخدمة، النظافة,"[-1, -1, 0, 0]","['الأسعار', 'الأكل', 'الخدمة', 'النظافة']"
Attractions,0.0,التجربة بشكل عام كانت متفاوتة، التذاكر ليست رخيصة ولا غالية بل في المعقول، كما أن المكان يعتبر جيد لقضاء بعض الوقت. ولا بأس بالتنظيم بشكل عام,التذاكر، المكان، التنظيم,"[0, 0, 0]","['التذاكر', 'المكان', 'التنظيم']"
Hotels,1.0,خلال عطلة نهاية الأسبوع ذهبنا إلى هناك، الموقع مقبول ولا بأس به مقارنة بالسعر. الإفطار كان لذيذاً ومتنوعاً جداً أما الغرفة فـ بالنسبة للغرفة فهي بمستوى طبيعي ولا بأس بها,الموقع، الإفطار، الغرفة,"[0, 1, 0]","['الموقع', 'الإفطار', 'الغرفة']"
Restaurants,0.0,خلال عطلة نهاية الأسبوع ذهبنا إلى هناك، الأكل مقبول لكنني تذوقت أفضل منه أما الأسعار فالسعر كان عاديا وليس مبالغا فيه أما النظافة فالطاولات كانت نظيفة بشكل معتاد وبالنسبة للخدمة فـ في المطعم كانت روتينية,الأكل، الأسعار، النظافة، الخدمة,"[0, 0, 0, 0]","['الأكل', 'الأسعار', 'النظافة', 'الخدمة']"
Restaurants,-1.0,قرأت تقييمات كثيرة وقررت التجربة، المكان متسخ والطاولات غير نظيفة. الأسعار مبالغ فيها وغالية جداً وبالنسبة للخدمة فـ تعامل الويترز كان عادياً. وبالنسبة للأكل فهو بمستوى طبيعي,النظافة، الأسعار، الخدمة، الأكل,"[-1, -1, 0, 0]","['النظافة', 'الأسعار', 'الخدمة', 'الأكل']"
Restaurants,0.0,في زيارتي الأخيرة، المطعم نظيف لحد معقول بالإضافة إلى ذلك، تعامل الويترز كان عادياً أما الأكل فالطلبات كانت متوسطة المستوى ولا بأس بها، كما أن أسعار المنيو تعتبر طبيعية مقارنة بالمطاعم الأخرى,النظافة، الخدمة، الأكل، الأسعار,"[0, 0, 0, 0]","['النظافة', 'الخدمة', 'الأكل', 'الأسعار']"
Attractions,1.0,خلال عطلة نهاية الأسبوع ذهبنا إلى هناك، أسعار التذاكر رخيصة جداً ومناسبة للجميع في حين أن بشكل عام المكان طبيعي كأي حديقة أخرى وبالنسبة للفعاليات فـ كانت تقليدية ومكررة,التذاكر، المكان، الفعاليات,"[1, 0, 0]","['التذاكر', 'المكان', 'الفعاليات']"
Hotels,1.0,قرأت تقييمات كثيرة وقررت التجربة، الغرفة ضيقة جداً ومكتومة. والموقع استراتيجي وقريب من كل الفعاليات. وموظفو الاستقبال في قمة الرقي والتعاون,الغرفة، الموقع، الاستقبال,"[-1, 1, 1]","['الغرفة', 'الموقع', 'الاستقبال']"
Hotels,0.0,قمت بتجربة هذا المكان وملاحظاتي هي: الإفطار كان مقبولاً لكنه يفتقر للتنوع أما الموقع فـ موقع الفندق يعتبر متوسطا من حيث القرب للخدمات بالإضافة إلى ذلك، أثاث الغرفة يبدو عادياً ليس حديثاً ولا قديماً جداً بالإضافة إلى ذلك، الاستقبال كان مقبولا بشكل عام,الإفطار، الموقع، الغرفة، الاستقبال,"[0, 0, 0, 0]","['الإفطار', 'الموقع', 'الغرفة', 'الاستقبال']"
Attractions,1.0,في زيارتي الأخيرة، قيمة التذكرة عادية أما الفعاليات فـ عروض رائعة ومتنوعة تناسب كل الأعمار، كما أن وجهة سياحية رائعة وتستحق الزيارة تكراراً,التذاكر، الفعاليات، المكان,"[0, 1, 1]","['التذاكر', 'الفعاليات', 'المكان']"
Restaurants,0.0,قمت بتجربة هذا المكان وملاحظاتي هي: الخدمة في المطعم كانت روتينية أما الأكل فالطلبات كانت متوسطة المستوى ولا بأس بها,الخدمة، الأكل,"[0, 0]","['الخدمة', 'الأكل']"
Attractions,0.0,التجربة بشكل عام كانت متفاوتة، أسعار الدخول طبيعية مقارنة بالفعاليات. لا بأس بالتنظيم بشكل عام. والأنشطة الموجودة لا بأس بها للأطفال,التذاكر، التنظيم، الفعاليات,"[0, 0, 0]","['التذاكر', 'التنظيم', 'الفعاليات']"
Restaurants,-1.0,بصراحة، الخدمة بطيئة للغاية والعمال غير مهتمين أما الأسعار فـ بالنسبة للأسعار فهي مقبولة إلى حد ما,الخدمة، الأسعار,"[-1, 0]","['الخدمة', 'الأسعار']"
Attractions,0.0,التجربة بشكل عام كانت متفاوتة، بشكل عام المكان طبيعي كأي حديقة أخرى. الإدارة والتنظيم بمستوى مقبول وبالنسبة للتذاكر فـ ليست رخيصة ولا غالية بل في المعقول,المكان، التنظيم، التذاكر,"[0, 0, 0]","['المكان', 'التنظيم', 'التذاكر']"
Attractions,-1.0,التجربة بشكل عام كانت متفاوتة، التنظيم سيء جداً وهناك عشوائية في المكان أما المكان فـ بشكل عام طبيعي كأي حديقة أخرى بالإضافة إلى ذلك، أسعار الدخول طبيعية مقارنة بالفعاليات,التنظيم، المكان، التذاكر,"[-1, 0, 0]","['التنظيم', 'المكان', 'التذاكر']"
Attractions,1.0,قرأت تقييمات كثيرة وقررت التجربة، بشكل عام المكان طبيعي كأي حديقة أخرى أما الفعاليات فالأنشطة و ممتعة جداً ومليئة بالحماس وبالنسبة للتنظيم فـ لا بأس ب بشكل عام,المكان، الفعاليات، التنظيم,"[0, 1, 0]","['المكان', 'الفعاليات', 'التنظيم']"
Attractions,1.0,التجربة بشكل عام كانت متفاوتة، العروض المقدمة كانت في المستوى الطبيعي في حين أن المكان ساحر وجميل جداً للتصوير,الفعاليات، المكان,"[0, 1]","['الفعاليات', 'المكان']"
Attractions,-1.0,قرأت تقييمات كثيرة وقررت التجربة، بشكل عام المكان طبيعي كأي حديقة أخرى أما الفعاليات فـ لا توجد فعاليات تذكر والأنشطة سيئة وبالنسبة للتذاكر فـ ليست رخيصة ولا غالية بل في المعقول,المكان، الفعاليات، التذاكر,"[0, -1, 0]","['المكان', 'الفعاليات', 'التذاكر']"
Hotels,0.0,في زيارتي الأخيرة، مساحة الغرفة كانت متوسطة كما توقعنا أما الموقع فـ بعيد جداً ومقطوع عن الخدمات أما الإفطار فـ بالنسبة للإفطار فهو جيد نسبيا كأي فندق آخر بالإضافة إلى ذلك، ترحيب حار جداً من طاقم الاستقبال,الغرفة، الموقع، الإفطار، الاستقبال,"[0, -1, 0, 1]","['الغرفة', 'الموقع', 'الإفطار', 'الاستقبال']"
Attractions,0.0,المكان يعتبر جيد لقضاء بعض الوقت بالإضافة إلى ذلك، قيمة التذكرة عادية في حين أن التنظيم داخل المرفق كان عاديا في حين أن عروض رائعة ومتنوعة تناسب كل الأعمار,المكان، التذاكر، التنظيم، الفعاليات,"[0, 0, 0, 1]","['المكان', 'التذاكر', 'التنظيم', 'الفعاليات']"
Restaurants,0.0,بصراحة، مستوى النظافة عادي ولا بأس به. السعر كان عاديا وليس مبالغا فيه بالإضافة إلى ذلك، الطلبات كانت متوسطة المستوى ولا بأس بها وبالنسبة للخدمة فـ مستوى لا بأس به,النظافة، الأسعار، الأكل، الخدمة,"[0, 0, 0, 0]","['النظافة', 'الأسعار', 'الأكل', 'الخدمة']"
Attractions,-1.0,خلال عطلة نهاية الأسبوع ذهبنا إلى هناك، الفعاليات مملة جداً ولا يوجد تجديد وبالنسبة للتنظيم فـ لا بأس ب بشكل عام,الفعاليات، التنظيم,"[-1, 0]","['الفعاليات', 'التنظيم']"
Attractions,0.0,خلال عطلة نهاية الأسبوع ذهبنا إلى هناك، أسعار التذاكر رخيصة جداً ومناسبة للجميع وبالنسبة للتنظيم فـ ترتيب الدخول كان يسير بشكل طبيعي وبالنسبة للمكان فـ بشكل عام طبيعي كأي حديقة أخرى. والفعاليات مملة جداً ولا يوجد تجديد,التذاكر، التنظيم، المكان، الفعاليات,"[1, 0, 0, -1]","['التذاكر', 'التنظيم', 'المكان', 'الفعاليات']"
Attractions,0.0,في زيارتي الأخيرة، أسعار الدخول طبيعية مقارنة بالفعاليات أما التنظيم فالإدارة و بمستوى مقبول,التذاكر، التنظيم,"[0, 0]","['التذاكر', 'التنظيم']"
Attractions,0.0,في زيارتي الأخيرة، ترتيب الدخول كان يسير بشكل طبيعي وبالنسبة للمكان فـ مساحة وتصميمه مقبول ولا بأس به,التنظيم، المكان,"[0, 0]","['التنظيم', 'المكان']"
Restaurants,-1.0,الخدمة في المطعم كانت روتينية، كما أن لم يعجبني الأكل إطلاقاً وكان دون المستوى,الخدمة، الأكل,"[0, -1]","['الخدمة', 'الأكل']"
Attractions,0.0,خلال عطلة نهاية الأسبوع ذهبنا إلى هناك، لا أنصح بزيارة المكان فهو سيء للغاية وبالنسبة للتذاكر فـ أسعار رخيصة جداً ومناسبة للجميع. لا بأس بالتنظيم بشكل عام,المكان، التذاكر، التنظيم,"[-1, 1, 0]","['المكان', 'التذاكر', 'التنظيم']"
Attractions,-1.0,في زيارتي الأخيرة، الوجهة كانت عادية ولم تبهرني كثيراً وبالنسبة للتذاكر فـ ليست رخيصة ولا غالية بل في المعقول في حين أن فوضى عارمة وسوء تنظيم واضح,المكان، التذاكر، التنظيم,"[0, 0, -1]","['المكان', 'التذاكر', 'التنظيم']"
Attractions,1.0,قرأت تقييمات كثيرة وقررت التجربة، المكان ساحر وجميل جداً للتصوير أما الفعاليات فالعروض المقدمة كانت في المستوى الطبيعي,المكان، الفعاليات,"[1, 0]","['المكان', 'الفعاليات']"
Attractions,1.0,التذاكر قيمتها ممتازة وتشمل خيارات كثيرة في حين أن الفعاليات مقبولة وتمضية وقت ليس إلا وبالنسبة للتنظيم فـ ترتيب الدخول كان يسير بشكل طبيعي,التذاكر، الفعاليات، التنظيم,"[1, 0, 0]","['التذاكر', 'الفعاليات', 'التنظيم']"
Attractions,0.0,المكان يعتبر جيد لقضاء بعض الوقت في حين أن الأنشطة الموجودة لا بأس بها للأطفال أما التنظيم فـ لا بأس ب بشكل عام,المكان، الفعاليات، التنظيم,"[0, 0, 0]","['المكان', 'الفعاليات', 'التنظيم']"
Attractions,0.0,بصراحة، أسعار الدخول طبيعية مقارنة بالفعاليات، كما أن الأنشطة الموجودة لا بأس بها للأطفال,التذاكر، الفعاليات,"[0, 0]","['التذاكر', 'الفعاليات']"
Restaurants,-1.0,في زيارتي الأخيرة، الأكل كان بارداً وطعمه سيء جداً أما الأسعار فالمطعم غالي بشكل مبالغ فيه ولا يستحق,الأكل، الأسعار,"[-1, -1]","['الأكل', 'الأسعار']"
Hotels,-1.0,قمت بتجربة هذا المكان وملاحظاتي هي: الغرفة ضيقة جداً ومكتومة بالإضافة إلى ذلك، بوفيه الإفطار كان تقليدياً ويقدم أصنافاً معتادة. وطاقم الاستقبال كان عادياً في التعامل,الغرفة، الإفطار، الاستقبال,"[-1, 0, 0]","['الغرفة', 'الإفطار', 'الاستقبال']"
Restaurants,1.0,خلال عطلة نهاية الأسبوع ذهبنا إلى هناك، طعم الأكل كان عادياً ولا يوجد فيه نكهة مميزة بالإضافة إلى ذلك، الخدمة سريعة جداً وطاقم العمل ودود وبالنسبة للنظافة فالطاولات كانت نظيفة بشكل معتاد. قيمة رائعة مقابل المال والأسعار جداً معقولة,الأكل، الخدمة، النظافة، الأسعار,"[0, 1, 0, 1]","['الأكل', 'الخدمة', 'النظافة', 'الأسعار']"
Attractions,0.0,لا أنصح بزيارة المكان فهو سيء للغاية وبالنسبة للتذاكر فـ سعر كان متوسطا ومقبولا في حين أن الفعاليات مقبولة وتمضية وقت ليس إلا. التنظيم داخل المرفق كان عاديا,المكان، التذاكر، الفعاليات، التنظيم,"[-1, 0, 0, 0]","['المكان', 'التذاكر', 'الفعاليات', 'التنظيم']"
Hotels,0.0,قرأت تقييمات كثيرة وقررت التجربة، الإفطار كان مقبولاً لكنه يفتقر للتنوع. أثاث الغرفة يبدو عادياً ليس حديثاً ولا قديماً جداً أما الاستقبال فـ موظفو قاموا بعملهم بشكل روتيني,الإفطار، الغرفة، الاستقبال,"[0, 0, 0]","['الإفطار', 'الغرفة', 'الاستقبال']"
Attractions,0.0,قمت بتجربة هذا المكان وملاحظاتي هي: التذاكر ليست رخيصة ولا غالية بل في المعقول في حين أن مساحة المكان وتصميمه مقبول ولا بأس به وبالنسبة للفعاليات فالأنشطة الموجودة لا بأس بها للأطفال,التذاكر، المكان، الفعاليات,"[0, 0, 0]","['التذاكر', 'المكان', 'الفعاليات']"
Hotels,0.0,موظفو الاستقبال قاموا بعملهم بشكل روتيني بالإضافة إلى ذلك، الغرفة كانت عادية وتفي بالغرض في حين أن موقع الفندق يعتبر متوسطا من حيث القرب للخدمات في حين أن بالنسبة للإفطار فهو جيد نسبيا كأي فندق آخر,الاستقبال، الغرفة، الموقع، الإفطار,"[0, 0, 0, 0]","['الاستقبال', 'الغرفة', 'الموقع', 'الإفطار']"
Hotels,0.0,بصراحة، موظفو الاستقبال في قمة الرقي والتعاون. موقع الفندق سيء ويصعب الوصول إليه,الاستقبال، الموقع,"[1, -1]","['الاستقبال', 'الموقع']"
Hotels,1.0,بصراحة، الغرفة كانت عادية وتفي بالغرض في حين أن الإفطار كان لذيذاً ومتنوعاً جداً,الغرفة، الإفطار,"[0, 1]","['الغرفة', 'الإفطار']"
Hotels,0.0,طاقم الاستقبال كان عادياً في التعامل أما الغرفة فـ بالنسبة للغرفة فهي بمستوى طبيعي ولا بأس بها. والإفطار كان مقبولاً لكنه يفتقر للتنوع. والموقع مقبول ولا بأس به مقارنة بالسعر,الاستقبال، الغرفة، الإفطار، الموقع,"[0, 0, 0, 0]","['الاستقبال', 'الغرفة', 'الإفطار', 'الموقع']"
Attractions,0.0,قرأت تقييمات كثيرة وقررت التجربة، سعر التذاكر كان متوسطا ومقبولا، كما أن الفعاليات كانت تقليدية ومكررة، كما أن مرتبين جداً والتنظيم احترافي في حين أن المكان يعتبر جيد لقضاء بعض الوقت,التذاكر، الفعاليات، التنظيم، المكان,"[0, 0, 1, 0]","['التذاكر', 'الفعاليات', 'التنظيم', 'المكان']"
Restaurants,1.0,كل الأطباق كانت مطبوخة باحترافية وطعمها خيال في حين أن الخدمة في المطعم كانت روتينية. والمطعم نظيف لحد معقول,الأكل، الخدمة، النظافة,"[1, 0, 0]","['الأكل', 'الخدمة', 'النظافة']"
Hotels,0.0,خلال عطلة نهاية الأسبوع ذهبنا إلى هناك، مساحة الغرفة كانت متوسطة كما توقعنا وبالنسبة للاستقبال فـ طاقم كان عادياً في التعامل في حين أن وجبة الإفطار كانت عادية ولم تكن مميزة. وموقع المكان عادي ويمكن الوصول إليه بسهولة,الغرفة، الاستقبال، الإفطار، الموقع,"[0, 0, 0, 0]","['الغرفة', 'الاستقبال', 'الإفطار', 'الموقع']"
Hotels,1.0,بصراحة، طاقم الاستقبال كان عادياً في التعامل. أعجبتني الغرفة بنظافتها الفائقة وتصميمها الرائع,الاستقبال، الغرفة,"[0, 1]","['الاستقبال', 'الغرفة']"
Hotels,0.0,الإفطار كان مقبولاً لكنه يفتقر للتنوع أما الموقع فـ لا يتميز بشيء خاص ولكنه مناسب,الإفطار، الموقع,"[0, 0]","['الإفطار', 'الموقع']"
Attractions,0.0,التجربة بشكل عام كانت متفاوتة، فوضى عارمة وسوء تنظيم واضح. والتذاكر ليست رخيصة ولا غالية بل في المعقول وبالنسبة للفعاليات فالعروض المقدمة كانت في المستوى الطبيعي، كما أن الوجهة كانت عادية ولم تبهرني كثيراً,التنظيم، التذاكر، الفعاليات، المكان,"[-1, 0, 0, 0]","['التنظيم', 'التذاكر', 'الفعاليات', 'المكان']"
Restaurants,1.0,قمت بتجربة هذا المكان وملاحظاتي هي: الأكل مقبول لكنني تذوقت أفضل منه. الخدمة سريعة جداً وطاقم العمل ودود,الأكل، الخدمة,"[0, 1]","['الأكل', 'الخدمة']"
Restaurants,0.0,التجربة بشكل عام كانت متفاوتة، الأسعار كانت متوسطة ومناسبة لجودة المكان وبالنسبة للخدمة فـ تعامل الويترز كان عادياً,الأسعار، الخدمة,"[0, 0]","['الأسعار', 'الخدمة']"
Hotels,-1.0,في زيارتي الأخيرة، الموقع بعيد جداً ومقطوع عن الخدمات وبالنسبة للإفطار فـ وجبة كانت عادية ولم تكن مميزة أما الغرفة فـ بالنسبة للغرفة فهي بمستوى طبيعي ولا بأس بها,الموقع، الإفطار، الغرفة,"[-1, 0, 0]","['الموقع', 'الإفطار', 'الغرفة']"
Restaurants,0.0,الطاولات كانت نظيفة بشكل معتاد، كما أن تعامل الويترز كان عادياً,النظافة، الخدمة,"[0, 0]","['النظافة', 'الخدمة']"
Restaurants,0.0,في زيارتي الأخيرة، مستوى الخدمة لا بأس به أما الأسعار فـ ممتازة ورخيصة مقارنة بالكمية. والمكان يلمع من النظافة والاهتمام بالتفاصيل. لم يعجبني الأكل إطلاقاً وكان دون المستوى,الخدمة، الأسعار، النظافة، الأكل,"[0, 1, 1, -1]","['الخدمة', 'الأسعار', 'النظافة', 'الأكل']"
Restaurants,0.0,خلال عطلة نهاية الأسبوع ذهبنا إلى هناك، المطعم نظيف لحد معقول. والأكل مقبول لكنني تذوقت أفضل منه أما الأسعار فالسعر كان عاديا وليس مبالغا فيه,النظافة، الأكل، الأسعار,"[0, 0, 0]","['النظافة', 'الأكل', 'الأسعار']"
Attractions,0.0,قرأت تقييمات كثيرة وقررت التجربة، ترتيب الدخول كان يسير بشكل طبيعي أما المكان فـ يعتبر جيد لقضاء بعض الوقت,التنظيم، المكان,"[0, 0]","['التنظيم', 'المكان']"
Restaurants,-1.0,قرأت تقييمات كثيرة وقررت التجربة، الطاولات كانت نظيفة بشكل معتاد. والمطعم غالي بشكل مبالغ فيه ولا يستحق,النظافة، الأسعار,"[0, -1]","['النظافة', 'الأسعار']"
Attractions,0.0,بصراحة، سعر التذاكر كان متوسطا ومقبولا وبالنسبة للمكان فـ وجهة سياحية رائعة وتستحق الزيارة تكراراً. وترتيب الدخول كان يسير بشكل طبيعي في حين أن الأنشطة الموجودة لا بأس بها للأطفال,التذاكر، المكان، التنظيم، الفعاليات,"[0, 1, 0, 0]","['التذاكر', 'المكان', 'التنظيم', 'الفعاليات']"
Attractions,0.0,العروض المقدمة كانت في المستوى الطبيعي بالإضافة إلى ذلك، الوجهة كانت عادية ولم تبهرني كثيراً,الفعاليات، المكان,"[0, 0]","['الفعاليات', 'المكان']"
Attractions,0.0,الأنشطة الموجودة لا بأس بها للأطفال. لا بأس بالتنظيم بشكل عام,الفعاليات، التنظيم,"[0, 0]","['الفعاليات', 'التنظيم']"
Attractions,0.0,التجربة بشكل عام كانت متفاوتة، بشكل عام المكان طبيعي كأي حديقة أخرى بالإضافة إلى ذلك، عروض رائعة ومتنوعة تناسب كل الأعمار. وأسعار التذاكر غالية جداً ومبالغ فيها بالإضافة إلى ذلك، التنظيم سيء جداً وهناك عشوائية في المكان,المكان، الفعاليات، التذاكر، التنظيم,"[0, 1, -1, -1]","['المكان', 'الفعاليات', 'التذاكر', 'التنظيم']"
Attractions,-1.0,قمت بتجربة هذا المكان وملاحظاتي هي: التنظيم سيء جداً وهناك عشوائية في المكان في حين أن المكان يعتبر جيد لقضاء بعض الوقت,التنظيم، المكان,"[-1, 0]","['التنظيم', 'المكان']"
Hotels,0.0,خلال عطلة نهاية الأسبوع ذهبنا إلى هناك، طاقم الاستقبال كان عادياً في التعامل وبالنسبة للموقع فـ موقع الفندق يعتبر متوسطا من حيث القرب للخدمات وبالنسبة للغرفة فـ ضيقة جداً ومكتومة. الإفطار كان مقبولاً لكنه يفتقر للتنوع,الاستقبال، الموقع، الغرفة، الإفطار,"[0, 0, -1, 0]","['الاستقبال', 'الموقع', 'الغرفة', 'الإفطار']"
Restaurants,1.0,قرأت تقييمات كثيرة وقررت التجربة، مستوى النظافة عادي ولا بأس به. وقيمة رائعة مقابل المال والأسعار جداً معقولة,النظافة، الأسعار,"[0, 1]","['النظافة', 'الأسعار']"
Restaurants,0.0,بصراحة، الطلبات كانت متوسطة المستوى ولا بأس بها بالإضافة إلى ذلك، تعامل الويترز كان عادياً,الأكل، الخدمة,"[0, 0]","['الأكل', 'الخدمة']"
Attractions,1.0,قرأت تقييمات كثيرة وقررت التجربة، أسعار التذاكر رخيصة جداً ومناسبة للجميع. والوجهة كانت عادية ولم تبهرني كثيراً، كما أن الأنشطة والفعاليات ممتعة جداً ومليئة بالحماس,التذاكر، المكان، الفعاليات,"[1, 0, 1]","['التذاكر', 'المكان', 'الفعاليات']"
Restaurants,0.0,قمت بتجربة هذا المكان وملاحظاتي هي: الخدمة في المطعم كانت روتينية وبالنسبة للأكل فـ كان لذيذاً جداً وأنصح به بشدة. والمكان متسخ والطاولات غير نظيفة,الخدمة، الأكل، النظافة,"[0, 1, -1]","['الخدمة', 'الأكل', 'النظافة']"
Hotels,0.0,في زيارتي الأخيرة، إجراءات الدخول في الاستقبال كانت طبيعية ولم تستغرق وقتا طويلا أو قصيرا. بوفيه الإفطار كان تقليدياً ويقدم أصنافاً معتادة,الاستقبال، الإفطار,"[0, 0]","['الاستقبال', 'الإفطار']"
Restaurants,-1.0,بصراحة، النظافة معدومة في هذا المطعم بالإضافة إلى ذلك، طعم الأكل كان عادياً ولا يوجد فيه نكهة مميزة، كما أن السعر كان عاديا وليس مبالغا فيه,النظافة، الأكل، الأسعار,"[-1, 0, 0]","['النظافة', 'الأكل', 'الأسعار']"
Restaurants,0.0,قمت بتجربة هذا المكان وملاحظاتي هي: النظافة معدومة في هذا المطعم وبالنسبة للخدمة فـ مستوى لا بأس به وبالنسبة للأسعار فـ أسعار المنيو تعتبر طبيعية مقارنة بالمطاعم الأخرى. بالنسبة للأكل فهو بمستوى طبيعي,النظافة، الخدمة، الأسعار، الأكل,"[-1, 0, 0, 0]","['النظافة', 'الخدمة', 'الأسعار', 'الأكل']"
Attractions,-1.0,قرأت تقييمات كثيرة وقررت التجربة، الأنشطة الموجودة لا بأس بها للأطفال في حين أن فوضى عارمة وسوء تنظيم واضح أما التذاكر فـ سعر كان متوسطا ومقبولا,الفعاليات، التنظيم، التذاكر,"[0, -1, 0]","['الفعاليات', 'التنظيم', 'التذاكر']"
Restaurants,0.0,قرأت تقييمات كثيرة وقررت التجربة، مستوى النظافة عادي ولا بأس به. ومستوى الخدمة لا بأس به. الأكل كان لذيذاً جداً وأنصح به بشدة بالإضافة إلى ذلك، الأسعار مبالغ فيها وغالية جداً,النظافة، الخدمة، الأكل، الأسعار,"[0, 0, 1, -1]","['النظافة', 'الخدمة', 'الأكل', 'الأسعار']"
Hotels,0.0,قرأت تقييمات كثيرة وقررت التجربة، الغرفة كانت عادية وتفي بالغرض وبالنسبة للاستقبال فـ موظفو في قمة الرقي والتعاون وبالنسبة للإفطار فـ بالنسبة للإفطار فهو جيد نسبيا كأي فندق آخر. والموقع مقبول ولا بأس به مقارنة بالسعر,الغرفة، الاستقبال، الإفطار، الموقع,"[0, 1, 0, 0]","['الغرفة', 'الاستقبال', 'الإفطار', 'الموقع']"
Hotels,1.0,الغرفة واسعة ومريحة بشكل استثنائي. والموقع لا يتميز بشيء خاص ولكنه مناسب,الغرفة، الموقع,"[1, 0]","['الغرفة', 'الموقع']"
Restaurants,0.0,قمت بتجربة هذا المكان وملاحظاتي هي: الأسعار كانت متوسطة ومناسبة لجودة المكان، كما أن مستوى النظافة عادي ولا بأس به في حين أن سرعة الخدمة كانت في المعدل الطبيعي والمقبول. وبالنسبة للأكل فهو بمستوى طبيعي,الأسعار، النظافة، الخدمة، الأكل,"[0, 0, 0, 0]","['الأسعار', 'النظافة', 'الخدمة', 'الأكل']"
Attractions,0.0,التجربة بشكل عام كانت متفاوتة، التنظيم رائع جداً وسلس للغاية، كما أن الوجهة كانت عادية ولم تبهرني كثيراً بالإضافة إلى ذلك، سعر التذاكر كان متوسطا ومقبولا. والفعاليات كانت تقليدية ومكررة,التنظيم، المكان، التذاكر، الفعاليات,"[1, 0, 0, 0]","['التنظيم', 'المكان', 'التذاكر', 'الفعاليات']"
Hotels,0.0,بصراحة، طاقم الاستقبال كان عادياً في التعامل. أثاث الغرفة يبدو عادياً ليس حديثاً ولا قديماً جداً,الاستقبال، الغرفة,"[0, 0]","['الاستقبال', 'الغرفة']"
Restaurants,0.0,قرأت تقييمات كثيرة وقررت التجربة، مستوى النظافة عادي ولا بأس به. سرعة الخدمة كانت في المعدل الطبيعي والمقبول,النظافة، الخدمة,"[0, 0]","['النظافة', 'الخدمة']"
Restaurants,0.0,خلال عطلة نهاية الأسبوع ذهبنا إلى هناك، الأكل مقبول لكنني تذوقت أفضل منه. وسرعة الخدمة كانت في المعدل الطبيعي والمقبول,الأكل، الخدمة,"[0, 0]","['الأكل', 'الخدمة']"
Attractions,-1.0,قرأت تقييمات كثيرة وقررت التجربة، فوضى عارمة وسوء تنظيم واضح بالإضافة إلى ذلك، قيمة التذكرة عادية,التنظيم، التذاكر,"[-1, 0]","['التنظيم', 'التذاكر']"
Hotels,1.0,التجربة بشكل عام كانت متفاوتة، إجراءات الدخول في الاستقبال كانت طبيعية ولم تستغرق وقتا طويلا أو قصيرا. والغرفة واسعة ومريحة بشكل استثنائي,الاستقبال، الغرفة,"[0, 1]","['الاستقبال', 'الغرفة']"
Restaurants,0.0,قمت بتجربة هذا المكان وملاحظاتي هي: السعر كان عاديا وليس مبالغا فيه بالإضافة إلى ذلك، الأكل مقبول لكنني تذوقت أفضل منه أما الخدمة فـ تعامل الويترز كان عادياً,الأسعار، الأكل، الخدمة,"[0, 0, 0]","['الأسعار', 'الأكل', 'الخدمة']"
Hotels,0.0,في زيارتي الأخيرة، أثاث الغرفة يبدو عادياً ليس حديثاً ولا قديماً جداً بالإضافة إلى ذلك، موقع المكان عادي ويمكن الوصول إليه بسهولة,الغرفة، الموقع,"[0, 0]","['الغرفة', 'الموقع']"
Hotels,0.0,في زيارتي الأخيرة، بوفيه الإفطار كان تقليدياً ويقدم أصنافاً معتادة وبالنسبة للاستقبال فـ موظفو قاموا بعملهم بشكل روتيني,الإفطار، الاستقبال,"[0, 0]","['الإفطار', 'الاستقبال']"
Restaurants,0.0,قمت بتجربة هذا المكان وملاحظاتي هي: مستوى النظافة عادي ولا بأس به بالإضافة إلى ذلك، طعم الأكل كان عادياً ولا يوجد فيه نكهة مميزة وبالنسبة للأسعار فـ كانت متوسطة ومناسبة لجودة المكان,النظافة، الأكل، الأسعار,"[0, 0, 0]","['النظافة', 'الأكل', 'الأسعار']"
Attractions,-1.0,في زيارتي الأخيرة، التذاكر قيمتها ممتازة وتشمل خيارات كثيرة أما المكان فـ كئيب وممل جداً بالإضافة إلى ذلك، الفعاليات مملة جداً ولا يوجد تجديد,التذاكر، المكان، الفعاليات,"[1, -1, -1]","['التذاكر', 'المكان', 'الفعاليات']"
Attractions,0.0,قمت بتجربة هذا المكان وملاحظاتي هي: الفعاليات مملة جداً ولا يوجد تجديد. التنظيم رائع جداً وسلس للغاية وبالنسبة للتذاكر فـ أسعار الدخول طبيعية مقارنة بالفعاليات بالإضافة إلى ذلك، مساحة المكان وتصميمه مقبول ولا بأس به,الفعاليات، التنظيم، التذاكر، المكان,"[-1, 1, 0, 0]","['الفعاليات', 'التنظيم', 'التذاكر', 'المكان']"
Attractions,0.0,خلال عطلة نهاية الأسبوع ذهبنا إلى هناك، الأنشطة الموجودة لا بأس بها للأطفال. التنظيم داخل المرفق كان عاديا. التذاكر ليست رخيصة ولا غالية بل في المعقول,الفعاليات، التنظيم، التذاكر,"[0, 0, 0]","['الفعاليات', 'التنظيم', 'التذاكر']"
Hotels,0.0,قمت بتجربة هذا المكان وملاحظاتي هي: موقع الفندق ممتاز جداً وإطلالته خرافية وبالنسبة للغرفة فـ كانت عادية وتفي بالغرض بالإضافة إلى ذلك، الاستقبال كان مقبولا بشكل عام وبالنسبة للإفطار فـ بوفيه كان تقليدياً ويقدم أصنافاً معتادة,الموقع، الغرفة، الاستقبال، الإفطار,"[1, 0, 0, 0]","['الموقع', 'الغرفة', 'الاستقبال', 'الإفطار']"
Hotels,0.0,خلال عطلة نهاية الأسبوع ذهبنا إلى هناك، موقع الفندق يعتبر متوسطا من حيث القرب للخدمات. مساحة الغرفة كانت متوسطة كما توقعنا,الموقع، الغرفة,"[0, 0]","['الموقع', 'الغرفة']"
Restaurants,0.0,التجربة بشكل عام كانت متفاوتة، الخدمة ممتازة واهتمام كبير بالزبائن. وبالنسبة للأكل فهو بمستوى طبيعي أما النظافة فالمكان متسخ والطاولات غير نظيفة بالإضافة إلى ذلك، أسعار المنيو تعتبر طبيعية مقارنة بالمطاعم الأخرى,الخدمة، الأكل، النظافة، الأسعار,"[1, 0, -1, 0]","['الخدمة', 'الأكل', 'النظافة', 'الأسعار']"
Restaurants,0.0,التجربة بشكل عام كانت متفاوتة، بالنسبة للأكل فهو بمستوى طبيعي أما النظافة فـ نظافة المكان بشكل عام كانت مقبولة، كما أن الأسعار كانت متوسطة ومناسبة لجودة المكان,الأكل، النظافة، الأسعار,"[0, 0, 0]","['الأكل', 'النظافة', 'الأسعار']"
Hotels,1.0,في زيارتي الأخيرة، ترحيب حار جداً من طاقم الاستقبال. ووجبة الإفطار كانت عادية ولم تكن مميزة,الاستقبال، الإفطار,"[1, 0]","['الاستقبال', 'الإفطار']"
Attractions,-1.0,في زيارتي الأخيرة، لا توجد فعاليات تذكر والأنشطة سيئة في حين أن التنظيم سيء جداً وهناك عشوائية في المكان. لا أنصح بزيارة المكان فهو سيء للغاية,الفعاليات، التنظيم، المكان,"[-1, -1, -1]","['الفعاليات', 'التنظيم', 'المكان']"
Hotels,0.0,التجربة بشكل عام كانت متفاوتة، طاقم الاستقبال كان عادياً في التعامل وبالنسبة للإفطار فـ بالنسبة للإفطار فهو جيد نسبيا كأي فندق آخر,الاستقبال، الإفطار,"[0, 0]","['الاستقبال', 'الإفطار']"
Restaurants,0.0,في زيارتي الأخيرة، مستوى النظافة عادي ولا بأس به وبالنسبة للأسعار فالسعر كان عاديا وليس مبالغا فيه. وتعامل الويترز كان عادياً بالإضافة إلى ذلك، لم يعجبني الأكل إطلاقاً وكان دون المستوى,النظافة، الأسعار، الخدمة، الأكل,"[0, 0, 0, -1]","['النظافة', 'الأسعار', 'الخدمة', 'الأكل']"
Hotels,1.0,قمت بتجربة هذا المكان وملاحظاتي هي: أعجبتني الغرفة بنظافتها الفائقة وتصميمها الرائع. موقع المكان عادي ويمكن الوصول إليه بسهولة. وجبة الإفطار كانت عادية ولم تكن مميزة,الغرفة، الموقع، الإفطار,"[1, 0, 0]","['الغرفة', 'الموقع', 'الإفطار']"
Attractions,0.0,قرأت تقييمات كثيرة وقررت التجربة، الأنشطة الموجودة لا بأس بها للأطفال بالإضافة إلى ذلك، التنظيم رائع جداً وسلس للغاية بالإضافة إلى ذلك، سعر التذاكر كان متوسطا ومقبولا، كما أن مساحة المكان وتصميمه مقبول ولا بأس به,الفعاليات، التنظيم، التذاكر، المكان,"[0, 1, 0, 0]","['الفعاليات', 'التنظيم', 'التذاكر', 'المكان']"
Attractions,1.0,خلال عطلة نهاية الأسبوع ذهبنا إلى هناك، الأنشطة والفعاليات ممتعة جداً ومليئة بالحماس بالإضافة إلى ذلك، مساحة المكان وتصميمه مقبول ولا بأس به أما التذاكر فـ قيمتها ممتازة وتشمل خيارات كثيرة. والإدارة والتنظيم بمستوى مقبول,الفعاليات، المكان، التذاكر، التنظيم,"[1, 0, 1, 0]","['الفعاليات', 'المكان', 'التذاكر', 'التنظيم']"
Restaurants,-1.0,سرعة الخدمة كانت في المعدل الطبيعي والمقبول بالإضافة إلى ذلك، النظافة معدومة في هذا المطعم,الخدمة، النظافة,"[0, -1]","['الخدمة', 'النظافة']"
Attractions,-1.0,قمت بتجربة هذا المكان وملاحظاتي هي: المكان كئيب وممل جداً. قيمة التذكرة عادية. الفعاليات مقبولة وتمضية وقت ليس إلا,المكان، التذاكر، الفعاليات,"[-1, 0, 0]","['المكان', 'التذاكر', 'الفعاليات']"
Hotels,0.0,قمت بتجربة هذا المكان وملاحظاتي هي: للأسف الغرفة كانت سيئة وغير نظيفة على الإطلاق. طاقم الاستقبال كان عادياً في التعامل، كما أن موقع المكان عادي ويمكن الوصول إليه بسهولة أما الإفطار فـ كان مقبولاً لكنه يفتقر للتنوع,الغرفة، الاستقبال، الموقع، الإفطار,"[-1, 0, 0, 0]","['الغرفة', 'الاستقبال', 'الموقع', 'الإفطار']"
Restaurants,0.0,التجربة بشكل عام كانت متفاوتة، المطعم نظيف لحد معقول أما الأكل فـ مقبول لكنني تذوقت أفضل منه,النظافة، الأكل,"[0, 0]","['النظافة', 'الأكل']"
Restaurants,0.0,الأسعار ممتازة ورخيصة مقارنة بالكمية بالإضافة إلى ذلك، مستوى النظافة عادي ولا بأس به وبالنسبة للأكل فـ مقبول لكنني تذوقت أفضل منه أما الخدمة فـ في المطعم كانت روتينية,الأسعار، النظافة، الأكل، الخدمة,"[1, 0, 0, 0]","['الأسعار', 'النظافة', 'الأكل', 'الخدمة']"
Attractions,1.0,خلال عطلة نهاية الأسبوع ذهبنا إلى هناك، التذاكر قيمتها ممتازة وتشمل خيارات كثيرة. والإدارة والتنظيم بمستوى مقبول أما الفعاليات فـ مقبولة وتمضية وقت ليس إلا,التذاكر، التنظيم، الفعاليات,"[1, 0, 0]","['التذاكر', 'التنظيم', 'الفعاليات']"
Hotels,0.0,في زيارتي الأخيرة، الإفطار كان مقبولاً لكنه يفتقر للتنوع وبالنسبة للموقع فـ مقبول ولا بأس به مقارنة بالسعر، كما أن مساحة الغرفة كانت متوسطة كما توقعنا,الإفطار، الموقع، الغرفة,"[0, 0, 0]","['الإفطار', 'الموقع', 'الغرفة']"
Attractions,1.0,التجربة بشكل عام كانت متفاوتة، أسعار الدخول طبيعية مقارنة بالفعاليات في حين أن الأنشطة الموجودة لا بأس بها للأطفال. والمكان ساحر وجميل جداً للتصوير، كما أن مرتبين جداً والتنظيم احترافي,التذاكر، الفعاليات، المكان، التنظيم,"[0, 0, 1, 1]","['التذاكر', 'الفعاليات', 'المكان', 'التنظيم']"
Restaurants,-1.0,قمت بتجربة هذا المكان وملاحظاتي هي: مستوى الخدمة لا بأس به في حين أن النظافة معدومة في هذا المطعم,الخدمة، النظافة,"[0, -1]","['الخدمة', 'النظافة']"
Hotels,1.0,خلال عطلة نهاية الأسبوع ذهبنا إلى هناك، إجراءات الدخول في الاستقبال كانت طبيعية ولم تستغرق وقتا طويلا أو قصيرا في حين أن الإفطار كان مقبولاً لكنه يفتقر للتنوع أما الموقع فـ استراتيجي وقريب من كل الفعاليات,الاستقبال، الإفطار، الموقع,"[0, 0, 1]","['الاستقبال', 'الإفطار', 'الموقع']"
Hotels,-1.0,خلال عطلة نهاية الأسبوع ذهبنا إلى هناك، بوفيه الإفطار كان تقليدياً ويقدم أصنافاً معتادة. الاستقبال كان مقبولا بشكل عام بالإضافة إلى ذلك، للأسف الغرفة كانت سيئة وغير نظيفة على الإطلاق,الإفطار، الاستقبال، الغرفة,"[0, 0, -1]","['الإفطار', 'الاستقبال', 'الغرفة']"
Hotels,0.0,بصراحة، موقع المكان عادي ويمكن الوصول إليه بسهولة، كما أن بالنسبة للغرفة فهي بمستوى طبيعي ولا بأس بها,الموقع، الغرفة,"[0, 0]","['الموقع', 'الغرفة']"
Restaurants,0.0,الأسعار كانت متوسطة ومناسبة لجودة المكان بالإضافة إلى ذلك، الطلبات كانت متوسطة المستوى ولا بأس بها. وسرعة الخدمة كانت في المعدل الطبيعي والمقبول,الأسعار، الأكل، الخدمة,"[0, 0, 0]","['الأسعار', 'الأكل', 'الخدمة']"
Hotels,0.0,قرأت تقييمات كثيرة وقررت التجربة، الاستقبال كان مقبولا بشكل عام أما الموقع فـ موقع الفندق يعتبر متوسطا من حيث القرب للخدمات وبالنسبة للغرفة فـ مساحة كانت متوسطة كما توقعنا,الاستقبال، الموقع، الغرفة,"[0, 0, 0]","['الاستقبال', 'الموقع', 'الغرفة']"
Attractions,-1.0,قمت بتجربة هذا المكان وملاحظاتي هي: فوضى عارمة وسوء تنظيم واضح، كما أن التذكرة لا تستحق هذا السعر المرتفع إطلاقاً، كما أن مساحة المكان وتصميمه مقبول ولا بأس به,التنظيم، التذاكر، المكان,"[-1, -1, 0]","['التنظيم', 'التذاكر', 'المكان']"
Hotels,-1.0,موقع الفندق يعتبر متوسطا من حيث القرب للخدمات. وجودة الطعام في الإفطار كانت ضعيفة جداً,الموقع، الإفطار,"[0, -1]","['الموقع', 'الإفطار']"
Attractions,0.0,خلال عطلة نهاية الأسبوع ذهبنا إلى هناك، مساحة المكان وتصميمه مقبول ولا بأس به. الأنشطة الموجودة لا بأس بها للأطفال,المكان، الفعاليات,"[0, 0]","['المكان', 'الفعاليات']"
Restaurants,0.0,قمت بتجربة هذا المكان وملاحظاتي هي: مستوى الخدمة لا بأس به. الطاولات كانت نظيفة بشكل معتاد,الخدمة، النظافة,"[0, 0]","['الخدمة', 'النظافة']"
Hotels,0.0,التجربة بشكل عام كانت متفاوتة، بالنسبة للإفطار فهو جيد نسبيا كأي فندق آخر بالإضافة إلى ذلك، طاقم الاستقبال كان عادياً في التعامل، كما أن موقع الفندق يعتبر متوسطا من حيث القرب للخدمات، كما أن مساحة الغرفة كانت متوسطة كما توقعنا,الإفطار، الاستقبال، الموقع، الغرفة,"[0, 0, 0, 0]","['الإفطار', 'الاستقبال', 'الموقع', 'الغرفة']"
Hotels,-1.0,خلال عطلة نهاية الأسبوع ذهبنا إلى هناك، بوفيه الإفطار كان تقليدياً ويقدم أصنافاً معتادة في حين أن الموقع بعيد جداً ومقطوع عن الخدمات في حين أن طاقم الاستقبال كان عادياً في التعامل,الإفطار، الموقع، الاستقبال,"[0, -1, 0]","['الإفطار', 'الموقع', 'الاستقبال']"
Attractions,0.0,بصراحة، أسعار الدخول طبيعية مقارنة بالفعاليات وبالنسبة للفعاليات فـ كانت تقليدية ومكررة في حين أن الوجهة كانت عادية ولم تبهرني كثيراً,التذاكر، الفعاليات، المكان,"[0, 0, 0]","['التذاكر', 'الفعاليات', 'المكان']"
Hotels,1.0,قرأت تقييمات كثيرة وقررت التجربة، موقع الفندق ممتاز جداً وإطلالته خرافية. بالنسبة للغرفة فهي بمستوى طبيعي ولا بأس بها في حين أن بالنسبة للإفطار فهو جيد نسبيا كأي فندق آخر,الموقع، الغرفة، الإفطار,"[1, 0, 0]","['الموقع', 'الغرفة', 'الإفطار']"
Restaurants,0.0,في زيارتي الأخيرة، تعامل الويترز كان عادياً في حين أن طعم الأكل كان عادياً ولا يوجد فيه نكهة مميزة بالإضافة إلى ذلك، مستوى النظافة عادي ولا بأس به. الأسعار مبالغ فيها وغالية جداً,الخدمة، الأكل، النظافة، الأسعار,"[0, 0, 0, -1]","['الخدمة', 'الأكل', 'النظافة', 'الأسعار']"
Hotels,-1.0,التجربة بشكل عام كانت متفاوتة، الإفطار سيء جداً والخيارات محدودة أما الغرفة فـ أثاث يبدو عادياً ليس حديثاً ولا قديماً جداً. الاستقبال كان مقبولا بشكل عام في حين أن الموقع بعيد جداً ومقطوع عن الخدمات,الإفطار، الغرفة، الاستقبال، الموقع,"[-1, 0, 0, -1]","['الإفطار', 'الغرفة', 'الاستقبال', 'الموقع']"
Attractions,0.0,التجربة بشكل عام كانت متفاوتة، الفعاليات كانت تقليدية ومكررة أما المكان فـ يعتبر جيد لقضاء بعض الوقت,الفعاليات، المكان,"[0, 0]","['الفعاليات', 'المكان']"
Hotels,-1.0,في زيارتي الأخيرة، موقع الفندق سيء ويصعب الوصول إليه، كما أن وجبة الإفطار كانت عادية ولم تكن مميزة أما الغرفة فـ كانت عادية وتفي بالغرض,الموقع، الإفطار، الغرفة,"[-1, 0, 0]","['الموقع', 'الإفطار', 'الغرفة']"
Hotels,-1.0,قرأت تقييمات كثيرة وقررت التجربة، موقع الفندق سيء ويصعب الوصول إليه، كما أن واجهنا بطء شديد ومماطلة من موظفي الاستقبال. وجودة الطعام في الإفطار كانت ضعيفة جداً وبالنسبة للغرفة فـ كانت عادية وتفي بالغرض,الموقع، الاستقبال، الإفطار، الغرفة,"[-1, -1, -1, 0]","['الموقع', 'الاستقبال', 'الإفطار', 'الغرفة']"
Attractions,0.0,التذاكر ليست رخيصة ولا غالية بل في المعقول، كما أن التنظيم داخل المرفق كان عاديا,التذاكر، التنظيم,"[0, 0]","['التذاكر', 'التنظيم']"
Hotels,0.0,التجربة بشكل عام كانت متفاوتة، واجهنا بطء شديد ومماطلة من موظفي الاستقبال في حين أن بالنسبة للغرفة فهي بمستوى طبيعي ولا بأس بها. الموقع استراتيجي وقريب من كل الفعاليات,الاستقبال، الغرفة، الموقع,"[-1, 0, 1]","['الاستقبال', 'الغرفة', 'الموقع']"
Attractions,1.0,التجربة بشكل عام كانت متفاوتة، أسعار التذاكر رخيصة جداً ومناسبة للجميع وبالنسبة للتنظيم فـ داخل المرفق كان عاديا,التذاكر، التنظيم,"[1, 0]","['التذاكر', 'التنظيم']"
Restaurants,1.0,قرأت تقييمات كثيرة وقررت التجربة، مستوى الخدمة لا بأس به بالإضافة إلى ذلك، أسعار المنيو تعتبر طبيعية مقارنة بالمطاعم الأخرى بالإضافة إلى ذلك، المكان يلمع من النظافة والاهتمام بالتفاصيل,الخدمة، الأسعار، النظافة,"[0, 0, 1]","['الخدمة', 'الأسعار', 'النظافة']"
Restaurants,0.0,قرأت تقييمات كثيرة وقررت التجربة، سرعة الخدمة كانت في المعدل الطبيعي والمقبول وبالنسبة للأسعار فـ بالنسبة للأسعار فهي مقبولة إلى حد ما، كما أن المطعم نظيف لحد معقول,الخدمة، الأسعار، النظافة,"[0, 0, 0]","['الخدمة', 'الأسعار', 'النظافة']"
Restaurants,0.0,بصراحة، طعم الأكل كان عادياً ولا يوجد فيه نكهة مميزة أما الأسعار فـ كانت متوسطة ومناسبة لجودة المكان، كما أن المطعم نظيف لحد معقول أما الخدمة فـ أسوأ خدمة جربتها في حياتي,الأكل، الأسعار، النظافة، الخدمة,"[0, 0, 0, -1]","['الأكل', 'الأسعار', 'النظافة', 'الخدمة']"
Attractions,0.0,بصراحة، سعر التذاكر كان متوسطا ومقبولا أما المكان فالوجهة كانت عادية ولم تبهرني كثيراً,التذاكر، المكان,"[0, 0]","['التذاكر', 'المكان']"
Hotels,-1.0,قمت بتجربة هذا المكان وملاحظاتي هي: بوفيه الإفطار كان تقليدياً ويقدم أصنافاً معتادة بالإضافة إلى ذلك، الموقع بعيد جداً ومقطوع عن الخدمات بالإضافة إلى ذلك، إجراءات الدخول في الاستقبال كانت طبيعية ولم تستغرق وقتا طويلا أو قصيرا أما الغرفة فـ ضيقة جداً ومكتومة,الإفطار، الموقع، الاستقبال، الغرفة,"[0, -1, 0, -1]","['الإفطار', 'الموقع', 'الاستقبال', 'الغرفة']"
Restaurants,0.0,في زيارتي الأخيرة، سرعة الخدمة كانت في المعدل الطبيعي والمقبول. بالنسبة للأسعار فهي مقبولة إلى حد ما,الخدمة، الأسعار,"[0, 0]","['الخدمة', 'الأسعار']"
Restaurants,0.0,خلال عطلة نهاية الأسبوع ذهبنا إلى هناك، كل الأطباق كانت مطبوخة باحترافية وطعمها خيال، كما أن السعر كان عاديا وليس مبالغا فيه، كما أن تعامل الويترز كان عادياً بالإضافة إلى ذلك، الطاولات كانت نظيفة بشكل معتاد,الأكل، الأسعار، الخدمة، النظافة,"[1, 0, 0, 0]","['الأكل', 'الأسعار', 'الخدمة', 'النظافة']"
Attractions,0.0,بشكل عام المكان طبيعي كأي حديقة أخرى أما التذاكر فـ أسعار الدخول طبيعية مقارنة بالفعاليات وبالنسبة للفعاليات فـ مقبولة وتمضية وقت ليس إلا,المكان، التذاكر، الفعاليات,"[0, 0, 0]","['المكان', 'التذاكر', 'الفعاليات']"
Attractions,1.0,خلال عطلة نهاية الأسبوع ذهبنا إلى هناك، العروض المقدمة كانت في المستوى الطبيعي أما المكان فـ وجهة سياحية رائعة وتستحق الزيارة تكراراً بالإضافة إلى ذلك، أسعار الدخول طبيعية مقارنة بالفعاليات,الفعاليات، المكان، التذاكر,"[0, 1, 0]","['الفعاليات', 'المكان', 'التذاكر']"
Restaurants,0.0,في زيارتي الأخيرة، نظافة المكان بشكل عام كانت مقبولة. وسرعة الخدمة كانت في المعدل الطبيعي والمقبول. الأكل مقبول لكنني تذوقت أفضل منه,النظافة، الخدمة، الأكل,"[0, 0, 0]","['النظافة', 'الخدمة', 'الأكل']"
Restaurants,1.0,خلال عطلة نهاية الأسبوع ذهبنا إلى هناك، الخدمة ممتازة واهتمام كبير بالزبائن، كما أن كل الأطباق كانت مطبوخة باحترافية وطعمها خيال,الخدمة، الأكل,"[1, 1]","['الخدمة', 'الأكل']"
Hotels,1.0,خلال عطلة نهاية الأسبوع ذهبنا إلى هناك، موقع الفندق ممتاز جداً وإطلالته خرافية وبالنسبة للغرفة فـ كانت عادية وتفي بالغرض,الموقع، الغرفة,"[1, 0]","['الموقع', 'الغرفة']"
Hotels,0.0,قمت بتجربة هذا المكان وملاحظاتي هي: وجبة الإفطار كانت عادية ولم تكن مميزة وبالنسبة للغرفة فـ أثاث يبدو عادياً ليس حديثاً ولا قديماً جداً,الإفطار، الغرفة,"[0, 0]","['الإفطار', 'الغرفة']"
Hotels,0.0,التجربة بشكل عام كانت متفاوتة، الموقع مقبول ولا بأس به مقارنة بالسعر وبالنسبة للغرفة فـ بالنسبة للغرفة فهي بمستوى طبيعي ولا بأس بها,الموقع، الغرفة,"[0, 0]","['الموقع', 'الغرفة']"
Hotels,-1.0,التجربة بشكل عام كانت متفاوتة، بالنسبة للإفطار فهو جيد نسبيا كأي فندق آخر، كما أن بالنسبة للغرفة فهي بمستوى طبيعي ولا بأس بها أما الاستقبال فـ تعامل كان جافاً وغير احترافي,الإفطار، الغرفة، الاستقبال,"[0, 0, -1]","['الإفطار', 'الغرفة', 'الاستقبال']"
Restaurants,0.0,بصراحة، طعم الأكل كان عادياً ولا يوجد فيه نكهة مميزة بالإضافة إلى ذلك، الطاولات كانت نظيفة بشكل معتاد,الأكل، النظافة,"[0, 0]","['الأكل', 'النظافة']"
Hotels,0.0,قمت بتجربة هذا المكان وملاحظاتي هي: طاقم الاستقبال كان عادياً في التعامل، كما أن موقع الفندق يعتبر متوسطا من حيث القرب للخدمات,الاستقبال، الموقع,"[0, 0]","['الاستقبال', 'الموقع']"
Hotels,0.0,بصراحة، إجراءات الدخول في الاستقبال كانت طبيعية ولم تستغرق وقتا طويلا أو قصيرا وبالنسبة للإفطار فـ كان مقبولاً لكنه يفتقر للتنوع بالإضافة إلى ذلك، الموقع بعيد جداً ومقطوع عن الخدمات بالإضافة إلى ذلك، مساحة الغرفة كانت متوسطة كما توقعنا,الاستقبال، الإفطار، الموقع، الغرفة,"[0, 0, -1, 0]","['الاستقبال', 'الإفطار', 'الموقع', 'الغرفة']"
Restaurants,0.0,خلال عطلة نهاية الأسبوع ذهبنا إلى هناك، السعر كان عاديا وليس مبالغا فيه أما الأكل فـ بالنسبة للأكل فهو بمستوى طبيعي,الأسعار، الأكل,"[0, 0]","['الأسعار', 'الأكل']"
Hotels,-1.0,في زيارتي الأخيرة، طاقم الاستقبال كان عادياً في التعامل في حين أن للأسف الغرفة كانت سيئة وغير نظيفة على الإطلاق,الاستقبال، الغرفة,"[0, -1]","['الاستقبال', 'الغرفة']"
Restaurants,-1.0,بصراحة، النظافة معدومة في هذا المطعم. الأكل كان بارداً وطعمه سيء جداً في حين أن الخدمة في المطعم كانت روتينية وبالنسبة للأسعار فالمطعم غالي بشكل مبالغ فيه ولا يستحق,النظافة، الأكل، الخدمة، الأسعار,"[-1, -1, 0, -1]","['النظافة', 'الأكل', 'الخدمة', 'الأسعار']"
Attractions,0.0,قمت بتجربة هذا المكان وملاحظاتي هي: التذاكر ليست رخيصة ولا غالية بل في المعقول. والتنظيم رائع جداً وسلس للغاية في حين أن الأنشطة الموجودة لا بأس بها للأطفال في حين أن مساحة المكان وتصميمه مقبول ولا بأس به,التذاكر، التنظيم، الفعاليات، المكان,"[0, 1, 0, 0]","['التذاكر', 'التنظيم', 'الفعاليات', 'المكان']"
Restaurants,0.0,قمت بتجربة هذا المكان وملاحظاتي هي: الطلبات كانت متوسطة المستوى ولا بأس بها. نظافة المكان بشكل عام كانت مقبولة وبالنسبة للأسعار فـ كانت متوسطة ومناسبة لجودة المكان,الأكل، النظافة، الأسعار,"[0, 0, 0]","['الأكل', 'النظافة', 'الأسعار']"
Hotels,-1.0,في زيارتي الأخيرة، موظفو الاستقبال قاموا بعملهم بشكل روتيني، كما أن الموقع بعيد جداً ومقطوع عن الخدمات وبالنسبة للغرفة فـ كانت عادية وتفي بالغرض بالإضافة إلى ذلك، جودة الطعام في الإفطار كانت ضعيفة جداً,الاستقبال، الموقع، الغرفة، الإفطار,"[0, -1, 0, -1]","['الاستقبال', 'الموقع', 'الغرفة', 'الإفطار']"
Attractions,0.0,بصراحة، الأنشطة الموجودة لا بأس بها للأطفال أما التذاكر فـ ليست رخيصة ولا غالية بل في المعقول في حين أن فوضى عارمة وسوء تنظيم واضح أما المكان فـ ساحر وجميل جداً للتصوير,الفعاليات، التذاكر، التنظيم، المكان,"[0, 0, -1, 1]","['الفعاليات', 'التذاكر', 'التنظيم', 'المكان']"
Hotels,0.0,التجربة بشكل عام كانت متفاوتة، الموقع استراتيجي وقريب من كل الفعاليات. وموظفو الاستقبال قاموا بعملهم بشكل روتيني أما الغرفة فـ كانت عادية وتفي بالغرض. الإفطار كان مقبولاً لكنه يفتقر للتنوع,الموقع، الاستقبال، الغرفة، الإفطار,"[1, 0, 0, 0]","['الموقع', 'الاستقبال', 'الغرفة', 'الإفطار']"
Hotels,1.0,بصراحة، الموقع استراتيجي وقريب من كل الفعاليات بالإضافة إلى ذلك، ترحيب حار جداً من طاقم الاستقبال,الموقع، الاستقبال,"[1, 1]","['الموقع', 'الاستقبال']"
Hotels,-1.0,خلال عطلة نهاية الأسبوع ذهبنا إلى هناك، أثاث الغرفة يبدو عادياً ليس حديثاً ولا قديماً جداً وبالنسبة للاستقبال فـ تعامل كان جافاً وغير احترافي وبالنسبة للإفطار فـ سيء جداً والخيارات محدودة بالإضافة إلى ذلك، الموقع مقبول ولا بأس به مقارنة بالسعر,الغرفة، الاستقبال، الإفطار، الموقع,"[0, -1, -1, 0]","['الغرفة', 'الاستقبال', 'الإفطار', 'الموقع']"
Hotels,-1.0,قرأت تقييمات كثيرة وقررت التجربة، جودة الطعام في الإفطار كانت ضعيفة جداً أما الموقع فـ مقبول ولا بأس به مقارنة بالسعر,الإفطار، الموقع,"[-1, 0]","['الإفطار', 'الموقع']"
Attractions,0.0,في زيارتي الأخيرة، التذاكر ليست رخيصة ولا غالية بل في المعقول. المكان يعتبر جيد لقضاء بعض الوقت,التذاكر، المكان,"[0, 0]","['التذاكر', 'المكان']"
Attractions,0.0,قرأت تقييمات كثيرة وقررت التجربة، الفعاليات مقبولة وتمضية وقت ليس إلا. أسعار الدخول طبيعية مقارنة بالفعاليات أما المكان فـ بشكل عام طبيعي كأي حديقة أخرى,الفعاليات، التذاكر، المكان,"[0, 0, 0]","['الفعاليات', 'التذاكر', 'المكان']"
Hotels,1.0,قمت بتجربة هذا المكان وملاحظاتي هي: الغرفة واسعة ومريحة بشكل استثنائي وبالنسبة للاستقبال فـ موظفو في قمة الرقي والتعاون وبالنسبة للإفطار فـ بالنسبة للإفطار فهو جيد نسبيا كأي فندق آخر,الغرفة، الاستقبال، الإفطار,"[1, 1, 0]","['الغرفة', 'الاستقبال', 'الإفطار']"
Attractions,1.0,في زيارتي الأخيرة، قيمة التذكرة عادية بالإضافة إلى ذلك، بشكل عام المكان طبيعي كأي حديقة أخرى بالإضافة إلى ذلك، مرتبين جداً والتنظيم احترافي,التذاكر، المكان، التنظيم,"[0, 0, 1]","['التذاكر', 'المكان', 'التنظيم']"
Attractions,0.0,خلال عطلة نهاية الأسبوع ذهبنا إلى هناك، الفعاليات مملة جداً ولا يوجد تجديد، كما أن المكان ساحر وجميل جداً للتصوير,الفعاليات، المكان,"[-1, 1]","['الفعاليات', 'المكان']"
Hotels,-1.0,قرأت تقييمات كثيرة وقررت التجربة، موقع المكان عادي ويمكن الوصول إليه بسهولة. تعامل الاستقبال كان جافاً وغير احترافي. الغرفة ضيقة جداً ومكتومة,الموقع، الاستقبال، الغرفة,"[0, -1, -1]","['الموقع', 'الاستقبال', 'الغرفة']"
Hotels,0.0,في زيارتي الأخيرة، الاستقبال كان مقبولا بشكل عام وبالنسبة للإفطار فـ بوفيه كان تقليدياً ويقدم أصنافاً معتادة بالإضافة إلى ذلك، بالنسبة للغرفة فهي بمستوى طبيعي ولا بأس بها. والموقع استراتيجي وقريب من كل الفعاليات,الاستقبال، الإفطار، الغرفة، الموقع,"[0, 0, 0, 1]","['الاستقبال', 'الإفطار', 'الغرفة', 'الموقع']"
Restaurants,0.0,التجربة بشكل عام كانت متفاوتة، مستوى النظافة عادي ولا بأس به وبالنسبة للأسعار فـ كانت متوسطة ومناسبة لجودة المكان. والأكل مقبول لكنني تذوقت أفضل منه. الخدمة ممتازة واهتمام كبير بالزبائن,النظافة، الأسعار، الأكل، الخدمة,"[0, 0, 0, 1]","['النظافة', 'الأسعار', 'الأكل', 'الخدمة']"
Attractions,0.0,لا أنصح بزيارة المكان فهو سيء للغاية بالإضافة إلى ذلك، أسعار التذاكر رخيصة جداً ومناسبة للجميع,المكان، التذاكر,"[-1, 1]","['المكان', 'التذاكر']"
Hotels,0.0,قرأت تقييمات كثيرة وقررت التجربة، الموقع مقبول ولا بأس به مقارنة بالسعر، كما أن إجراءات الدخول في الاستقبال كانت طبيعية ولم تستغرق وقتا طويلا أو قصيرا في حين أن مساحة الغرفة كانت متوسطة كما توقعنا,الموقع، الاستقبال، الغرفة,"[0, 0, 0]","['الموقع', 'الاستقبال', 'الغرفة']"
Restaurants,1.0,قمت بتجربة هذا المكان وملاحظاتي هي: كل الأطباق كانت مطبوخة باحترافية وطعمها خيال في حين أن المطعم نظيف لحد معقول. الأسعار كانت متوسطة ومناسبة لجودة المكان بالإضافة إلى ذلك، الخدمة سريعة جداً وطاقم العمل ودود,الأكل، النظافة، الأسعار، الخدمة,"[1, 0, 0, 1]","['الأكل', 'النظافة', 'الأسعار', 'الخدمة']"
Restaurants,0.0,في زيارتي الأخيرة، أسوأ خدمة جربتها في حياتي بالإضافة إلى ذلك، نظافة المطعم ممتازة جداً في حين أن الطلبات كانت متوسطة المستوى ولا بأس بها,الخدمة، النظافة، الأكل,"[-1, 1, 0]","['الخدمة', 'النظافة', 'الأكل']"
Hotels,0.0,في زيارتي الأخيرة، الإفطار كان مقبولاً لكنه يفتقر للتنوع بالإضافة إلى ذلك، الموقع لا يتميز بشيء خاص ولكنه مناسب، كما أن أعجبتني الغرفة بنظافتها الفائقة وتصميمها الرائع أما الاستقبال فـ واجهنا بطء شديد ومماطلة من موظفي,الإفطار، الموقع، الغرفة، الاستقبال,"[0, 0, 1, -1]","['الإفطار', 'الموقع', 'الغرفة', 'الاستقبال']"
Attractions,0.0,قمت بتجربة هذا المكان وملاحظاتي هي: الأنشطة الموجودة لا بأس بها للأطفال، كما أن قيمة التذكرة عادية,الفعاليات، التذاكر,"[0, 0]","['الفعاليات', 'التذاكر']"
Hotels,0.0,في زيارتي الأخيرة، الإفطار كان مقبولاً لكنه يفتقر للتنوع بالإضافة إلى ذلك، موقع الفندق يعتبر متوسطا من حيث القرب للخدمات,الإفطار، الموقع,"[0, 0]","['الإفطار', 'الموقع']"
Restaurants,1.0,خلال عطلة نهاية الأسبوع ذهبنا إلى هناك، أسعار المنيو تعتبر طبيعية مقارنة بالمطاعم الأخرى في حين أن المكان يلمع من النظافة والاهتمام بالتفاصيل,الأسعار، النظافة,"[0, 1]","['الأسعار', 'النظافة']"
Restaurants,0.0,قرأت تقييمات كثيرة وقررت التجربة، نظافة المكان بشكل عام كانت مقبولة أما الأكل فـ كل الأطباق كانت مطبوخة باحترافية وطعمها خيال. والأسعار كانت متوسطة ومناسبة لجودة المكان وبالنسبة للخدمة فـ تعامل الويترز كان عادياً,النظافة، الأكل، الأسعار، الخدمة,"[0, 1, 0, 0]","['النظافة', 'الأكل', 'الأسعار', 'الخدمة']"
Restaurants,0.0,قرأت تقييمات كثيرة وقررت التجربة، السعر كان عاديا وليس مبالغا فيه. وبالنسبة للأكل فهو بمستوى طبيعي. نظافة المكان بشكل عام كانت مقبولة، كما أن الخدمة في المطعم كانت روتينية,الأسعار، الأكل، النظافة، الخدمة,"[0, 0, 0, 0]","['الأسعار', 'الأكل', 'النظافة', 'الخدمة']"
Hotels,-1.0,قمت بتجربة هذا المكان وملاحظاتي هي: موقع الفندق سيء ويصعب الوصول إليه. وطاقم الاستقبال كان عادياً في التعامل. الإفطار سيء جداً والخيارات محدودة,الموقع، الاستقبال، الإفطار,"[-1, 0, -1]","['الموقع', 'الاستقبال', 'الإفطار']"
Attractions,0.0,بصراحة، الإدارة والتنظيم بمستوى مقبول بالإضافة إلى ذلك، الفعاليات مقبولة وتمضية وقت ليس إلا وبالنسبة للتذاكر فالتذكرة لا تستحق هذا السعر المرتفع إطلاقاً في حين أن بشكل عام المكان طبيعي كأي حديقة أخرى,التنظيم، الفعاليات، التذاكر، المكان,"[0, 0, -1, 0]","['التنظيم', 'الفعاليات', 'التذاكر', 'المكان']"
Hotels,0.0,مساحة الغرفة كانت متوسطة كما توقعنا، كما أن إجراءات الدخول في الاستقبال كانت طبيعية ولم تستغرق وقتا طويلا أو قصيرا,الغرفة، الاستقبال,"[0, 0]","['الغرفة', 'الاستقبال']"
Hotels,-1.0,قرأت تقييمات كثيرة وقررت التجربة، طاقم الاستقبال كان عادياً في التعامل وبالنسبة للغرفة فـ للأسف كانت سيئة وغير نظيفة على الإطلاق بالإضافة إلى ذلك، الموقع مقبول ولا بأس به مقارنة بالسعر,الاستقبال، الغرفة، الموقع,"[0, -1, 0]","['الاستقبال', 'الغرفة', 'الموقع']"
Hotels,0.0,في زيارتي الأخيرة، الموقع لا يتميز بشيء خاص ولكنه مناسب، كما أن بالنسبة للإفطار فهو جيد نسبيا كأي فندق آخر,الموقع، الإفطار,"[0, 0]","['الموقع', 'الإفطار']"
Hotels,0.0,بصراحة، الاستقبال كان مقبولا بشكل عام في حين أن الغرفة واسعة ومريحة بشكل استثنائي بالإضافة إلى ذلك، بالنسبة للإفطار فهو جيد نسبيا كأي فندق آخر وبالنسبة للموقع فـ مقبول ولا بأس به مقارنة بالسعر,الاستقبال، الغرفة، الإفطار، الموقع,"[0, 1, 0, 0]","['الاستقبال', 'الغرفة', 'الإفطار', 'الموقع']"
Hotels,-1.0,خلال عطلة نهاية الأسبوع ذهبنا إلى هناك، جودة الطعام في الإفطار كانت ضعيفة جداً. والاستقبال كان مقبولا بشكل عام,الإفطار، الاستقبال,"[-1, 0]","['الإفطار', 'الاستقبال']"
Restaurants,-1.0,الطاولات كانت نظيفة بشكل معتاد، كما أن بالنسبة للأكل فهو بمستوى طبيعي وبالنسبة للخدمة فـ بطيئة للغاية والعمال غير مهتمين,النظافة، الأكل، الخدمة,"[0, 0, -1]","['النظافة', 'الأكل', 'الخدمة']"
Hotels,0.0,بصراحة، بوفيه الإفطار كان تقليدياً ويقدم أصنافاً معتادة وبالنسبة للغرفة فـ بالنسبة للغرفة فهي بمستوى طبيعي ولا بأس بها. الموقع مقبول ولا بأس به مقارنة بالسعر وبالنسبة للاستقبال فـ كان مقبولا بشكل عام,الإفطار، الغرفة، الموقع، الاستقبال,"[0, 0, 0, 0]","['الإفطار', 'الغرفة', 'الموقع', 'الاستقبال']"
Attractions,1.0,خلال عطلة نهاية الأسبوع ذهبنا إلى هناك، المكان يعتبر جيد لقضاء بعض الوقت، كما أن التنظيم رائع جداً وسلس للغاية,المكان، التنظيم,"[0, 1]","['المكان', 'التنظيم']"
Hotels,1.0,خلال عطلة نهاية الأسبوع ذهبنا إلى هناك، موقع المكان عادي ويمكن الوصول إليه بسهولة. وترحيب حار جداً من طاقم الاستقبال أما الغرفة فـ كانت عادية وتفي بالغرض,الموقع، الاستقبال، الغرفة,"[0, 1, 0]","['الموقع', 'الاستقبال', 'الغرفة']"
Attractions,1.0,قرأت تقييمات كثيرة وقررت التجربة، الأنشطة والفعاليات ممتعة جداً ومليئة بالحماس في حين أن بشكل عام المكان طبيعي كأي حديقة أخرى في حين أن لا بأس بالتنظيم بشكل عام,الفعاليات، المكان، التنظيم,"[1, 0, 0]","['الفعاليات', 'المكان', 'التنظيم']"
Attractions,0.0,التذاكر ليست رخيصة ولا غالية بل في المعقول أما التنظيم فالإدارة و بمستوى مقبول، كما أن الأنشطة الموجودة لا بأس بها للأطفال أما المكان فـ يعتبر جيد لقضاء بعض الوقت,التذاكر، التنظيم، الفعاليات، المكان,"[0, 0, 0, 0]","['التذاكر', 'التنظيم', 'الفعاليات', 'المكان']"
Attractions,0.0,قرأت تقييمات كثيرة وقررت التجربة، المكان يعتبر جيد لقضاء بعض الوقت وبالنسبة للتنظيم فـ داخل المرفق كان عاديا وبالنسبة للفعاليات فـ كانت تقليدية ومكررة,المكان، التنظيم، الفعاليات,"[0, 0, 0]","['المكان', 'التنظيم', 'الفعاليات']"
Restaurants,1.0,قمت بتجربة هذا المكان وملاحظاتي هي: الأسعار كانت متوسطة ومناسبة لجودة المكان أما النظافة فـ نظافة المطعم ممتازة جداً,الأسعار، النظافة,"[0, 1]","['الأسعار', 'النظافة']"
Hotels,1.0,في زيارتي الأخيرة، أعجبتني الغرفة بنظافتها الفائقة وتصميمها الرائع أما الاستقبال فـ طاقم كان عادياً في التعامل، كما أن موقع المكان عادي ويمكن الوصول إليه بسهولة,الغرفة، الاستقبال، الموقع,"[1, 0, 0]","['الغرفة', 'الاستقبال', 'الموقع']"
Hotels,1.0,بصراحة، بوفيه الإفطار مذهل ويحتوي على خيارات رائعة وبالنسبة للموقع فـ لا يتميز بشيء خاص ولكنه مناسب,الإفطار، الموقع,"[1, 0]","['الإفطار', 'الموقع']"
Attractions,0.0,خلال عطلة نهاية الأسبوع ذهبنا إلى هناك، قيمة التذكرة عادية في حين أن العروض المقدمة كانت في المستوى الطبيعي، كما أن الوجهة كانت عادية ولم تبهرني كثيراً. لا بأس بالتنظيم بشكل عام,التذاكر، الفعاليات، المكان، التنظيم,"[0, 0, 0, 0]","['التذاكر', 'الفعاليات', 'المكان', 'التنظيم']"
Attractions,-1.0,التجربة بشكل عام كانت متفاوتة، فوضى عارمة وسوء تنظيم واضح وبالنسبة للفعاليات فـ كانت تقليدية ومكررة,التنظيم، الفعاليات,"[-1, 0]","['التنظيم', 'الفعاليات']"
Hotels,0.0,التجربة بشكل عام كانت متفاوتة، بالنسبة للغرفة فهي بمستوى طبيعي ولا بأس بها بالإضافة إلى ذلك، الموقع لا يتميز بشيء خاص ولكنه مناسب بالإضافة إلى ذلك، بالنسبة للإفطار فهو جيد نسبيا كأي فندق آخر,الغرفة، الموقع، الإفطار,"[0, 0, 0]","['الغرفة', 'الموقع', 'الإفطار']"
Restaurants,0.0,قمت بتجربة هذا المكان وملاحظاتي هي: كل الأطباق كانت مطبوخة باحترافية وطعمها خيال بالإضافة إلى ذلك، الأسعار كانت متوسطة ومناسبة لجودة المكان، كما أن نظافة المكان بشكل عام كانت مقبولة. ومستوى الخدمة لا بأس به,الأكل، الأسعار، النظافة، الخدمة,"[1, 0, 0, 0]","['الأكل', 'الأسعار', 'النظافة', 'الخدمة']"
Attractions,0.0,في زيارتي الأخيرة، التذاكر قيمتها ممتازة وتشمل خيارات كثيرة بالإضافة إلى ذلك، الإدارة والتنظيم بمستوى مقبول وبالنسبة للفعاليات فـ لا توجد فعاليات تذكر والأنشطة سيئة,التذاكر، التنظيم، الفعاليات,"[1, 0, -1]","['التذاكر', 'التنظيم', 'الفعاليات']"
Restaurants,1.0,خلال عطلة نهاية الأسبوع ذهبنا إلى هناك، الأسعار ممتازة ورخيصة مقارنة بالكمية. ومستوى الخدمة لا بأس به. ونظافة المطعم ممتازة جداً,الأسعار، الخدمة، النظافة,"[1, 0, 1]","['الأسعار', 'الخدمة', 'النظافة']"
Restaurants,0.0,التجربة بشكل عام كانت متفاوتة، الطاولات كانت نظيفة بشكل معتاد، كما أن المطعم غالي بشكل مبالغ فيه ولا يستحق وبالنسبة للأكل فـ كل الأطباق كانت مطبوخة باحترافية وطعمها خيال,النظافة، الأسعار، الأكل,"[0, -1, 1]","['النظافة', 'الأسعار', 'الأكل']"
Hotels,1.0,قرأت تقييمات كثيرة وقررت التجربة، موقع الفندق ممتاز جداً وإطلالته خرافية بالإضافة إلى ذلك، موظفو الاستقبال قاموا بعملهم بشكل روتيني وبالنسبة للإفطار فـ بوفيه كان تقليدياً ويقدم أصنافاً معتادة,الموقع، الاستقبال، الإفطار,"[1, 0, 0]","['الموقع', 'الاستقبال', 'الإفطار']"
Hotels,0.0,خلال عطلة نهاية الأسبوع ذهبنا إلى هناك، الغرفة كانت عادية وتفي بالغرض، كما أن وجبة الإفطار كانت عادية ولم تكن مميزة أما الاستقبال فـ موظفو قاموا بعملهم بشكل روتيني، كما أن الموقع بعيد جداً ومقطوع عن الخدمات,الغرفة، الإفطار، الاستقبال، الموقع,"[0, 0, 0, -1]","['الغرفة', 'الإفطار', 'الاستقبال', 'الموقع']"
Attractions,0.0,قمت بتجربة هذا المكان وملاحظاتي هي: قيمة التذكرة عادية في حين أن العروض المقدمة كانت في المستوى الطبيعي,التذاكر، الفعاليات,"[0, 0]","['التذاكر', 'الفعاليات']"
Attractions,0.0,بصراحة، أسعار الدخول طبيعية مقارنة بالفعاليات بالإضافة إلى ذلك، المكان يعتبر جيد لقضاء بعض الوقت، كما أن الفعاليات مقبولة وتمضية وقت ليس إلا,التذاكر، المكان، الفعاليات,"[0, 0, 0]","['التذاكر', 'المكان', 'الفعاليات']"
Hotels,0.0,موظفو الاستقبال قاموا بعملهم بشكل روتيني وبالنسبة للإفطار فـ بوفيه كان تقليدياً ويقدم أصنافاً معتادة. وموقع الفندق يعتبر متوسطا من حيث القرب للخدمات، كما أن الغرفة واسعة ومريحة بشكل استثنائي,الاستقبال، الإفطار، الموقع، الغرفة,"[0, 0, 0, 1]","['الاستقبال', 'الإفطار', 'الموقع', 'الغرفة']"
Restaurants,0.0,قرأت تقييمات كثيرة وقررت التجربة، مستوى الخدمة لا بأس به أما الأسعار فـ أسعار المنيو تعتبر طبيعية مقارنة بالمطاعم الأخرى في حين أن النظافة معدومة في هذا المطعم وبالنسبة للأكل فـ مقبول لكنني تذوقت أفضل منه,الخدمة، الأسعار، النظافة، الأكل,"[0, 0, -1, 0]","['الخدمة', 'الأسعار', 'النظافة', 'الأكل']"
Hotels,0.0,خلال عطلة نهاية الأسبوع ذهبنا إلى هناك، أثاث الغرفة يبدو عادياً ليس حديثاً ولا قديماً جداً وبالنسبة للاستقبال فـ موظفو قاموا بعملهم بشكل روتيني,الغرفة، الاستقبال,"[0, 0]","['الغرفة', 'الاستقبال']"
Attractions,0.0,قرأت تقييمات كثيرة وقررت التجربة، قيمة التذكرة عادية بالإضافة إلى ذلك، فوضى عارمة وسوء تنظيم واضح. والمكان يعتبر جيد لقضاء بعض الوقت. والأنشطة الموجودة لا بأس بها للأطفال,التذاكر، التنظيم، المكان، الفعاليات,"[0, -1, 0, 0]","['التذاكر', 'التنظيم', 'المكان', 'الفعاليات']"
Restaurants,0.0,الأكل مقبول لكنني تذوقت أفضل منه أما الخدمة فـ أسوأ خدمة جربتها في حياتي أما النظافة فـ نظافة المكان بشكل عام كانت مقبولة في حين أن الأسعار كانت متوسطة ومناسبة لجودة المكان,الأكل، الخدمة، النظافة، الأسعار,"[0, -1, 0, 0]","['الأكل', 'الخدمة', 'النظافة', 'الأسعار']"
Restaurants,0.0,قمت بتجربة هذا المكان وملاحظاتي هي: مستوى الخدمة لا بأس به في حين أن الطاولات كانت نظيفة بشكل معتاد أما الأسعار فـ أسعار المنيو تعتبر طبيعية مقارنة بالمطاعم الأخرى أما الأكل فـ كان بارداً وطعمه سيء جداً,الخدمة، النظافة، الأسعار، الأكل,"[0, 0, 0, -1]","['الخدمة', 'النظافة', 'الأسعار', 'الأكل']"
Attractions,1.0,بصراحة، أسعار التذاكر رخيصة جداً ومناسبة للجميع أما التنظيم فـ مرتبين جداً و احترافي وبالنسبة للمكان فـ مساحة وتصميمه مقبول ولا بأس به، كما أن الأنشطة الموجودة لا بأس بها للأطفال,التذاكر، التنظيم، المكان، الفعاليات,"[1, 1, 0, 0]","['التذاكر', 'التنظيم', 'المكان', 'الفعاليات']"
Restaurants,-1.0,بصراحة، الأسعار مبالغ فيها وغالية جداً أما الأكل فـ بالنسبة للأكل فهو بمستوى طبيعي. المكان متسخ والطاولات غير نظيفة وبالنسبة للخدمة فـ تعامل الويترز كان عادياً,الأسعار، الأكل، النظافة، الخدمة,"[-1, 0, -1, 0]","['الأسعار', 'الأكل', 'النظافة', 'الخدمة']"
Attractions,0.0,المكان يعتبر جيد لقضاء بعض الوقت. والإدارة والتنظيم بمستوى مقبول بالإضافة إلى ذلك، أسعار الدخول طبيعية مقارنة بالفعاليات,المكان، التنظيم، التذاكر,"[0, 0, 0]","['المكان', 'التنظيم', 'التذاكر']"
Restaurants,0.0,بصراحة، الأسعار ممتازة ورخيصة مقارنة بالكمية في حين أن لم يعجبني الأكل إطلاقاً وكان دون المستوى في حين أن الخدمة سريعة جداً وطاقم العمل ودود في حين أن نظافة المكان بشكل عام كانت مقبولة,الأسعار، الأكل، الخدمة، النظافة,"[1, -1, 1, 0]","['الأسعار', 'الأكل', 'الخدمة', 'النظافة']"
Attractions,-1.0,في زيارتي الأخيرة، ترتيب الدخول كان يسير بشكل طبيعي بالإضافة إلى ذلك، أسعار الدخول طبيعية مقارنة بالفعاليات في حين أن الفعاليات مملة جداً ولا يوجد تجديد,التنظيم، التذاكر، الفعاليات,"[0, 0, -1]","['التنظيم', 'التذاكر', 'الفعاليات']"
Attractions,0.0,قمت بتجربة هذا المكان وملاحظاتي هي: بشكل عام المكان طبيعي كأي حديقة أخرى في حين أن لا بأس بالتنظيم بشكل عام. والأنشطة والفعاليات ممتعة جداً ومليئة بالحماس أما التذاكر فـ أسعار الدخول طبيعية مقارنة بالفعاليات,المكان، التنظيم، الفعاليات، التذاكر,"[0, 0, 1, 0]","['المكان', 'التنظيم', 'الفعاليات', 'التذاكر']"
Attractions,-1.0,بصراحة، قيمة التذكرة عادية، كما أن لا أنصح بزيارة المكان فهو سيء للغاية أما الفعاليات فـ لا توجد فعاليات تذكر والأنشطة سيئة في حين أن فوضى عارمة وسوء تنظيم واضح,التذاكر، المكان، الفعاليات، التنظيم,"[0, -1, -1, -1]","['التذاكر', 'المكان', 'الفعاليات', 'التنظيم']"
Restaurants,-1.0,خلال عطلة نهاية الأسبوع ذهبنا إلى هناك، مستوى الخدمة لا بأس به بالإضافة إلى ذلك، المكان متسخ والطاولات غير نظيفة,الخدمة، النظافة,"[0, -1]","['الخدمة', 'النظافة']"
Restaurants,-1.0,التجربة بشكل عام كانت متفاوتة، الأسعار كانت متوسطة ومناسبة لجودة المكان، كما أن تعامل الويترز كان عادياً وبالنسبة للنظافة فالمكان متسخ والطاولات غير نظيفة,الأسعار، الخدمة، النظافة,"[0, 0, -1]","['الأسعار', 'الخدمة', 'النظافة']"
Restaurants,0.0,التجربة بشكل عام كانت متفاوتة، الخدمة في المطعم كانت روتينية. ونظافة المكان بشكل عام كانت مقبولة بالإضافة إلى ذلك، الأسعار ممتازة ورخيصة مقارنة بالكمية بالإضافة إلى ذلك، طعم الأكل كان عادياً ولا يوجد فيه نكهة مميزة,الخدمة، النظافة، الأسعار، الأكل,"[0, 0, 1, 0]","['الخدمة', 'النظافة', 'الأسعار', 'الأكل']"
Attractions,0.0,خلال عطلة نهاية الأسبوع ذهبنا إلى هناك، لا بأس بالتنظيم بشكل عام أما المكان فـ كئيب وممل جداً. والفعاليات مقبولة وتمضية وقت ليس إلا في حين أن سعر التذاكر كان متوسطا ومقبولا,التنظيم، المكان، الفعاليات، التذاكر,"[0, -1, 0, 0]","['التنظيم', 'المكان', 'الفعاليات', 'التذاكر']"
Attractions,0.0,لا بأس بالتنظيم بشكل عام. الفعاليات مقبولة وتمضية وقت ليس إلا وبالنسبة للمكان فـ مساحة وتصميمه مقبول ولا بأس به,التنظيم، الفعاليات، المكان,"[0, 0, 0]","['التنظيم', 'الفعاليات', 'المكان']"
Restaurants,0.0,في زيارتي الأخيرة، المطعم نظيف لحد معقول بالإضافة إلى ذلك، طعم الأكل كان عادياً ولا يوجد فيه نكهة مميزة,النظافة، الأكل,"[0, 0]","['النظافة', 'الأكل']"
Hotels,0.0,بصراحة، الموقع لا يتميز بشيء خاص ولكنه مناسب، كما أن الغرفة واسعة ومريحة بشكل استثنائي في حين أن وجبة الإفطار كانت عادية ولم تكن مميزة. وإجراءات الدخول في الاستقبال كانت طبيعية ولم تستغرق وقتا طويلا أو قصيرا,الموقع، الغرفة، الإفطار، الاستقبال,"[0, 1, 0, 0]","['الموقع', 'الغرفة', 'الإفطار', 'الاستقبال']"
Restaurants,-1.0,قرأت تقييمات كثيرة وقررت التجربة، مستوى الخدمة لا بأس به أما الأكل فـ كان بارداً وطعمه سيء جداً وبالنسبة للنظافة فـ نظافة المكان بشكل عام كانت مقبولة,الخدمة، الأكل، النظافة,"[0, -1, 0]","['الخدمة', 'الأكل', 'النظافة']"
Hotels,1.0,التجربة بشكل عام كانت متفاوتة، ترحيب حار جداً من طاقم الاستقبال أما الإفطار فـ وجبة كانت عادية ولم تكن مميزة أما الموقع فـ موقع الفندق يعتبر متوسطا من حيث القرب للخدمات بالإضافة إلى ذلك، أعجبتني الغرفة بنظافتها الفائقة وتصميمها الرائع,الاستقبال، الإفطار، الموقع، الغرفة,"[1, 0, 0, 1]","['الاستقبال', 'الإفطار', 'الموقع', 'الغرفة']"
Attractions,0.0,العروض المقدمة كانت في المستوى الطبيعي. بشكل عام المكان طبيعي كأي حديقة أخرى في حين أن أسعار التذاكر رخيصة جداً ومناسبة للجميع. والإدارة والتنظيم بمستوى مقبول,الفعاليات، المكان، التذاكر، التنظيم,"[0, 0, 1, 0]","['الفعاليات', 'المكان', 'التذاكر', 'التنظيم']"
Hotels,0.0,التجربة بشكل عام كانت متفاوتة، إجراءات الدخول في الاستقبال كانت طبيعية ولم تستغرق وقتا طويلا أو قصيرا. بوفيه الإفطار كان تقليدياً ويقدم أصنافاً معتادة,الاستقبال، الإفطار,"[0, 0]","['الاستقبال', 'الإفطار']"
Hotels,1.0,خلال عطلة نهاية الأسبوع ذهبنا إلى هناك، الإفطار كان لذيذاً ومتنوعاً جداً وبالنسبة للغرفة فـ واسعة ومريحة بشكل استثنائي. وموظفو الاستقبال قاموا بعملهم بشكل روتيني,الإفطار، الغرفة، الاستقبال,"[1, 1, 0]","['الإفطار', 'الغرفة', 'الاستقبال']"
Restaurants,0.0,الطلبات كانت متوسطة المستوى ولا بأس بها. تعامل الويترز كان عادياً في حين أن الأسعار ممتازة ورخيصة مقارنة بالكمية، كما أن النظافة معدومة في هذا المطعم,الأكل، الخدمة، الأسعار، النظافة,"[0, 0, 1, -1]","['الأكل', 'الخدمة', 'الأسعار', 'النظافة']"
Restaurants,0.0,قمت بتجربة هذا المكان وملاحظاتي هي: الخدمة في المطعم كانت روتينية. وبالنسبة للأكل فهو بمستوى طبيعي وبالنسبة للنظافة فالمطعم نظيف لحد معقول,الخدمة، الأكل، النظافة,"[0, 0, 0]","['الخدمة', 'الأكل', 'النظافة']"
Attractions,0.0,قرأت تقييمات كثيرة وقررت التجربة، الأنشطة الموجودة لا بأس بها للأطفال، كما أن سعر التذاكر كان متوسطا ومقبولا وبالنسبة للتنظيم فـ ترتيب الدخول كان يسير بشكل طبيعي,الفعاليات، التذاكر، التنظيم,"[0, 0, 0]","['الفعاليات', 'التذاكر', 'التنظيم']"
Attractions,1.0,بصراحة، المكان يعتبر جيد لقضاء بعض الوقت. وعروض رائعة ومتنوعة تناسب كل الأعمار. ترتيب الدخول كان يسير بشكل طبيعي,المكان، الفعاليات، التنظيم,"[0, 1, 0]","['المكان', 'الفعاليات', 'التنظيم']"
Restaurants,0.0,خلال عطلة نهاية الأسبوع ذهبنا إلى هناك، تعامل الويترز كان عادياً وبالنسبة للنظافة فالمكان متسخ والطاولات غير نظيفة، كما أن الطلبات كانت متوسطة المستوى ولا بأس بها، كما أن الأسعار ممتازة ورخيصة مقارنة بالكمية,الخدمة، النظافة، الأكل، الأسعار,"[0, -1, 0, 1]","['الخدمة', 'النظافة', 'الأكل', 'الأسعار']"
Restaurants,1.0,في زيارتي الأخيرة، الخدمة سريعة جداً وطاقم العمل ودود أما النظافة فـ نظافة المكان بشكل عام كانت مقبولة,الخدمة، النظافة,"[1, 0]","['الخدمة', 'النظافة']"
Hotels,0.0,بصراحة، بالنسبة للغرفة فهي بمستوى طبيعي ولا بأس بها أما الموقع فـ مقبول ولا بأس به مقارنة بالسعر,الغرفة، الموقع,"[0, 0]","['الغرفة', 'الموقع']"
Hotels,0.0,قرأت تقييمات كثيرة وقررت التجربة، إجراءات الدخول في الاستقبال كانت طبيعية ولم تستغرق وقتا طويلا أو قصيرا في حين أن الموقع لا يتميز بشيء خاص ولكنه مناسب,الاستقبال، الموقع,"[0, 0]","['الاستقبال', 'الموقع']"
Hotels,0.0,الإفطار سيء جداً والخيارات محدودة بالإضافة إلى ذلك، مساحة الغرفة كانت متوسطة كما توقعنا في حين أن موظفو الاستقبال في قمة الرقي والتعاون. الموقع لا يتميز بشيء خاص ولكنه مناسب,الإفطار، الغرفة، الاستقبال، الموقع,"[-1, 0, 1, 0]","['الإفطار', 'الغرفة', 'الاستقبال', 'الموقع']"
Hotels,0.0,بصراحة، الموقع مقبول ولا بأس به مقارنة بالسعر. للأسف الغرفة كانت سيئة وغير نظيفة على الإطلاق، كما أن موظفو الاستقبال في قمة الرقي والتعاون. الإفطار كان مقبولاً لكنه يفتقر للتنوع,الموقع، الغرفة، الاستقبال، الإفطار,"[0, -1, 1, 0]","['الموقع', 'الغرفة', 'الاستقبال', 'الإفطار']"
Attractions,0.0,بصراحة، الأنشطة الموجودة لا بأس بها للأطفال في حين أن التنظيم سيء جداً وهناك عشوائية في المكان في حين أن أسعار التذاكر رخيصة جداً ومناسبة للجميع، كما أن بشكل عام المكان طبيعي كأي حديقة أخرى,الفعاليات، التنظيم، التذاكر، المكان,"[0, -1, 1, 0]","['الفعاليات', 'التنظيم', 'التذاكر', 'المكان']"
Hotels,1.0,قرأت تقييمات كثيرة وقررت التجربة، الموقع استراتيجي وقريب من كل الفعاليات. الإفطار كان مقبولاً لكنه يفتقر للتنوع,الموقع، الإفطار,"[1, 0]","['الموقع', 'الإفطار']"
Restaurants,0.0,قمت بتجربة هذا المكان وملاحظاتي هي: السعر كان عاديا وليس مبالغا فيه وبالنسبة للأكل فـ كان لذيذاً جداً وأنصح به بشدة أما النظافة فالمكان متسخ والطاولات غير نظيفة وبالنسبة للخدمة فـ سرعة كانت في المعدل الطبيعي والمقبول,الأسعار، الأكل، النظافة، الخدمة,"[0, 1, -1, 0]","['الأسعار', 'الأكل', 'النظافة', 'الخدمة']"
Attractions,0.0,في زيارتي الأخيرة، المكان يعتبر جيد لقضاء بعض الوقت أما التذاكر فـ سعر كان متوسطا ومقبولا أما الفعاليات فالعروض المقدمة كانت في المستوى الطبيعي وبالنسبة للتنظيم فـ داخل المرفق كان عاديا,المكان، التذاكر، الفعاليات، التنظيم,"[0, 0, 0, 0]","['المكان', 'التذاكر', 'الفعاليات', 'التنظيم']"
Hotels,-1.0,بصراحة، تعامل الاستقبال كان جافاً وغير احترافي. وجبة الإفطار كانت عادية ولم تكن مميزة وبالنسبة للموقع فـ موقع الفندق يعتبر متوسطا من حيث القرب للخدمات,الاستقبال، الإفطار، الموقع,"[-1, 0, 0]","['الاستقبال', 'الإفطار', 'الموقع']"
Restaurants,1.0,بالنسبة للأكل فهو بمستوى طبيعي بالإضافة إلى ذلك، قيمة رائعة مقابل المال والأسعار جداً معقولة، كما أن مستوى الخدمة لا بأس به,الأكل، الأسعار، الخدمة,"[0, 1, 0]","['الأكل', 'الأسعار', 'الخدمة']"
Attractions,0.0,خلال عطلة نهاية الأسبوع ذهبنا إلى هناك، التنظيم داخل المرفق كان عاديا. ومساحة المكان وتصميمه مقبول ولا بأس به وبالنسبة للتذاكر فـ أسعار غالية جداً ومبالغ فيها. والفعاليات كانت تقليدية ومكررة,التنظيم، المكان، التذاكر، الفعاليات,"[0, 0, -1, 0]","['التنظيم', 'المكان', 'التذاكر', 'الفعاليات']"
Attractions,0.0,مساحة المكان وتصميمه مقبول ولا بأس به. والفعاليات كانت تقليدية ومكررة أما التنظيم فالإدارة و بمستوى مقبول. التذاكر ليست رخيصة ولا غالية بل في المعقول,المكان، الفعاليات، التنظيم، التذاكر,"[0, 0, 0, 0]","['المكان', 'الفعاليات', 'التنظيم', 'التذاكر']"
Hotels,0.0,قمت بتجربة هذا المكان وملاحظاتي هي: الاستقبال كان مقبولا بشكل عام في حين أن بوفيه الإفطار كان تقليدياً ويقدم أصنافاً معتادة وبالنسبة للغرفة فـ بالنسبة للغرفة فهي بمستوى طبيعي ولا بأس بها، كما أن الموقع استراتيجي وقريب من كل الفعاليات,الاستقبال، الإفطار، الغرفة، الموقع,"[0, 0, 0, 1]","['الاستقبال', 'الإفطار', 'الغرفة', 'الموقع']"
Hotels,0.0,بصراحة، الموقع مقبول ولا بأس به مقارنة بالسعر وبالنسبة للإفطار فـ كان مقبولاً لكنه يفتقر للتنوع. إجراءات الدخول في الاستقبال كانت طبيعية ولم تستغرق وقتا طويلا أو قصيرا أما الغرفة فـ ضيقة جداً ومكتومة,الموقع، الإفطار، الاستقبال، الغرفة,"[0, 0, 0, -1]","['الموقع', 'الإفطار', 'الاستقبال', 'الغرفة']"
Hotels,-1.0,التجربة بشكل عام كانت متفاوتة، الإفطار سيء جداً والخيارات محدودة في حين أن الاستقبال كان مقبولا بشكل عام. أثاث الغرفة يبدو عادياً ليس حديثاً ولا قديماً جداً,الإفطار، الاستقبال، الغرفة,"[-1, 0, 0]","['الإفطار', 'الاستقبال', 'الغرفة']"
Attractions,0.0,التجربة بشكل عام كانت متفاوتة، التذاكر ليست رخيصة ولا غالية بل في المعقول. المكان يعتبر جيد لقضاء بعض الوقت,التذاكر، المكان,"[0, 0]","['التذاكر', 'المكان']"
Restaurants,-1.0,قمت بتجربة هذا المكان وملاحظاتي هي: المكان متسخ والطاولات غير نظيفة وبالنسبة للأكل فـ كان بارداً وطعمه سيء جداً,النظافة، الأكل,"[-1, -1]","['النظافة', 'الأكل']"
Hotels,0.0,الإفطار كان مقبولاً لكنه يفتقر للتنوع. الغرفة كانت عادية وتفي بالغرض بالإضافة إلى ذلك، الموقع لا يتميز بشيء خاص ولكنه مناسب. وموظفو الاستقبال قاموا بعملهم بشكل روتيني,الإفطار، الغرفة، الموقع، الاستقبال,"[0, 0, 0, 0]","['الإفطار', 'الغرفة', 'الموقع', 'الاستقبال']"
Attractions,0.0,التجربة بشكل عام كانت متفاوتة، العروض المقدمة كانت في المستوى الطبيعي، كما أن بشكل عام المكان طبيعي كأي حديقة أخرى بالإضافة إلى ذلك، فوضى عارمة وسوء تنظيم واضح أما التذاكر فـ أسعار الدخول طبيعية مقارنة بالفعاليات,الفعاليات، المكان، التنظيم، التذاكر,"[0, 0, -1, 0]","['الفعاليات', 'المكان', 'التنظيم', 'التذاكر']"
Attractions,-1.0,قرأت تقييمات كثيرة وقررت التجربة، الفعاليات مملة جداً ولا يوجد تجديد وبالنسبة للتذاكر فـ أسعار الدخول طبيعية مقارنة بالفعاليات، كما أن الإدارة والتنظيم بمستوى مقبول,الفعاليات، التذاكر، التنظيم,"[-1, 0, 0]","['الفعاليات', 'التذاكر', 'التنظيم']"
Hotels,0.0,في زيارتي الأخيرة، بالنسبة للغرفة فهي بمستوى طبيعي ولا بأس بها، كما أن موقع الفندق ممتاز جداً وإطلالته خرافية بالإضافة إلى ذلك، الإفطار كان مقبولاً لكنه يفتقر للتنوع بالإضافة إلى ذلك، موظفو الاستقبال قاموا بعملهم بشكل روتيني,الغرفة، الموقع، الإفطار، الاستقبال,"[0, 1, 0, 0]","['الغرفة', 'الموقع', 'الإفطار', 'الاستقبال']"
Hotels,0.0,التجربة بشكل عام كانت متفاوتة، موقع الفندق يعتبر متوسطا من حيث القرب للخدمات في حين أن إجراءات الدخول في الاستقبال كانت طبيعية ولم تستغرق وقتا طويلا أو قصيرا. الغرفة كانت عادية وتفي بالغرض في حين أن بوفيه الإفطار كان تقليدياً ويقدم أصنافاً معتادة,الموقع، الاستقبال، الغرفة، الإفطار,"[0, 0, 0, 0]","['الموقع', 'الاستقبال', 'الغرفة', 'الإفطار']"
Restaurants,0.0,في زيارتي الأخيرة، الطاولات كانت نظيفة بشكل معتاد في حين أن السعر كان عاديا وليس مبالغا فيه,النظافة، الأسعار,"[0, 0]","['النظافة', 'الأسعار']"
Hotels,0.0,قرأت تقييمات كثيرة وقررت التجربة، الغرفة ضيقة جداً ومكتومة. موظفو الاستقبال قاموا بعملهم بشكل روتيني. الموقع استراتيجي وقريب من كل الفعاليات. بوفيه الإفطار كان تقليدياً ويقدم أصنافاً معتادة,الغرفة، الاستقبال، الموقع، الإفطار,"[-1, 0, 1, 0]","['الغرفة', 'الاستقبال', 'الموقع', 'الإفطار']"
Hotels,-1.0,بصراحة، وجبة الإفطار كانت عادية ولم تكن مميزة وبالنسبة للموقع فـ مقبول ولا بأس به مقارنة بالسعر وبالنسبة للاستقبال فـ واجهنا بطء شديد ومماطلة من موظفي,الإفطار، الموقع، الاستقبال,"[0, 0, -1]","['الإفطار', 'الموقع', 'الاستقبال']"
Attractions,0.0,قمت بتجربة هذا المكان وملاحظاتي هي: العروض المقدمة كانت في المستوى الطبيعي بالإضافة إلى ذلك، التذاكر قيمتها ممتازة وتشمل خيارات كثيرة في حين أن التنظيم داخل المرفق كان عاديا. والوجهة كانت عادية ولم تبهرني كثيراً,الفعاليات، التذاكر، التنظيم، المكان,"[0, 1, 0, 0]","['الفعاليات', 'التذاكر', 'التنظيم', 'المكان']"
Attractions,1.0,قرأت تقييمات كثيرة وقررت التجربة، التذاكر قيمتها ممتازة وتشمل خيارات كثيرة. والتنظيم رائع جداً وسلس للغاية، كما أن العروض المقدمة كانت في المستوى الطبيعي,التذاكر، التنظيم، الفعاليات,"[1, 1, 0]","['التذاكر', 'التنظيم', 'الفعاليات']"
Restaurants,0.0,خلال عطلة نهاية الأسبوع ذهبنا إلى هناك، نظافة المطعم ممتازة جداً. والسعر كان عاديا وليس مبالغا فيه، كما أن أسوأ خدمة جربتها في حياتي، كما أن لم يعجبني الأكل إطلاقاً وكان دون المستوى,النظافة، الأسعار، الخدمة، الأكل,"[1, 0, -1, -1]","['النظافة', 'الأسعار', 'الخدمة', 'الأكل']"
Attractions,0.0,قمت بتجربة هذا المكان وملاحظاتي هي: أسعار الدخول طبيعية مقارنة بالفعاليات بالإضافة إلى ذلك، ترتيب الدخول كان يسير بشكل طبيعي وبالنسبة للمكان فـ بشكل عام طبيعي كأي حديقة أخرى,التذاكر، التنظيم، المكان,"[0, 0, 0]","['التذاكر', 'التنظيم', 'المكان']"
Restaurants,1.0,قرأت تقييمات كثيرة وقررت التجربة، نظافة المكان بشكل عام كانت مقبولة وبالنسبة للأسعار فـ كانت متوسطة ومناسبة لجودة المكان، كما أن الخدمة سريعة جداً وطاقم العمل ودود,النظافة، الأسعار، الخدمة,"[0, 0, 1]","['النظافة', 'الأسعار', 'الخدمة']"
Attractions,-1.0,بصراحة، لا أنصح بزيارة المكان فهو سيء للغاية أما التنظيم فـ سيء جداً وهناك عشوائية في المكان. الأنشطة الموجودة لا بأس بها للأطفال أما التذاكر فـ ليست رخيصة ولا غالية بل في المعقول,المكان، التنظيم، الفعاليات، التذاكر,"[-1, -1, 0, 0]","['المكان', 'التنظيم', 'الفعاليات', 'التذاكر']"
Hotels,0.0,خلال عطلة نهاية الأسبوع ذهبنا إلى هناك، بالنسبة للغرفة فهي بمستوى طبيعي ولا بأس بها وبالنسبة للموقع فـ موقع المكان عادي ويمكن الوصول إليه بسهولة في حين أن بوفيه الإفطار كان تقليدياً ويقدم أصنافاً معتادة في حين أن ترحيب حار جداً من طاقم الاستقبال,الغرفة، الموقع، الإفطار، الاستقبال,"[0, 0, 0, 1]","['الغرفة', 'الموقع', 'الإفطار', 'الاستقبال']"
Restaurants,0.0,قمت بتجربة هذا المكان وملاحظاتي هي: بالنسبة للأسعار فهي مقبولة إلى حد ما وبالنسبة للخدمة فـ في المطعم كانت روتينية أما النظافة فالطاولات كانت نظيفة بشكل معتاد. وطعم الأكل كان عادياً ولا يوجد فيه نكهة مميزة,الأسعار، الخدمة، النظافة، الأكل,"[0, 0, 0, 0]","['الأسعار', 'الخدمة', 'النظافة', 'الأكل']"
Hotels,0.0,خلال عطلة نهاية الأسبوع ذهبنا إلى هناك، للأسف الغرفة كانت سيئة وغير نظيفة على الإطلاق، كما أن موقع الفندق ممتاز جداً وإطلالته خرافية بالإضافة إلى ذلك، وجبة الإفطار كانت عادية ولم تكن مميزة,الغرفة، الموقع، الإفطار,"[-1, 1, 0]","['الغرفة', 'الموقع', 'الإفطار']"
Restaurants,0.0,بصراحة، الخدمة في المطعم كانت روتينية بالإضافة إلى ذلك، بالنسبة للأسعار فهي مقبولة إلى حد ما في حين أن المطعم نظيف لحد معقول. الأكل كان لذيذاً جداً وأنصح به بشدة,الخدمة، الأسعار، النظافة، الأكل,"[0, 0, 0, 1]","['الخدمة', 'الأسعار', 'النظافة', 'الأكل']"
Hotels,0.0,قرأت تقييمات كثيرة وقررت التجربة، الموقع لا يتميز بشيء خاص ولكنه مناسب أما الاستقبال فـ إجراءات الدخول في كانت طبيعية ولم تستغرق وقتا طويلا أو قصيرا بالإضافة إلى ذلك، الإفطار كان مقبولاً لكنه يفتقر للتنوع,الموقع، الاستقبال، الإفطار,"[0, 0, 0]","['الموقع', 'الاستقبال', 'الإفطار']"
Restaurants,0.0,الطلبات كانت متوسطة المستوى ولا بأس بها بالإضافة إلى ذلك، مستوى النظافة عادي ولا بأس به,الأكل، النظافة,"[0, 0]","['الأكل', 'النظافة']"
Hotels,0.0,خلال عطلة نهاية الأسبوع ذهبنا إلى هناك، الموقع بعيد جداً ومقطوع عن الخدمات وبالنسبة للإفطار فـ بالنسبة للإفطار فهو جيد نسبيا كأي فندق آخر، كما أن طاقم الاستقبال كان عادياً في التعامل في حين أن الغرفة كانت عادية وتفي بالغرض,الموقع، الإفطار، الاستقبال، الغرفة,"[-1, 0, 0, 0]","['الموقع', 'الإفطار', 'الاستقبال', 'الغرفة']"
Restaurants,0.0,قمت بتجربة هذا المكان وملاحظاتي هي: نظافة المكان بشكل عام كانت مقبولة. وطعم الأكل كان عادياً ولا يوجد فيه نكهة مميزة وبالنسبة للأسعار فالسعر كان عاديا وليس مبالغا فيه، كما أن الخدمة بطيئة للغاية والعمال غير مهتمين,النظافة، الأكل، الأسعار، الخدمة,"[0, 0, 0, -1]","['النظافة', 'الأكل', 'الأسعار', 'الخدمة']"
Restaurants,0.0,قرأت تقييمات كثيرة وقررت التجربة، بالنسبة للأكل فهو بمستوى طبيعي وبالنسبة للخدمة فـ في المطعم كانت روتينية في حين أن الأسعار كانت متوسطة ومناسبة لجودة المكان. المطعم نظيف لحد معقول,الأكل، الخدمة، الأسعار، النظافة,"[0, 0, 0, 0]","['الأكل', 'الخدمة', 'الأسعار', 'النظافة']"
Attractions,0.0,قمت بتجربة هذا المكان وملاحظاتي هي: ترتيب الدخول كان يسير بشكل طبيعي أما التذاكر فـ أسعار الدخول طبيعية مقارنة بالفعاليات,التنظيم، التذاكر,"[0, 0]","['التنظيم', 'التذاكر']"
Restaurants,-1.0,قرأت تقييمات كثيرة وقررت التجربة، الخدمة في المطعم كانت روتينية. والنظافة معدومة في هذا المطعم في حين أن الأسعار كانت متوسطة ومناسبة لجودة المكان,الخدمة، النظافة، الأسعار,"[0, -1, 0]","['الخدمة', 'النظافة', 'الأسعار']"
Attractions,-1.0,بصراحة، لا بأس بالتنظيم بشكل عام. بشكل عام المكان طبيعي كأي حديقة أخرى. والفعاليات مملة جداً ولا يوجد تجديد,التنظيم، المكان، الفعاليات,"[0, 0, -1]","['التنظيم', 'المكان', 'الفعاليات']"
Hotels,0.0,الغرفة كانت عادية وتفي بالغرض وبالنسبة للاستقبال فـ إجراءات الدخول في كانت طبيعية ولم تستغرق وقتا طويلا أو قصيرا بالإضافة إلى ذلك، الموقع مقبول ولا بأس به مقارنة بالسعر,الغرفة، الاستقبال، الموقع,"[0, 0, 0]","['الغرفة', 'الاستقبال', 'الموقع']"
Restaurants,0.0,بالنسبة للأسعار فهي مقبولة إلى حد ما. سرعة الخدمة كانت في المعدل الطبيعي والمقبول أما الأكل فالطلبات كانت متوسطة المستوى ولا بأس بها. والمطعم نظيف لحد معقول,الأسعار، الخدمة، الأكل، النظافة,"[0, 0, 0, 0]","['الأسعار', 'الخدمة', 'الأكل', 'النظافة']"
Restaurants,0.0,في زيارتي الأخيرة، السعر كان عاديا وليس مبالغا فيه بالإضافة إلى ذلك، الخدمة في المطعم كانت روتينية,الأسعار، الخدمة,"[0, 0]","['الأسعار', 'الخدمة']"
Attractions,1.0,قمت بتجربة هذا المكان وملاحظاتي هي: التنظيم داخل المرفق كان عاديا. والأنشطة والفعاليات ممتعة جداً ومليئة بالحماس وبالنسبة للمكان فـ يعتبر جيد لقضاء بعض الوقت,التنظيم، الفعاليات، المكان,"[0, 1, 0]","['التنظيم', 'الفعاليات', 'المكان']"
Restaurants,1.0,الخدمة سريعة جداً وطاقم العمل ودود أما النظافة فالمكان يلمع من والاهتمام بالتفاصيل. طعم الأكل كان عادياً ولا يوجد فيه نكهة مميزة,الخدمة، النظافة، الأكل,"[1, 1, 0]","['الخدمة', 'النظافة', 'الأكل']"
Attractions,0.0,خلال عطلة نهاية الأسبوع ذهبنا إلى هناك، الفعاليات كانت تقليدية ومكررة. والتنظيم داخل المرفق كان عاديا,الفعاليات، التنظيم,"[0, 0]","['الفعاليات', 'التنظيم']"
Hotels,1.0,التجربة بشكل عام كانت متفاوتة، الإفطار كان لذيذاً ومتنوعاً جداً. والموقع لا يتميز بشيء خاص ولكنه مناسب، كما أن الاستقبال كان مقبولا بشكل عام,الإفطار، الموقع، الاستقبال,"[1, 0, 0]","['الإفطار', 'الموقع', 'الاستقبال']"
Hotels,0.0,قرأت تقييمات كثيرة وقررت التجربة، أثاث الغرفة يبدو عادياً ليس حديثاً ولا قديماً جداً في حين أن طاقم الاستقبال كان عادياً في التعامل في حين أن موقع الفندق يعتبر متوسطا من حيث القرب للخدمات,الغرفة، الاستقبال، الموقع,"[0, 0, 0]","['الغرفة', 'الاستقبال', 'الموقع']"
Hotels,0.0,قرأت تقييمات كثيرة وقررت التجربة، مساحة الغرفة كانت متوسطة كما توقعنا. وموقع المكان عادي ويمكن الوصول إليه بسهولة. الإفطار كان مقبولاً لكنه يفتقر للتنوع,الغرفة، الموقع، الإفطار,"[0, 0, 0]","['الغرفة', 'الموقع', 'الإفطار']"
Attractions,1.0,الأنشطة والفعاليات ممتعة جداً ومليئة بالحماس أما المكان فالوجهة كانت عادية ولم تبهرني كثيراً وبالنسبة للتنظيم فـ مرتبين جداً و احترافي، كما أن أسعار الدخول طبيعية مقارنة بالفعاليات,الفعاليات، المكان، التنظيم، التذاكر,"[1, 0, 1, 0]","['الفعاليات', 'المكان', 'التنظيم', 'التذاكر']"
Attractions,-1.0,الفعاليات مملة جداً ولا يوجد تجديد، كما أن أسعار التذاكر غالية جداً ومبالغ فيها أما التنظيم فـ سيء جداً وهناك عشوائية في المكان,الفعاليات، التذاكر، التنظيم,"[-1, -1, -1]","['الفعاليات', 'التذاكر', 'التنظيم']"
Restaurants,1.0,بصراحة، قيمة رائعة مقابل المال والأسعار جداً معقولة في حين أن الطلبات كانت متوسطة المستوى ولا بأس بها,الأسعار، الأكل,"[1, 0]","['الأسعار', 'الأكل']"
Hotels,1.0,بصراحة، بوفيه الإفطار مذهل ويحتوي على خيارات رائعة وبالنسبة للغرفة فـ واسعة ومريحة بشكل استثنائي. وموظفو الاستقبال في قمة الرقي والتعاون. موقع الفندق ممتاز جداً وإطلالته خرافية,الإفطار، الغرفة، الاستقبال، الموقع,"[1, 1, 1, 1]","['الإفطار', 'الغرفة', 'الاستقبال', 'الموقع']"
Restaurants,0.0,قمت بتجربة هذا المكان وملاحظاتي هي: الأكل مقبول لكنني تذوقت أفضل منه. مستوى الخدمة لا بأس به بالإضافة إلى ذلك، الأسعار كانت متوسطة ومناسبة لجودة المكان,الأكل، الخدمة، الأسعار,"[0, 0, 0]","['الأكل', 'الخدمة', 'الأسعار']"
Hotels,0.0,التجربة بشكل عام كانت متفاوتة، طاقم الاستقبال كان عادياً في التعامل وبالنسبة للموقع فـ مقبول ولا بأس به مقارنة بالسعر وبالنسبة للغرفة فـ بالنسبة للغرفة فهي بمستوى طبيعي ولا بأس بها وبالنسبة للإفطار فـ سيء جداً والخيارات محدودة,الاستقبال، الموقع، الغرفة، الإفطار,"[0, 0, 0, -1]","['الاستقبال', 'الموقع', 'الغرفة', 'الإفطار']"
Restaurants,1.0,المكان يلمع من النظافة والاهتمام بالتفاصيل أما الأكل فـ كان لذيذاً جداً وأنصح به بشدة,النظافة، الأكل,"[1, 1]","['النظافة', 'الأكل']"
Attractions,0.0,التجربة بشكل عام كانت متفاوتة، سعر التذاكر كان متوسطا ومقبولا. الأنشطة الموجودة لا بأس بها للأطفال,التذاكر، الفعاليات,"[0, 0]","['التذاكر', 'الفعاليات']"
Hotels,-1.0,في زيارتي الأخيرة، الموقع مقبول ولا بأس به مقارنة بالسعر، كما أن طاقم الاستقبال كان عادياً في التعامل في حين أن للأسف الغرفة كانت سيئة وغير نظيفة على الإطلاق,الموقع، الاستقبال، الغرفة,"[0, 0, -1]","['الموقع', 'الاستقبال', 'الغرفة']"
Hotels,0.0,التجربة بشكل عام كانت متفاوتة، إجراءات الدخول في الاستقبال كانت طبيعية ولم تستغرق وقتا طويلا أو قصيرا في حين أن بوفيه الإفطار كان تقليدياً ويقدم أصنافاً معتادة,الاستقبال، الإفطار,"[0, 0]","['الاستقبال', 'الإفطار']"
Hotels,-1.0,قمت بتجربة هذا المكان وملاحظاتي هي: مساحة الغرفة كانت متوسطة كما توقعنا بالإضافة إلى ذلك، الاستقبال كان مقبولا بشكل عام، كما أن الإفطار سيء جداً والخيارات محدودة,الغرفة، الاستقبال، الإفطار,"[0, 0, -1]","['الغرفة', 'الاستقبال', 'الإفطار']"
Hotels,0.0,قرأت تقييمات كثيرة وقررت التجربة، الموقع مقبول ولا بأس به مقارنة بالسعر بالإضافة إلى ذلك، الإفطار كان مقبولاً لكنه يفتقر للتنوع,الموقع، الإفطار,"[0, 0]","['الموقع', 'الإفطار']"
Hotels,0.0,موقع المكان عادي ويمكن الوصول إليه بسهولة وبالنسبة للإفطار فـ كان مقبولاً لكنه يفتقر للتنوع. طاقم الاستقبال كان عادياً في التعامل,الموقع، الإفطار، الاستقبال,"[0, 0, 0]","['الموقع', 'الإفطار', 'الاستقبال']"
Attractions,0.0,قرأت تقييمات كثيرة وقررت التجربة، بشكل عام المكان طبيعي كأي حديقة أخرى. وقيمة التذكرة عادية أما التنظيم فـ لا بأس ب بشكل عام,المكان، التذاكر، التنظيم,"[0, 0, 0]","['المكان', 'التذاكر', 'التنظيم']"
Restaurants,0.0,قرأت تقييمات كثيرة وقررت التجربة، الأسعار ممتازة ورخيصة مقارنة بالكمية بالإضافة إلى ذلك، المكان يلمع من النظافة والاهتمام بالتفاصيل. والخدمة بطيئة للغاية والعمال غير مهتمين أما الأكل فالطلبات كانت متوسطة المستوى ولا بأس بها,الأسعار، النظافة، الخدمة، الأكل,"[1, 1, -1, 0]","['الأسعار', 'النظافة', 'الخدمة', 'الأكل']"
Hotels,-1.0,التجربة بشكل عام كانت متفاوتة، موظفو الاستقبال قاموا بعملهم بشكل روتيني وبالنسبة للموقع فـ بعيد جداً ومقطوع عن الخدمات في حين أن أثاث الغرفة يبدو عادياً ليس حديثاً ولا قديماً جداً,الاستقبال، الموقع، الغرفة,"[0, -1, 0]","['الاستقبال', 'الموقع', 'الغرفة']"
Restaurants,1.0,بالنسبة للأسعار فهي مقبولة إلى حد ما بالإضافة إلى ذلك، نظافة المطعم ممتازة جداً، كما أن الخدمة ممتازة واهتمام كبير بالزبائن,الأسعار، النظافة، الخدمة,"[0, 1, 1]","['الأسعار', 'النظافة', 'الخدمة']"
Restaurants,0.0,قرأت تقييمات كثيرة وقررت التجربة، الخدمة في المطعم كانت روتينية. والأسعار مبالغ فيها وغالية جداً. ونظافة المكان بشكل عام كانت مقبولة. طعم الأكل كان عادياً ولا يوجد فيه نكهة مميزة,الخدمة، الأسعار، النظافة، الأكل,"[0, -1, 0, 0]","['الخدمة', 'الأسعار', 'النظافة', 'الأكل']"
Restaurants,1.0,في زيارتي الأخيرة، قيمة رائعة مقابل المال والأسعار جداً معقولة بالإضافة إلى ذلك، سرعة الخدمة كانت في المعدل الطبيعي والمقبول، كما أن الطاولات كانت نظيفة بشكل معتاد,الأسعار، الخدمة، النظافة,"[1, 0, 0]","['الأسعار', 'الخدمة', 'النظافة']"
Hotels,1.0,الغرفة واسعة ومريحة بشكل استثنائي. والإفطار كان مقبولاً لكنه يفتقر للتنوع,الغرفة، الإفطار,"[1, 0]","['الغرفة', 'الإفطار']"
Attractions,0.0,التذاكر ليست رخيصة ولا غالية بل في المعقول أما الفعاليات فـ كانت تقليدية ومكررة وبالنسبة للتنظيم فـ ترتيب الدخول كان يسير بشكل طبيعي وبالنسبة للمكان فـ يعتبر جيد لقضاء بعض الوقت,التذاكر، الفعاليات، التنظيم، المكان,"[0, 0, 0, 0]","['التذاكر', 'الفعاليات', 'التنظيم', 'المكان']"
Attractions,0.0,بصراحة، المكان كئيب وممل جداً في حين أن الفعاليات كانت تقليدية ومكررة. وأسعار التذاكر غالية جداً ومبالغ فيها بالإضافة إلى ذلك، التنظيم رائع جداً وسلس للغاية,المكان، الفعاليات، التذاكر، التنظيم,"[-1, 0, -1, 1]","['المكان', 'الفعاليات', 'التذاكر', 'التنظيم']"
Attractions,0.0,العروض المقدمة كانت في المستوى الطبيعي. وأسعار التذاكر غالية جداً ومبالغ فيها وبالنسبة للمكان فـ يعتبر جيد لقضاء بعض الوقت بالإضافة إلى ذلك، مرتبين جداً والتنظيم احترافي,الفعاليات، التذاكر، المكان، التنظيم,"[0, -1, 0, 1]","['الفعاليات', 'التذاكر', 'المكان', 'التنظيم']"
Hotels,0.0,في زيارتي الأخيرة، إجراءات الدخول في الاستقبال كانت طبيعية ولم تستغرق وقتا طويلا أو قصيرا أما الموقع فـ موقع المكان عادي ويمكن الوصول إليه بسهولة في حين أن بالنسبة للغرفة فهي بمستوى طبيعي ولا بأس بها. وبالنسبة للإفطار فهو جيد نسبيا كأي فندق آخر,الاستقبال، الموقع، الغرفة، الإفطار,"[0, 0, 0, 0]","['الاستقبال', 'الموقع', 'الغرفة', 'الإفطار']"
Restaurants,0.0,في زيارتي الأخيرة، الطلبات كانت متوسطة المستوى ولا بأس بها، كما أن مستوى الخدمة لا بأس به وبالنسبة للنظافة فـ نظافة المكان بشكل عام كانت مقبولة، كما أن أسعار المنيو تعتبر طبيعية مقارنة بالمطاعم الأخرى,الأكل، الخدمة، النظافة، الأسعار,"[0, 0, 0, 0]","['الأكل', 'الخدمة', 'النظافة', 'الأسعار']"
Hotels,0.0,الغرفة ضيقة جداً ومكتومة. بوفيه الإفطار كان تقليدياً ويقدم أصنافاً معتادة، كما أن الموقع استراتيجي وقريب من كل الفعاليات وبالنسبة للاستقبال فـ طاقم كان عادياً في التعامل,الغرفة، الإفطار، الموقع، الاستقبال,"[-1, 0, 1, 0]","['الغرفة', 'الإفطار', 'الموقع', 'الاستقبال']"
Attractions,-1.0,بصراحة، أسعار التذاكر غالية جداً ومبالغ فيها بالإضافة إلى ذلك، الفعاليات كانت تقليدية ومكررة,التذاكر، الفعاليات,"[-1, 0]","['التذاكر', 'الفعاليات']"
Restaurants,-1.0,في زيارتي الأخيرة، الأسعار مبالغ فيها وغالية جداً. وطعم الأكل كان عادياً ولا يوجد فيه نكهة مميزة أما النظافة فالمطعم نظيف لحد معقول,الأسعار، الأكل، النظافة,"[-1, 0, 0]","['الأسعار', 'الأكل', 'النظافة']"
Hotels,-1.0,في زيارتي الأخيرة، الموقع بعيد جداً ومقطوع عن الخدمات في حين أن بوفيه الإفطار كان تقليدياً ويقدم أصنافاً معتادة بالإضافة إلى ذلك، للأسف الغرفة كانت سيئة وغير نظيفة على الإطلاق. إجراءات الدخول في الاستقبال كانت طبيعية ولم تستغرق وقتا طويلا أو قصيرا,الموقع، الإفطار، الغرفة، الاستقبال,"[-1, 0, -1, 0]","['الموقع', 'الإفطار', 'الغرفة', 'الاستقبال']"
Hotels,0.0,أثاث الغرفة يبدو عادياً ليس حديثاً ولا قديماً جداً. والموقع لا يتميز بشيء خاص ولكنه مناسب. طاقم الاستقبال كان عادياً في التعامل أما الإفطار فـ وجبة كانت عادية ولم تكن مميزة,الغرفة، الموقع، الاستقبال، الإفطار,"[0, 0, 0, 0]","['الغرفة', 'الموقع', 'الاستقبال', 'الإفطار']"
Attractions,-1.0,قرأت تقييمات كثيرة وقررت التجربة، التذكرة لا تستحق هذا السعر المرتفع إطلاقاً. والتنظيم سيء جداً وهناك عشوائية في المكان. والوجهة كانت عادية ولم تبهرني كثيراً في حين أن الفعاليات مقبولة وتمضية وقت ليس إلا,التذاكر، التنظيم، المكان، الفعاليات,"[-1, -1, 0, 0]","['التذاكر', 'التنظيم', 'المكان', 'الفعاليات']"
Hotels,-1.0,التجربة بشكل عام كانت متفاوتة، الإفطار كان مقبولاً لكنه يفتقر للتنوع، كما أن الموقع مقبول ولا بأس به مقارنة بالسعر. والغرفة ضيقة جداً ومكتومة,الإفطار، الموقع، الغرفة,"[0, 0, -1]","['الإفطار', 'الموقع', 'الغرفة']"
Hotels,0.0,التجربة بشكل عام كانت متفاوتة، موظفو الاستقبال في قمة الرقي والتعاون. وأثاث الغرفة يبدو عادياً ليس حديثاً ولا قديماً جداً أما الموقع فـ لا يتميز بشيء خاص ولكنه مناسب أما الإفطار فـ بالنسبة للإفطار فهو جيد نسبيا كأي فندق آخر,الاستقبال، الغرفة، الموقع، الإفطار,"[1, 0, 0, 0]","['الاستقبال', 'الغرفة', 'الموقع', 'الإفطار']"
Restaurants,0.0,خلال عطلة نهاية الأسبوع ذهبنا إلى هناك، مستوى النظافة عادي ولا بأس به في حين أن سرعة الخدمة كانت في المعدل الطبيعي والمقبول بالإضافة إلى ذلك، السعر كان عاديا وليس مبالغا فيه,النظافة، الخدمة، الأسعار,"[0, 0, 0]","['النظافة', 'الخدمة', 'الأسعار']"
Restaurants,0.0,تعامل الويترز كان عادياً في حين أن طعم الأكل كان عادياً ولا يوجد فيه نكهة مميزة أما الأسعار فـ بالنسبة للأسعار فهي مقبولة إلى حد ما,الخدمة، الأكل، الأسعار,"[0, 0, 0]","['الخدمة', 'الأكل', 'الأسعار']"
Hotels,1.0,في زيارتي الأخيرة، موقع الفندق ممتاز جداً وإطلالته خرافية. الاستقبال كان مقبولا بشكل عام بالإضافة إلى ذلك، أثاث الغرفة يبدو عادياً ليس حديثاً ولا قديماً جداً,الموقع، الاستقبال، الغرفة,"[1, 0, 0]","['الموقع', 'الاستقبال', 'الغرفة']"
Hotels,1.0,خلال عطلة نهاية الأسبوع ذهبنا إلى هناك، موقع المكان عادي ويمكن الوصول إليه بسهولة وبالنسبة للغرفة فـ واسعة ومريحة بشكل استثنائي,الموقع، الغرفة,"[0, 1]","['الموقع', 'الغرفة']"
Hotels,0.0,في زيارتي الأخيرة، موقع المكان عادي ويمكن الوصول إليه بسهولة وبالنسبة للغرفة فـ أثاث يبدو عادياً ليس حديثاً ولا قديماً جداً,الموقع، الغرفة,"[0, 0]","['الموقع', 'الغرفة']"
Attractions,1.0,خلال عطلة نهاية الأسبوع ذهبنا إلى هناك، التنظيم رائع جداً وسلس للغاية بالإضافة إلى ذلك، التذاكر ليست رخيصة ولا غالية بل في المعقول,التنظيم، التذاكر,"[1, 0]","['التنظيم', 'التذاكر']"
Restaurants,0.0,التجربة بشكل عام كانت متفاوتة، تعامل الويترز كان عادياً بالإضافة إلى ذلك، المطعم نظيف لحد معقول,الخدمة، النظافة,"[0, 0]","['الخدمة', 'النظافة']"
Hotels,0.0,خلال عطلة نهاية الأسبوع ذهبنا إلى هناك، إجراءات الدخول في الاستقبال كانت طبيعية ولم تستغرق وقتا طويلا أو قصيرا أما الموقع فـ بعيد جداً ومقطوع عن الخدمات. والإفطار كان مقبولاً لكنه يفتقر للتنوع بالإضافة إلى ذلك، مساحة الغرفة كانت متوسطة كما توقعنا,الاستقبال، الموقع، الإفطار، الغرفة,"[0, -1, 0, 0]","['الاستقبال', 'الموقع', 'الإفطار', 'الغرفة']"
Hotels,0.0,بصراحة، موقع الفندق ممتاز جداً وإطلالته خرافية. الغرفة ضيقة جداً ومكتومة,الموقع، الغرفة,"[1, -1]","['الموقع', 'الغرفة']"
Hotels,0.0,في زيارتي الأخيرة، الإفطار كان مقبولاً لكنه يفتقر للتنوع أما الغرفة فـ مساحة كانت متوسطة كما توقعنا أما الموقع فـ لا يتميز بشيء خاص ولكنه مناسب,الإفطار، الغرفة، الموقع,"[0, 0, 0]","['الإفطار', 'الغرفة', 'الموقع']"
Attractions,0.0,في زيارتي الأخيرة، الوجهة كانت عادية ولم تبهرني كثيراً بالإضافة إلى ذلك، ترتيب الدخول كان يسير بشكل طبيعي. التذاكر ليست رخيصة ولا غالية بل في المعقول,المكان، التنظيم، التذاكر,"[0, 0, 0]","['المكان', 'التنظيم', 'التذاكر']"
Attractions,0.0,قرأت تقييمات كثيرة وقررت التجربة، أسعار التذاكر غالية جداً ومبالغ فيها وبالنسبة للفعاليات فـ كانت تقليدية ومكررة في حين أن المكان يعتبر جيد لقضاء بعض الوقت، كما أن لا بأس بالتنظيم بشكل عام,التذاكر، الفعاليات، المكان، التنظيم,"[-1, 0, 0, 0]","['التذاكر', 'الفعاليات', 'المكان', 'التنظيم']"
Restaurants,0.0,التجربة بشكل عام كانت متفاوتة، بالنسبة للأكل فهو بمستوى طبيعي في حين أن مستوى النظافة عادي ولا بأس به,الأكل، النظافة,"[0, 0]","['الأكل', 'النظافة']"
Hotels,0.0,خلال عطلة نهاية الأسبوع ذهبنا إلى هناك، الموقع لا يتميز بشيء خاص ولكنه مناسب. طاقم الاستقبال كان عادياً في التعامل. والإفطار كان لذيذاً ومتنوعاً جداً. وبالنسبة للغرفة فهي بمستوى طبيعي ولا بأس بها,الموقع، الاستقبال، الإفطار، الغرفة,"[0, 0, 1, 0]","['الموقع', 'الاستقبال', 'الإفطار', 'الغرفة']"
Hotels,0.0,بصراحة، الموقع مقبول ولا بأس به مقارنة بالسعر، كما أن بالنسبة للغرفة فهي بمستوى طبيعي ولا بأس بها وبالنسبة للاستقبال فـ إجراءات الدخول في كانت طبيعية ولم تستغرق وقتا طويلا أو قصيرا,الموقع، الغرفة، الاستقبال,"[0, 0, 0]","['الموقع', 'الغرفة', 'الاستقبال']"
Restaurants,0.0,قمت بتجربة هذا المكان وملاحظاتي هي: الأسعار ممتازة ورخيصة مقارنة بالكمية أما النظافة فـ مستوى عادي ولا بأس به. وبالنسبة للأكل فهو بمستوى طبيعي أما الخدمة فـ سرعة كانت في المعدل الطبيعي والمقبول,الأسعار، النظافة، الأكل، الخدمة,"[1, 0, 0, 0]","['الأسعار', 'النظافة', 'الأكل', 'الخدمة']"
Attractions,0.0,في زيارتي الأخيرة، سعر التذاكر كان متوسطا ومقبولا. والفعاليات كانت تقليدية ومكررة بالإضافة إلى ذلك، الإدارة والتنظيم بمستوى مقبول في حين أن المكان ساحر وجميل جداً للتصوير,التذاكر، الفعاليات، التنظيم، المكان,"[0, 0, 0, 1]","['التذاكر', 'الفعاليات', 'التنظيم', 'المكان']"
Restaurants,1.0,التجربة بشكل عام كانت متفاوتة، المكان يلمع من النظافة والاهتمام بالتفاصيل وبالنسبة للأسعار فـ قيمة رائعة مقابل المال و جداً معقولة، كما أن الأكل كان لذيذاً جداً وأنصح به بشدة. والخدمة في المطعم كانت روتينية,النظافة، الأسعار، الأكل، الخدمة,"[1, 1, 1, 0]","['النظافة', 'الأسعار', 'الأكل', 'الخدمة']"
Attractions,0.0,مساحة المكان وتصميمه مقبول ولا بأس به. الأنشطة الموجودة لا بأس بها للأطفال,المكان، الفعاليات,"[0, 0]","['المكان', 'الفعاليات']"
Attractions,0.0,خلال عطلة نهاية الأسبوع ذهبنا إلى هناك، الأنشطة الموجودة لا بأس بها للأطفال. سعر التذاكر كان متوسطا ومقبولا,الفعاليات، التذاكر,"[0, 0]","['الفعاليات', 'التذاكر']"
Restaurants,0.0,خلال عطلة نهاية الأسبوع ذهبنا إلى هناك، تعامل الويترز كان عادياً وبالنسبة للنظافة فالمطعم نظيف لحد معقول أما الأكل فـ طعم كان عادياً ولا يوجد فيه نكهة مميزة,الخدمة، النظافة، الأكل,"[0, 0, 0]","['الخدمة', 'النظافة', 'الأكل']"
Attractions,0.0,العروض المقدمة كانت في المستوى الطبيعي أما التنظيم فـ ترتيب الدخول كان يسير بشكل طبيعي، كما أن مساحة المكان وتصميمه مقبول ولا بأس به,الفعاليات، التنظيم، المكان,"[0, 0, 0]","['الفعاليات', 'التنظيم', 'المكان']"
Attractions,1.0,قمت بتجربة هذا المكان وملاحظاتي هي: ترتيب الدخول كان يسير بشكل طبيعي أما التذاكر فـ قيمة التذكرة عادية. وجهة سياحية رائعة وتستحق الزيارة تكراراً,التنظيم، التذاكر، المكان,"[0, 0, 1]","['التنظيم', 'التذاكر', 'المكان']"
Restaurants,0.0,بصراحة، الطلبات كانت متوسطة المستوى ولا بأس بها، كما أن الأسعار كانت متوسطة ومناسبة لجودة المكان. ومستوى الخدمة لا بأس به. ونظافة المكان بشكل عام كانت مقبولة,الأكل، الأسعار، الخدمة، النظافة,"[0, 0, 0, 0]","['الأكل', 'الأسعار', 'الخدمة', 'النظافة']"
Attractions,0.0,التجربة بشكل عام كانت متفاوتة، بشكل عام المكان طبيعي كأي حديقة أخرى. والتذاكر قيمتها ممتازة وتشمل خيارات كثيرة. الفعاليات مملة جداً ولا يوجد تجديد,المكان، التذاكر، الفعاليات,"[0, 1, -1]","['المكان', 'التذاكر', 'الفعاليات']"
Hotels,0.0,التجربة بشكل عام كانت متفاوتة، أثاث الغرفة يبدو عادياً ليس حديثاً ولا قديماً جداً، كما أن الموقع لا يتميز بشيء خاص ولكنه مناسب,الغرفة، الموقع,"[0, 0]","['الغرفة', 'الموقع']"
Restaurants,0.0,قرأت تقييمات كثيرة وقررت التجربة، الأكل مقبول لكنني تذوقت أفضل منه. وتعامل الويترز كان عادياً,الأكل، الخدمة,"[0, 0]","['الأكل', 'الخدمة']"
Attractions,1.0,مرتبين جداً والتنظيم احترافي في حين أن مساحة المكان وتصميمه مقبول ولا بأس به,التنظيم، المكان,"[1, 0]","['التنظيم', 'المكان']"
Restaurants,0.0,قمت بتجربة هذا المكان وملاحظاتي هي: أسعار المنيو تعتبر طبيعية مقارنة بالمطاعم الأخرى في حين أن مستوى النظافة عادي ولا بأس به. والأكل مقبول لكنني تذوقت أفضل منه بالإضافة إلى ذلك، تعامل الويترز كان عادياً,الأسعار، النظافة، الأكل، الخدمة,"[0, 0, 0, 0]","['الأسعار', 'النظافة', 'الأكل', 'الخدمة']"
Restaurants,1.0,في زيارتي الأخيرة، الأكل مقبول لكنني تذوقت أفضل منه وبالنسبة للأسعار فالسعر كان عاديا وليس مبالغا فيه أما النظافة فـ نظافة المطعم ممتازة جداً,الأكل، الأسعار، النظافة,"[0, 0, 1]","['الأكل', 'الأسعار', 'النظافة']"
Restaurants,-1.0,قمت بتجربة هذا المكان وملاحظاتي هي: الطلبات كانت متوسطة المستوى ولا بأس بها. الأسعار مبالغ فيها وغالية جداً أما الخدمة فـ مستوى لا بأس به,الأكل، الأسعار، الخدمة,"[0, -1, 0]","['الأكل', 'الأسعار', 'الخدمة']"
Attractions,0.0,قمت بتجربة هذا المكان وملاحظاتي هي: الأنشطة الموجودة لا بأس بها للأطفال أما التنظيم فـ مرتبين جداً و احترافي، كما أن الوجهة كانت عادية ولم تبهرني كثيراً وبالنسبة للتذاكر فـ قيمة التذكرة عادية,الفعاليات، التنظيم، المكان، التذاكر,"[0, 1, 0, 0]","['الفعاليات', 'التنظيم', 'المكان', 'التذاكر']"
Attractions,0.0,قرأت تقييمات كثيرة وقررت التجربة، فوضى عارمة وسوء تنظيم واضح. العروض المقدمة كانت في المستوى الطبيعي. أسعار التذاكر رخيصة جداً ومناسبة للجميع,التنظيم، الفعاليات، التذاكر,"[-1, 0, 1]","['التنظيم', 'الفعاليات', 'التذاكر']"
Hotels,0.0,في زيارتي الأخيرة، واجهنا بطء شديد ومماطلة من موظفي الاستقبال بالإضافة إلى ذلك، الإفطار كان مقبولاً لكنه يفتقر للتنوع في حين أن أثاث الغرفة يبدو عادياً ليس حديثاً ولا قديماً جداً أما الموقع فـ موقع المكان عادي ويمكن الوصول إليه بسهولة,الاستقبال، الإفطار، الغرفة، الموقع,"[-1, 0, 0, 0]","['الاستقبال', 'الإفطار', 'الغرفة', 'الموقع']"
Restaurants,0.0,السعر كان عاديا وليس مبالغا فيه أما الأكل فـ بالنسبة للأكل فهو بمستوى طبيعي,الأسعار، الأكل,"[0, 0]","['الأسعار', 'الأكل']"
Restaurants,0.0,التجربة بشكل عام كانت متفاوتة، الأسعار كانت متوسطة ومناسبة لجودة المكان، كما أن الأكل كان لذيذاً جداً وأنصح به بشدة، كما أن الخدمة بطيئة للغاية والعمال غير مهتمين أما النظافة فالطاولات كانت نظيفة بشكل معتاد,الأسعار، الأكل، الخدمة، النظافة,"[0, 1, -1, 0]","['الأسعار', 'الأكل', 'الخدمة', 'النظافة']"
Attractions,-1.0,التجربة بشكل عام كانت متفاوتة، الفعاليات مملة جداً ولا يوجد تجديد. وسعر التذاكر كان متوسطا ومقبولا. المكان كئيب وممل جداً,الفعاليات، التذاكر، المكان,"[-1, 0, -1]","['الفعاليات', 'التذاكر', 'المكان']"
Restaurants,0.0,التجربة بشكل عام كانت متفاوتة، المطعم نظيف لحد معقول. والأسعار كانت متوسطة ومناسبة لجودة المكان. سرعة الخدمة كانت في المعدل الطبيعي والمقبول. طعم الأكل كان عادياً ولا يوجد فيه نكهة مميزة,النظافة، الأسعار، الخدمة، الأكل,"[0, 0, 0, 0]","['النظافة', 'الأسعار', 'الخدمة', 'الأكل']"
Restaurants,1.0,قمت بتجربة هذا المكان وملاحظاتي هي: مستوى الخدمة لا بأس به بالإضافة إلى ذلك، المكان يلمع من النظافة والاهتمام بالتفاصيل. أسعار المنيو تعتبر طبيعية مقارنة بالمطاعم الأخرى,الخدمة، النظافة، الأسعار,"[0, 1, 0]","['الخدمة', 'النظافة', 'الأسعار']"
Restaurants,1.0,الأكل كان لذيذاً جداً وأنصح به بشدة وبالنسبة للنظافة فالمكان يلمع من والاهتمام بالتفاصيل في حين أن الخدمة سريعة جداً وطاقم العمل ودود وبالنسبة للأسعار فـ بالنسبة للأسعار فهي مقبولة إلى حد ما,الأكل، النظافة، الخدمة، الأسعار,"[1, 1, 1, 0]","['الأكل', 'النظافة', 'الخدمة', 'الأسعار']"
Hotels,0.0,قمت بتجربة هذا المكان وملاحظاتي هي: وجبة الإفطار كانت عادية ولم تكن مميزة في حين أن مساحة الغرفة كانت متوسطة كما توقعنا,الإفطار، الغرفة,"[0, 0]","['الإفطار', 'الغرفة']"
Attractions,0.0,قمت بتجربة هذا المكان وملاحظاتي هي: بشكل عام المكان طبيعي كأي حديقة أخرى بالإضافة إلى ذلك، التنظيم داخل المرفق كان عاديا وبالنسبة للفعاليات فالعروض المقدمة كانت في المستوى الطبيعي وبالنسبة للتذاكر فـ ليست رخيصة ولا غالية بل في المعقول,المكان، التنظيم، الفعاليات، التذاكر,"[0, 0, 0, 0]","['المكان', 'التنظيم', 'الفعاليات', 'التذاكر']"
Attractions,0.0,خلال عطلة نهاية الأسبوع ذهبنا إلى هناك، لا بأس بالتنظيم بشكل عام أما المكان فـ يعتبر جيد لقضاء بعض الوقت في حين أن أسعار الدخول طبيعية مقارنة بالفعاليات,التنظيم، المكان، التذاكر,"[0, 0, 0]","['التنظيم', 'المكان', 'التذاكر']"
Attractions,0.0,قرأت تقييمات كثيرة وقررت التجربة، الأنشطة الموجودة لا بأس بها للأطفال. التنظيم داخل المرفق كان عاديا وبالنسبة للمكان فـ يعتبر جيد لقضاء بعض الوقت,الفعاليات، التنظيم، المكان,"[0, 0, 0]","['الفعاليات', 'التنظيم', 'المكان']"
Restaurants,0.0,قمت بتجربة هذا المكان وملاحظاتي هي: تعامل الويترز كان عادياً. المطعم نظيف لحد معقول,الخدمة، النظافة,"[0, 0]","['الخدمة', 'النظافة']"
Hotels,0.0,بصراحة، بالنسبة للإفطار فهو جيد نسبيا كأي فندق آخر. والموقع استراتيجي وقريب من كل الفعاليات. وأثاث الغرفة يبدو عادياً ليس حديثاً ولا قديماً جداً. وإجراءات الدخول في الاستقبال كانت طبيعية ولم تستغرق وقتا طويلا أو قصيرا,الإفطار، الموقع، الغرفة، الاستقبال,"[0, 1, 0, 0]","['الإفطار', 'الموقع', 'الغرفة', 'الاستقبال']"
Restaurants,0.0,التجربة بشكل عام كانت متفاوتة، الخدمة في المطعم كانت روتينية وبالنسبة للنظافة فـ مستوى عادي ولا بأس به أما الأكل فـ مقبول لكنني تذوقت أفضل منه,الخدمة، النظافة، الأكل,"[0, 0, 0]","['الخدمة', 'النظافة', 'الأكل']"
Attractions,0.0,خلال عطلة نهاية الأسبوع ذهبنا إلى هناك، العروض المقدمة كانت في المستوى الطبيعي وبالنسبة للتنظيم فالإدارة و بمستوى مقبول,الفعاليات، التنظيم,"[0, 0]","['الفعاليات', 'التنظيم']"
Restaurants,0.0,بصراحة، الطلبات كانت متوسطة المستوى ولا بأس بها أما الخدمة فـ مستوى لا بأس به,الأكل، الخدمة,"[0, 0]","['الأكل', 'الخدمة']"
Attractions,0.0,قرأت تقييمات كثيرة وقررت التجربة، المكان يعتبر جيد لقضاء بعض الوقت أما التذاكر فـ ليست رخيصة ولا غالية بل في المعقول وبالنسبة للتنظيم فـ لا بأس ب بشكل عام,المكان، التذاكر، التنظيم,"[0, 0, 0]","['المكان', 'التذاكر', 'التنظيم']"
Restaurants,1.0,بصراحة، كل الأطباق كانت مطبوخة باحترافية وطعمها خيال. وأسعار المنيو تعتبر طبيعية مقارنة بالمطاعم الأخرى، كما أن سرعة الخدمة كانت في المعدل الطبيعي والمقبول,الأكل، الأسعار، الخدمة,"[1, 0, 0]","['الأكل', 'الأسعار', 'الخدمة']"
Attractions,0.0,خلال عطلة نهاية الأسبوع ذهبنا إلى هناك، الفعاليات كانت تقليدية ومكررة. مساحة المكان وتصميمه مقبول ولا بأس به,الفعاليات، المكان,"[0, 0]","['الفعاليات', 'المكان']"
Hotels,0.0,التجربة بشكل عام كانت متفاوتة، وجبة الإفطار كانت عادية ولم تكن مميزة أما الغرفة فـ كانت عادية وتفي بالغرض. موقع المكان عادي ويمكن الوصول إليه بسهولة، كما أن موظفو الاستقبال قاموا بعملهم بشكل روتيني,الإفطار، الغرفة، الموقع، الاستقبال,"[0, 0, 0, 0]","['الإفطار', 'الغرفة', 'الموقع', 'الاستقبال']"
Hotels,0.0,قرأت تقييمات كثيرة وقررت التجربة، الغرفة واسعة ومريحة بشكل استثنائي وبالنسبة للموقع فـ موقع الفندق يعتبر متوسطا من حيث القرب للخدمات أما الاستقبال فـ إجراءات الدخول في كانت طبيعية ولم تستغرق وقتا طويلا أو قصيرا أما الإفطار فـ جودة الطعام في كانت ضعيفة جداً,الغرفة، الموقع، الاستقبال، الإفطار,"[1, 0, 0, -1]","['الغرفة', 'الموقع', 'الاستقبال', 'الإفطار']"
Attractions,0.0,قمت بتجربة هذا المكان وملاحظاتي هي: الإدارة والتنظيم بمستوى مقبول. والعروض المقدمة كانت في المستوى الطبيعي,التنظيم، الفعاليات,"[0, 0]","['التنظيم', 'الفعاليات']"
Attractions,0.0,بصراحة، الأنشطة والفعاليات ممتعة جداً ومليئة بالحماس بالإضافة إلى ذلك، المكان يعتبر جيد لقضاء بعض الوقت أما التذاكر فـ أسعار غالية جداً ومبالغ فيها,الفعاليات، المكان، التذاكر,"[1, 0, -1]","['الفعاليات', 'المكان', 'التذاكر']"
Attractions,0.0,خلال عطلة نهاية الأسبوع ذهبنا إلى هناك، التذاكر ليست رخيصة ولا غالية بل في المعقول وبالنسبة للفعاليات فـ كانت تقليدية ومكررة,التذاكر، الفعاليات,"[0, 0]","['التذاكر', 'الفعاليات']"
Hotels,0.0,بصراحة، طاقم الاستقبال كان عادياً في التعامل. والموقع لا يتميز بشيء خاص ولكنه مناسب,الاستقبال، الموقع,"[0, 0]","['الاستقبال', 'الموقع']"
Restaurants,-1.0,بصراحة، طعم الأكل كان عادياً ولا يوجد فيه نكهة مميزة، كما أن المكان متسخ والطاولات غير نظيفة أما الخدمة فـ سرعة كانت في المعدل الطبيعي والمقبول,الأكل، النظافة، الخدمة,"[0, -1, 0]","['الأكل', 'النظافة', 'الخدمة']"
Hotels,0.0,خلال عطلة نهاية الأسبوع ذهبنا إلى هناك، الغرفة كانت عادية وتفي بالغرض أما الإفطار فـ بوفيه كان تقليدياً ويقدم أصنافاً معتادة. موقع الفندق ممتاز جداً وإطلالته خرافية في حين أن إجراءات الدخول في الاستقبال كانت طبيعية ولم تستغرق وقتا طويلا أو قصيرا,الغرفة، الإفطار، الموقع، الاستقبال,"[0, 0, 1, 0]","['الغرفة', 'الإفطار', 'الموقع', 'الاستقبال']"
Hotels,1.0,قمت بتجربة هذا المكان وملاحظاتي هي: موقع المكان عادي ويمكن الوصول إليه بسهولة. وبوفيه الإفطار مذهل ويحتوي على خيارات رائعة,الموقع، الإفطار,"[0, 1]","['الموقع', 'الإفطار']"
Attractions,0.0,قمت بتجربة هذا المكان وملاحظاتي هي: ترتيب الدخول كان يسير بشكل طبيعي وبالنسبة للفعاليات فـ كانت تقليدية ومكررة,التنظيم، الفعاليات,"[0, 0]","['التنظيم', 'الفعاليات']"
Restaurants,0.0,في زيارتي الأخيرة، مستوى النظافة عادي ولا بأس به، كما أن بالنسبة للأكل فهو بمستوى طبيعي,النظافة، الأكل,"[0, 0]","['النظافة', 'الأكل']"
Restaurants,0.0,في زيارتي الأخيرة، الطاولات كانت نظيفة بشكل معتاد أما الخدمة فـ مستوى لا بأس به,النظافة، الخدمة,"[0, 0]","['النظافة', 'الخدمة']"
Hotels,-1.0,بصراحة، بالنسبة للغرفة فهي بمستوى طبيعي ولا بأس بها وبالنسبة للإفطار فـ بوفيه كان تقليدياً ويقدم أصنافاً معتادة أما الموقع فـ موقع الفندق سيء ويصعب الوصول إليه,الغرفة، الإفطار، الموقع,"[0, 0, -1]","['الغرفة', 'الإفطار', 'الموقع']"
Hotels,0.0,بصراحة، موقع الفندق سيء ويصعب الوصول إليه بالإضافة إلى ذلك، موظفو الاستقبال قاموا بعملهم بشكل روتيني بالإضافة إلى ذلك، بوفيه الإفطار كان تقليدياً ويقدم أصنافاً معتادة، كما أن الغرفة كانت عادية وتفي بالغرض,الموقع، الاستقبال، الإفطار، الغرفة,"[-1, 0, 0, 0]","['الموقع', 'الاستقبال', 'الإفطار', 'الغرفة']"
Restaurants,0.0,التجربة بشكل عام كانت متفاوتة، بالنسبة للأكل فهو بمستوى طبيعي بالإضافة إلى ذلك، بالنسبة للأسعار فهي مقبولة إلى حد ما,الأكل، الأسعار,"[0, 0]","['الأكل', 'الأسعار']"
Attractions,1.0,خلال عطلة نهاية الأسبوع ذهبنا إلى هناك، الفعاليات مقبولة وتمضية وقت ليس إلا أما التذاكر فـ سعر كان متوسطا ومقبولا، كما أن المكان ساحر وجميل جداً للتصوير,الفعاليات، التذاكر، المكان,"[0, 0, 1]","['الفعاليات', 'التذاكر', 'المكان']"
Attractions,0.0,قرأت تقييمات كثيرة وقررت التجربة، الفعاليات مملة جداً ولا يوجد تجديد. والتذاكر ليست رخيصة ولا غالية بل في المعقول أما المكان فـ مساحة وتصميمه مقبول ولا بأس به وبالنسبة للتنظيم فـ داخل المرفق كان عاديا,الفعاليات، التذاكر، المكان، التنظيم,"[-1, 0, 0, 0]","['الفعاليات', 'التذاكر', 'المكان', 'التنظيم']"
Attractions,0.0,خلال عطلة نهاية الأسبوع ذهبنا إلى هناك، الفعاليات كانت تقليدية ومكررة في حين أن ترتيب الدخول كان يسير بشكل طبيعي. وأسعار الدخول طبيعية مقارنة بالفعاليات,الفعاليات، التنظيم، التذاكر,"[0, 0, 0]","['الفعاليات', 'التنظيم', 'التذاكر']"
Attractions,0.0,بصراحة، مرتبين جداً والتنظيم احترافي بالإضافة إلى ذلك، أسعار الدخول طبيعية مقارنة بالفعاليات. والفعاليات مملة جداً ولا يوجد تجديد. ووجهة سياحية رائعة وتستحق الزيارة تكراراً,التنظيم، التذاكر، الفعاليات، المكان,"[1, 0, -1, 1]","['التنظيم', 'التذاكر', 'الفعاليات', 'المكان']"
Restaurants,0.0,بصراحة، المطعم نظيف لحد معقول. والطلبات كانت متوسطة المستوى ولا بأس بها,النظافة، الأكل,"[0, 0]","['النظافة', 'الأكل']"
Restaurants,0.0,قمت بتجربة هذا المكان وملاحظاتي هي: المطعم نظيف لحد معقول في حين أن بالنسبة للأكل فهو بمستوى طبيعي أما الأسعار فـ مبالغ فيها وغالية جداً وبالنسبة للخدمة فـ سرعة كانت في المعدل الطبيعي والمقبول,النظافة، الأكل، الأسعار، الخدمة,"[0, 0, -1, 0]","['النظافة', 'الأكل', 'الأسعار', 'الخدمة']"
Attractions,-1.0,التجربة بشكل عام كانت متفاوتة، لا توجد فعاليات تذكر والأنشطة سيئة بالإضافة إلى ذلك، سعر التذاكر كان متوسطا ومقبولا,الفعاليات، التذاكر,"[-1, 0]","['الفعاليات', 'التذاكر']"
Attractions,0.0,التنظيم داخل المرفق كان عاديا، كما أن المكان يعتبر جيد لقضاء بعض الوقت,التنظيم، المكان,"[0, 0]","['التنظيم', 'المكان']"
Hotels,-1.0,في زيارتي الأخيرة، الغرفة ضيقة جداً ومكتومة، كما أن بوفيه الإفطار كان تقليدياً ويقدم أصنافاً معتادة، كما أن موظفو الاستقبال قاموا بعملهم بشكل روتيني,الغرفة، الإفطار، الاستقبال,"[-1, 0, 0]","['الغرفة', 'الإفطار', 'الاستقبال']"
Attractions,1.0,التجربة بشكل عام كانت متفاوتة، أسعار الدخول طبيعية مقارنة بالفعاليات بالإضافة إلى ذلك، المكان ساحر وجميل جداً للتصوير، كما أن التنظيم رائع جداً وسلس للغاية. والعروض المقدمة كانت في المستوى الطبيعي,التذاكر، المكان، التنظيم، الفعاليات,"[0, 1, 1, 0]","['التذاكر', 'المكان', 'التنظيم', 'الفعاليات']"
Hotels,0.0,قمت بتجربة هذا المكان وملاحظاتي هي: جودة الطعام في الإفطار كانت ضعيفة جداً. موقع المكان عادي ويمكن الوصول إليه بسهولة أما الغرفة فـ بالنسبة للغرفة فهي بمستوى طبيعي ولا بأس بها، كما أن موظفو الاستقبال قاموا بعملهم بشكل روتيني,الإفطار، الموقع، الغرفة، الاستقبال,"[-1, 0, 0, 0]","['الإفطار', 'الموقع', 'الغرفة', 'الاستقبال']"
Hotels,-1.0,بصراحة، بوفيه الإفطار كان تقليدياً ويقدم أصنافاً معتادة في حين أن الغرفة كانت عادية وتفي بالغرض وبالنسبة للاستقبال فـ واجهنا بطء شديد ومماطلة من موظفي,الإفطار، الغرفة، الاستقبال,"[0, 0, -1]","['الإفطار', 'الغرفة', 'الاستقبال']"
Restaurants,0.0,التجربة بشكل عام كانت متفاوتة، الأكل مقبول لكنني تذوقت أفضل منه في حين أن المكان يلمع من النظافة والاهتمام بالتفاصيل، كما أن الأسعار مبالغ فيها وغالية جداً. ومستوى الخدمة لا بأس به,الأكل، النظافة، الأسعار، الخدمة,"[0, 1, -1, 0]","['الأكل', 'النظافة', 'الأسعار', 'الخدمة']"
Hotels,1.0,التجربة بشكل عام كانت متفاوتة، موقع الفندق ممتاز جداً وإطلالته خرافية أما الإفطار فـ بالنسبة للإفطار فهو جيد نسبيا كأي فندق آخر,الموقع، الإفطار,"[1, 0]","['الموقع', 'الإفطار']"
Attractions,0.0,خلال عطلة نهاية الأسبوع ذهبنا إلى هناك، المكان كئيب وممل جداً. وعروض رائعة ومتنوعة تناسب كل الأعمار,المكان، الفعاليات,"[-1, 1]","['المكان', 'الفعاليات']"
Attractions,1.0,في زيارتي الأخيرة، ترتيب الدخول كان يسير بشكل طبيعي أما التذاكر فـ سعر كان متوسطا ومقبولا في حين أن وجهة سياحية رائعة وتستحق الزيارة تكراراً,التنظيم، التذاكر، المكان,"[0, 0, 1]","['التنظيم', 'التذاكر', 'المكان']"
Attractions,0.0,خلال عطلة نهاية الأسبوع ذهبنا إلى هناك، لا بأس بالتنظيم بشكل عام. وقيمة التذكرة عادية,التنظيم، التذاكر,"[0, 0]","['التنظيم', 'التذاكر']"
Restaurants,0.0,قرأت تقييمات كثيرة وقررت التجربة، مستوى الخدمة لا بأس به بالإضافة إلى ذلك، طعم الأكل كان عادياً ولا يوجد فيه نكهة مميزة,الخدمة، الأكل,"[0, 0]","['الخدمة', 'الأكل']"
Hotels,-1.0,مساحة الغرفة كانت متوسطة كما توقعنا. الموقع مقبول ولا بأس به مقارنة بالسعر في حين أن جودة الطعام في الإفطار كانت ضعيفة جداً. وواجهنا بطء شديد ومماطلة من موظفي الاستقبال,الغرفة، الموقع، الإفطار، الاستقبال,"[0, 0, -1, -1]","['الغرفة', 'الموقع', 'الإفطار', 'الاستقبال']"
Hotels,1.0,قرأت تقييمات كثيرة وقررت التجربة، الموقع لا يتميز بشيء خاص ولكنه مناسب. أعجبتني الغرفة بنظافتها الفائقة وتصميمها الرائع,الموقع، الغرفة,"[0, 1]","['الموقع', 'الغرفة']"
Hotels,0.0,في زيارتي الأخيرة، الغرفة كانت عادية وتفي بالغرض وبالنسبة للإفطار فـ كان مقبولاً لكنه يفتقر للتنوع,الغرفة، الإفطار,"[0, 0]","['الغرفة', 'الإفطار']"
Hotels,-1.0,خلال عطلة نهاية الأسبوع ذهبنا إلى هناك، الموقع بعيد جداً ومقطوع عن الخدمات في حين أن الإفطار سيء جداً والخيارات محدودة، كما أن الغرفة كانت عادية وتفي بالغرض,الموقع، الإفطار، الغرفة,"[-1, -1, 0]","['الموقع', 'الإفطار', 'الغرفة']"
Restaurants,0.0,قمت بتجربة هذا المكان وملاحظاتي هي: الخدمة في المطعم كانت روتينية في حين أن الأكل مقبول لكنني تذوقت أفضل منه في حين أن مستوى النظافة عادي ولا بأس به. المطعم غالي بشكل مبالغ فيه ولا يستحق,الخدمة، الأكل، النظافة، الأسعار,"[0, 0, 0, -1]","['الخدمة', 'الأكل', 'النظافة', 'الأسعار']"
Attractions,0.0,خلال عطلة نهاية الأسبوع ذهبنا إلى هناك، التذكرة لا تستحق هذا السعر المرتفع إطلاقاً بالإضافة إلى ذلك، المكان ساحر وجميل جداً للتصوير وبالنسبة للفعاليات فالأنشطة الموجودة لا بأس بها للأطفال,التذاكر، المكان، الفعاليات,"[-1, 1, 0]","['التذاكر', 'المكان', 'الفعاليات']"
Attractions,1.0,التجربة بشكل عام كانت متفاوتة، الأنشطة والفعاليات ممتعة جداً ومليئة بالحماس وبالنسبة للتنظيم فـ داخل المرفق كان عاديا,الفعاليات، التنظيم,"[1, 0]","['الفعاليات', 'التنظيم']"
Hotels,0.0,إجراءات الدخول في الاستقبال كانت طبيعية ولم تستغرق وقتا طويلا أو قصيرا، كما أن أثاث الغرفة يبدو عادياً ليس حديثاً ولا قديماً جداً في حين أن الموقع مقبول ولا بأس به مقارنة بالسعر,الاستقبال، الغرفة، الموقع,"[0, 0, 0]","['الاستقبال', 'الغرفة', 'الموقع']"
Hotels,0.0,وجبة الإفطار كانت عادية ولم تكن مميزة أما الموقع فـ موقع المكان عادي ويمكن الوصول إليه بسهولة. طاقم الاستقبال كان عادياً في التعامل أما الغرفة فـ للأسف كانت سيئة وغير نظيفة على الإطلاق,الإفطار، الموقع، الاستقبال، الغرفة,"[0, 0, 0, -1]","['الإفطار', 'الموقع', 'الاستقبال', 'الغرفة']"
Hotels,0.0,بصراحة، الموقع لا يتميز بشيء خاص ولكنه مناسب، كما أن الغرفة كانت عادية وتفي بالغرض بالإضافة إلى ذلك، إجراءات الدخول في الاستقبال كانت طبيعية ولم تستغرق وقتا طويلا أو قصيرا بالإضافة إلى ذلك، بوفيه الإفطار كان تقليدياً ويقدم أصنافاً معتادة,الموقع، الغرفة، الاستقبال، الإفطار,"[0, 0, 0, 0]","['الموقع', 'الغرفة', 'الاستقبال', 'الإفطار']"
Attractions,-1.0,قمت بتجربة هذا المكان وملاحظاتي هي: لا توجد فعاليات تذكر والأنشطة سيئة، كما أن مساحة المكان وتصميمه مقبول ولا بأس به وبالنسبة للتذاكر فـ أسعار غالية جداً ومبالغ فيها، كما أن ترتيب الدخول كان يسير بشكل طبيعي,الفعاليات، المكان، التذاكر، التنظيم,"[-1, 0, -1, 0]","['الفعاليات', 'المكان', 'التذاكر', 'التنظيم']"
Attractions,0.0,التجربة بشكل عام كانت متفاوتة، فوضى عارمة وسوء تنظيم واضح. والتذاكر قيمتها ممتازة وتشمل خيارات كثيرة,التنظيم، التذاكر,"[-1, 1]","['التنظيم', 'التذاكر']"
Attractions,0.0,قمت بتجربة هذا المكان وملاحظاتي هي: قيمة التذكرة عادية وبالنسبة للتنظيم فـ داخل المرفق كان عاديا أما المكان فالوجهة كانت عادية ولم تبهرني كثيراً بالإضافة إلى ذلك، الفعاليات كانت تقليدية ومكررة,التذاكر، التنظيم، المكان، الفعاليات,"[0, 0, 0, 0]","['التذاكر', 'التنظيم', 'المكان', 'الفعاليات']"
Restaurants,0.0,قمت بتجربة هذا المكان وملاحظاتي هي: بالنسبة للأسعار فهي مقبولة إلى حد ما، كما أن نظافة المكان بشكل عام كانت مقبولة,الأسعار، النظافة,"[0, 0]","['الأسعار', 'النظافة']"
Restaurants,1.0,التجربة بشكل عام كانت متفاوتة، بالنسبة للأسعار فهي مقبولة إلى حد ما. ونظافة المطعم ممتازة جداً,الأسعار، النظافة,"[0, 1]","['الأسعار', 'النظافة']"
Restaurants,0.0,قرأت تقييمات كثيرة وقررت التجربة، مستوى النظافة عادي ولا بأس به. الطلبات كانت متوسطة المستوى ولا بأس بها. والسعر كان عاديا وليس مبالغا فيه وبالنسبة للخدمة فـ أسوأ خدمة جربتها في حياتي,النظافة، الأكل، الأسعار، الخدمة,"[0, 0, 0, -1]","['النظافة', 'الأكل', 'الأسعار', 'الخدمة']"
Attractions,-1.0,فوضى عارمة وسوء تنظيم واضح في حين أن الفعاليات كانت تقليدية ومكررة أما التذاكر فـ أسعار غالية جداً ومبالغ فيها,التنظيم، الفعاليات، التذاكر,"[-1, 0, -1]","['التنظيم', 'الفعاليات', 'التذاكر']"
Attractions,1.0,قرأت تقييمات كثيرة وقررت التجربة، العروض المقدمة كانت في المستوى الطبيعي وبالنسبة للمكان فـ ساحر وجميل جداً للتصوير، كما أن الإدارة والتنظيم بمستوى مقبول,الفعاليات، المكان، التنظيم,"[0, 1, 0]","['الفعاليات', 'المكان', 'التنظيم']"
Restaurants,0.0,نظافة المكان بشكل عام كانت مقبولة في حين أن مستوى الخدمة لا بأس به,النظافة، الخدمة,"[0, 0]","['النظافة', 'الخدمة']"
Attractions,1.0,خلال عطلة نهاية الأسبوع ذهبنا إلى هناك، التذاكر قيمتها ممتازة وتشمل خيارات كثيرة بالإضافة إلى ذلك، الأنشطة والفعاليات ممتعة جداً ومليئة بالحماس بالإضافة إلى ذلك، لا بأس بالتنظيم بشكل عام وبالنسبة للمكان فالوجهة كانت عادية ولم تبهرني كثيراً,التذاكر، الفعاليات، التنظيم، المكان,"[1, 1, 0, 0]","['التذاكر', 'الفعاليات', 'التنظيم', 'المكان']"
Attractions,0.0,قرأت تقييمات كثيرة وقررت التجربة، ترتيب الدخول كان يسير بشكل طبيعي في حين أن الأنشطة الموجودة لا بأس بها للأطفال,التنظيم، الفعاليات,"[0, 0]","['التنظيم', 'الفعاليات']"
Hotels,1.0,خلال عطلة نهاية الأسبوع ذهبنا إلى هناك، الغرفة واسعة ومريحة بشكل استثنائي وبالنسبة للاستقبال فـ ترحيب حار جداً من طاقم,الغرفة، الاستقبال,"[1, 1]","['الغرفة', 'الاستقبال']"
Hotels,-1.0,في زيارتي الأخيرة، واجهنا بطء شديد ومماطلة من موظفي الاستقبال. وبالنسبة للغرفة فهي بمستوى طبيعي ولا بأس بها بالإضافة إلى ذلك، الموقع لا يتميز بشيء خاص ولكنه مناسب,الاستقبال، الغرفة، الموقع,"[-1, 0, 0]","['الاستقبال', 'الغرفة', 'الموقع']"
Hotels,1.0,خلال عطلة نهاية الأسبوع ذهبنا إلى هناك، الإفطار كان لذيذاً ومتنوعاً جداً، كما أن الغرفة واسعة ومريحة بشكل استثنائي,الإفطار، الغرفة,"[1, 1]","['الإفطار', 'الغرفة']"
Attractions,0.0,بصراحة، الفعاليات مملة جداً ولا يوجد تجديد وبالنسبة للتذاكر فـ أسعار رخيصة جداً ومناسبة للجميع,الفعاليات، التذاكر,"[-1, 1]","['الفعاليات', 'التذاكر']"
Hotels,0.0,خلال عطلة نهاية الأسبوع ذهبنا إلى هناك، الموقع لا يتميز بشيء خاص ولكنه مناسب وبالنسبة للغرفة فـ أثاث يبدو عادياً ليس حديثاً ولا قديماً جداً. موظفو الاستقبال قاموا بعملهم بشكل روتيني,الموقع، الغرفة، الاستقبال,"[0, 0, 0]","['الموقع', 'الغرفة', 'الاستقبال']"
Restaurants,1.0,بصراحة، الأكل مقبول لكنني تذوقت أفضل منه في حين أن الأسعار كانت متوسطة ومناسبة لجودة المكان. الخدمة سريعة جداً وطاقم العمل ودود,الأكل، الأسعار، الخدمة,"[0, 0, 1]","['الأكل', 'الأسعار', 'الخدمة']"
Attractions,0.0,بصراحة، لا بأس بالتنظيم بشكل عام بالإضافة إلى ذلك، لا توجد فعاليات تذكر والأنشطة سيئة في حين أن المكان يعتبر جيد لقضاء بعض الوقت أما التذاكر فـ سعر كان متوسطا ومقبولا,التنظيم، الفعاليات، المكان، التذاكر,"[0, -1, 0, 0]","['التنظيم', 'الفعاليات', 'المكان', 'التذاكر']"
Attractions,0.0,قرأت تقييمات كثيرة وقررت التجربة، الإدارة والتنظيم بمستوى مقبول. المكان يعتبر جيد لقضاء بعض الوقت,التنظيم، المكان,"[0, 0]","['التنظيم', 'المكان']"
Hotels,0.0,بصراحة، موظفو الاستقبال في قمة الرقي والتعاون في حين أن موقع الفندق سيء ويصعب الوصول إليه,الاستقبال، الموقع,"[1, -1]","['الاستقبال', 'الموقع']"
Hotels,0.0,بصراحة، إجراءات الدخول في الاستقبال كانت طبيعية ولم تستغرق وقتا طويلا أو قصيرا. والإفطار كان مقبولاً لكنه يفتقر للتنوع وبالنسبة للغرفة فـ كانت عادية وتفي بالغرض,الاستقبال، الإفطار، الغرفة,"[0, 0, 0]","['الاستقبال', 'الإفطار', 'الغرفة']"
Hotels,0.0,التجربة بشكل عام كانت متفاوتة، موقع الفندق يعتبر متوسطا من حيث القرب للخدمات. والغرفة كانت عادية وتفي بالغرض,الموقع، الغرفة,"[0, 0]","['الموقع', 'الغرفة']"
Restaurants,0.0,الأسعار كانت متوسطة ومناسبة لجودة المكان بالإضافة إلى ذلك، الأكل كان بارداً وطعمه سيء جداً، كما أن سرعة الخدمة كانت في المعدل الطبيعي والمقبول بالإضافة إلى ذلك، مستوى النظافة عادي ولا بأس به,الأسعار، الأكل، الخدمة، النظافة,"[0, -1, 0, 0]","['الأسعار', 'الأكل', 'الخدمة', 'النظافة']"
Attractions,0.0,قمت بتجربة هذا المكان وملاحظاتي هي: ترتيب الدخول كان يسير بشكل طبيعي بالإضافة إلى ذلك، العروض المقدمة كانت في المستوى الطبيعي,التنظيم، الفعاليات,"[0, 0]","['التنظيم', 'الفعاليات']"
Hotels,0.0,في زيارتي الأخيرة، إجراءات الدخول في الاستقبال كانت طبيعية ولم تستغرق وقتا طويلا أو قصيرا أما الإفطار فـ كان مقبولاً لكنه يفتقر للتنوع,الاستقبال، الإفطار,"[0, 0]","['الاستقبال', 'الإفطار']"
Restaurants,-1.0,بصراحة، المطعم غالي بشكل مبالغ فيه ولا يستحق بالإضافة إلى ذلك، الطاولات كانت نظيفة بشكل معتاد,الأسعار، النظافة,"[-1, 0]","['الأسعار', 'النظافة']"
Attractions,0.0,في زيارتي الأخيرة، الإدارة والتنظيم بمستوى مقبول بالإضافة إلى ذلك، المكان يعتبر جيد لقضاء بعض الوقت,التنظيم، المكان,"[0, 0]","['التنظيم', 'المكان']"
Hotels,0.0,خلال عطلة نهاية الأسبوع ذهبنا إلى هناك، موقع المكان عادي ويمكن الوصول إليه بسهولة بالإضافة إلى ذلك، الغرفة كانت عادية وتفي بالغرض أما الاستقبال فـ إجراءات الدخول في كانت طبيعية ولم تستغرق وقتا طويلا أو قصيرا,الموقع، الغرفة، الاستقبال,"[0, 0, 0]","['الموقع', 'الغرفة', 'الاستقبال']"
Attractions,0.0,بصراحة، وجهة سياحية رائعة وتستحق الزيارة تكراراً أما التنظيم فـ داخل المرفق كان عاديا. والتذاكر ليست رخيصة ولا غالية بل في المعقول، كما أن العروض المقدمة كانت في المستوى الطبيعي,المكان، التنظيم، التذاكر، الفعاليات,"[1, 0, 0, 0]","['المكان', 'التنظيم', 'التذاكر', 'الفعاليات']"
Hotels,0.0,الإفطار كان مقبولاً لكنه يفتقر للتنوع أما الموقع فـ موقع الفندق ممتاز جداً وإطلالته خرافية. وواجهنا بطء شديد ومماطلة من موظفي الاستقبال أما الغرفة فـ ضيقة جداً ومكتومة,الإفطار، الموقع، الاستقبال، الغرفة,"[0, 1, -1, -1]","['الإفطار', 'الموقع', 'الاستقبال', 'الغرفة']"
Restaurants,0.0,التجربة بشكل عام كانت متفاوتة، الطلبات كانت متوسطة المستوى ولا بأس بها وبالنسبة للخدمة فـ مستوى لا بأس به. السعر كان عاديا وليس مبالغا فيه بالإضافة إلى ذلك، الطاولات كانت نظيفة بشكل معتاد,الأكل، الخدمة، الأسعار، النظافة,"[0, 0, 0, 0]","['الأكل', 'الخدمة', 'الأسعار', 'النظافة']"
Restaurants,-1.0,النظافة معدومة في هذا المطعم. والأكل مقبول لكنني تذوقت أفضل منه,النظافة، الأكل,"[-1, 0]","['النظافة', 'الأكل']"
Restaurants,0.0,قمت بتجربة هذا المكان وملاحظاتي هي: الأكل مقبول لكنني تذوقت أفضل منه. والمطعم نظيف لحد معقول,الأكل، النظافة,"[0, 0]","['الأكل', 'النظافة']"
Hotels,0.0,التجربة بشكل عام كانت متفاوتة، طاقم الاستقبال كان عادياً في التعامل أما الإفطار فـ بالنسبة للإفطار فهو جيد نسبيا كأي فندق آخر. والغرفة كانت عادية وتفي بالغرض، كما أن الموقع مقبول ولا بأس به مقارنة بالسعر,الاستقبال، الإفطار، الغرفة، الموقع,"[0, 0, 0, 0]","['الاستقبال', 'الإفطار', 'الغرفة', 'الموقع']"
Attractions,0.0,في زيارتي الأخيرة، الفعاليات مقبولة وتمضية وقت ليس إلا وبالنسبة للمكان فـ وجهة سياحية رائعة وتستحق الزيارة تكراراً. فوضى عارمة وسوء تنظيم واضح. وأسعار التذاكر غالية جداً ومبالغ فيها,الفعاليات، المكان، التنظيم، التذاكر,"[0, 1, -1, -1]","['الفعاليات', 'المكان', 'التنظيم', 'التذاكر']"
Hotels,1.0,بصراحة، أعجبتني الغرفة بنظافتها الفائقة وتصميمها الرائع، كما أن موقع المكان عادي ويمكن الوصول إليه بسهولة,الغرفة، الموقع,"[1, 0]","['الغرفة', 'الموقع']"
Attractions,0.0,الأنشطة الموجودة لا بأس بها للأطفال. مساحة المكان وتصميمه مقبول ولا بأس به,الفعاليات، المكان,"[0, 0]","['الفعاليات', 'المكان']"
Attractions,0.0,بصراحة، أسعار الدخول طبيعية مقارنة بالفعاليات. فوضى عارمة وسوء تنظيم واضح في حين أن الأنشطة والفعاليات ممتعة جداً ومليئة بالحماس في حين أن مساحة المكان وتصميمه مقبول ولا بأس به,التذاكر، التنظيم، الفعاليات، المكان,"[0, -1, 1, 0]","['التذاكر', 'التنظيم', 'الفعاليات', 'المكان']"
Hotels,0.0,قرأت تقييمات كثيرة وقررت التجربة، بالنسبة للغرفة فهي بمستوى طبيعي ولا بأس بها وبالنسبة للموقع فـ بعيد جداً ومقطوع عن الخدمات أما الاستقبال فـ كان مقبولا بشكل عام أما الإفطار فـ بوفيه كان تقليدياً ويقدم أصنافاً معتادة,الغرفة، الموقع، الاستقبال، الإفطار,"[0, -1, 0, 0]","['الغرفة', 'الموقع', 'الاستقبال', 'الإفطار']"
Restaurants,0.0,في زيارتي الأخيرة، الطلبات كانت متوسطة المستوى ولا بأس بها وبالنسبة للنظافة فالطاولات كانت نظيفة بشكل معتاد,الأكل، النظافة,"[0, 0]","['الأكل', 'النظافة']"
Restaurants,0.0,بصراحة، مستوى النظافة عادي ولا بأس به وبالنسبة للأكل فـ طعم كان عادياً ولا يوجد فيه نكهة مميزة,النظافة، الأكل,"[0, 0]","['النظافة', 'الأكل']"
Attractions,-1.0,التجربة بشكل عام كانت متفاوتة، الوجهة كانت عادية ولم تبهرني كثيراً، كما أن الفعاليات مملة جداً ولا يوجد تجديد,المكان، الفعاليات,"[0, -1]","['المكان', 'الفعاليات']"
Restaurants,0.0,قرأت تقييمات كثيرة وقررت التجربة، بالنسبة للأكل فهو بمستوى طبيعي. ونظافة المكان بشكل عام كانت مقبولة في حين أن تعامل الويترز كان عادياً,الأكل، النظافة، الخدمة,"[0, 0, 0]","['الأكل', 'النظافة', 'الخدمة']"
Attractions,-1.0,خلال عطلة نهاية الأسبوع ذهبنا إلى هناك، لا توجد فعاليات تذكر والأنشطة سيئة. بشكل عام المكان طبيعي كأي حديقة أخرى,الفعاليات، المكان,"[-1, 0]","['الفعاليات', 'المكان']"
Restaurants,-1.0,قرأت تقييمات كثيرة وقررت التجربة، المكان متسخ والطاولات غير نظيفة. والخدمة في المطعم كانت روتينية. بالنسبة للأسعار فهي مقبولة إلى حد ما,النظافة، الخدمة، الأسعار,"[-1, 0, 0]","['النظافة', 'الخدمة', 'الأسعار']"
Hotels,1.0,في زيارتي الأخيرة، وجبة الإفطار كانت عادية ولم تكن مميزة. الغرفة واسعة ومريحة بشكل استثنائي,الإفطار، الغرفة,"[0, 1]","['الإفطار', 'الغرفة']"
Restaurants,1.0,بصراحة، مستوى النظافة عادي ولا بأس به، كما أن الخدمة سريعة جداً وطاقم العمل ودود,النظافة، الخدمة,"[0, 1]","['النظافة', 'الخدمة']"
Attractions,0.0,بصراحة، التنظيم داخل المرفق كان عاديا. المكان يعتبر جيد لقضاء بعض الوقت في حين أن سعر التذاكر كان متوسطا ومقبولا في حين أن الأنشطة الموجودة لا بأس بها للأطفال,التنظيم، المكان، التذاكر، الفعاليات,"[0, 0, 0, 0]","['التنظيم', 'المكان', 'التذاكر', 'الفعاليات']"
Restaurants,0.0,قرأت تقييمات كثيرة وقررت التجربة، المطعم غالي بشكل مبالغ فيه ولا يستحق، كما أن كل الأطباق كانت مطبوخة باحترافية وطعمها خيال,الأسعار، الأكل,"[-1, 1]","['الأسعار', 'الأكل']"
Hotels,-1.0,في زيارتي الأخيرة، جودة الطعام في الإفطار كانت ضعيفة جداً في حين أن موقع الفندق سيء ويصعب الوصول إليه، كما أن الغرفة كانت عادية وتفي بالغرض,الإفطار، الموقع، الغرفة,"[-1, -1, 0]","['الإفطار', 'الموقع', 'الغرفة']"
Attractions,0.0,بصراحة، التذكرة لا تستحق هذا السعر المرتفع إطلاقاً بالإضافة إلى ذلك، لا بأس بالتنظيم بشكل عام بالإضافة إلى ذلك، مساحة المكان وتصميمه مقبول ولا بأس به أما الفعاليات فالعروض المقدمة كانت في المستوى الطبيعي,التذاكر، التنظيم، المكان، الفعاليات,"[-1, 0, 0, 0]","['التذاكر', 'التنظيم', 'المكان', 'الفعاليات']"
Hotels,1.0,بصراحة، إجراءات الدخول في الاستقبال كانت طبيعية ولم تستغرق وقتا طويلا أو قصيرا. وأثاث الغرفة يبدو عادياً ليس حديثاً ولا قديماً جداً بالإضافة إلى ذلك، بوفيه الإفطار مذهل ويحتوي على خيارات رائعة,الاستقبال، الغرفة، الإفطار,"[0, 0, 1]","['الاستقبال', 'الغرفة', 'الإفطار']"
Hotels,0.0,التجربة بشكل عام كانت متفاوتة، الغرفة كانت عادية وتفي بالغرض. الموقع لا يتميز بشيء خاص ولكنه مناسب، كما أن إجراءات الدخول في الاستقبال كانت طبيعية ولم تستغرق وقتا طويلا أو قصيرا، كما أن جودة الطعام في الإفطار كانت ضعيفة جداً,الغرفة، الموقع، الاستقبال، الإفطار,"[0, 0, 0, -1]","['الغرفة', 'الموقع', 'الاستقبال', 'الإفطار']"
Restaurants,0.0,خلال عطلة نهاية الأسبوع ذهبنا إلى هناك، الطلبات كانت متوسطة المستوى ولا بأس بها أما الخدمة فـ مستوى لا بأس به في حين أن مستوى النظافة عادي ولا بأس به,الأكل، الخدمة، النظافة,"[0, 0, 0]","['الأكل', 'الخدمة', 'النظافة']"
Attractions,0.0,الوجهة كانت عادية ولم تبهرني كثيراً وبالنسبة للتنظيم فـ داخل المرفق كان عاديا,المكان، التنظيم,"[0, 0]","['المكان', 'التنظيم']"
Restaurants,-1.0,قمت بتجربة هذا المكان وملاحظاتي هي: أسوأ خدمة جربتها في حياتي وبالنسبة للأسعار فالسعر كان عاديا وليس مبالغا فيه,الخدمة، الأسعار,"[-1, 0]","['الخدمة', 'الأسعار']"
Hotels,0.0,بالنسبة للغرفة فهي بمستوى طبيعي ولا بأس بها وبالنسبة للموقع فـ موقع المكان عادي ويمكن الوصول إليه بسهولة,الغرفة، الموقع,"[0, 0]","['الغرفة', 'الموقع']"
Hotels,0.0,قمت بتجربة هذا المكان وملاحظاتي هي: طاقم الاستقبال كان عادياً في التعامل، كما أن موقع الفندق سيء ويصعب الوصول إليه أما الإفطار فـ وجبة كانت عادية ولم تكن مميزة وبالنسبة للغرفة فـ أثاث يبدو عادياً ليس حديثاً ولا قديماً جداً,الاستقبال، الموقع، الإفطار، الغرفة,"[0, -1, 0, 0]","['الاستقبال', 'الموقع', 'الإفطار', 'الغرفة']"
Hotels,0.0,في زيارتي الأخيرة، موقع المكان عادي ويمكن الوصول إليه بسهولة بالإضافة إلى ذلك، تعامل الاستقبال كان جافاً وغير احترافي وبالنسبة للغرفة فـ أثاث يبدو عادياً ليس حديثاً ولا قديماً جداً. وجبة الإفطار كانت عادية ولم تكن مميزة,الموقع، الاستقبال، الغرفة، الإفطار,"[0, -1, 0, 0]","['الموقع', 'الاستقبال', 'الغرفة', 'الإفطار']"
Hotels,0.0,التجربة بشكل عام كانت متفاوتة، أثاث الغرفة يبدو عادياً ليس حديثاً ولا قديماً جداً بالإضافة إلى ذلك، الإفطار سيء جداً والخيارات محدودة. موقع المكان عادي ويمكن الوصول إليه بسهولة. إجراءات الدخول في الاستقبال كانت طبيعية ولم تستغرق وقتا طويلا أو قصيرا,الغرفة، الإفطار، الموقع، الاستقبال,"[0, -1, 0, 0]","['الغرفة', 'الإفطار', 'الموقع', 'الاستقبال']"
Hotels,-1.0,التجربة بشكل عام كانت متفاوتة، موقع الفندق يعتبر متوسطا من حيث القرب للخدمات. الغرفة كانت عادية وتفي بالغرض أما الإفطار فـ سيء جداً والخيارات محدودة,الموقع، الغرفة، الإفطار,"[0, 0, -1]","['الموقع', 'الغرفة', 'الإفطار']"
Attractions,0.0,قمت بتجربة هذا المكان وملاحظاتي هي: المكان كئيب وممل جداً. وسعر التذاكر كان متوسطا ومقبولا وبالنسبة للتنظيم فـ لا بأس ب بشكل عام أما الفعاليات فالأنشطة و ممتعة جداً ومليئة بالحماس,المكان، التذاكر، التنظيم، الفعاليات,"[-1, 0, 0, 1]","['المكان', 'التذاكر', 'التنظيم', 'الفعاليات']"
Restaurants,0.0,الخدمة في المطعم كانت روتينية. ونظافة المكان بشكل عام كانت مقبولة,الخدمة، النظافة,"[0, 0]","['الخدمة', 'النظافة']"
Attractions,0.0,خلال عطلة نهاية الأسبوع ذهبنا إلى هناك، المكان يعتبر جيد لقضاء بعض الوقت أما التنظيم فالإدارة و بمستوى مقبول. الأنشطة الموجودة لا بأس بها للأطفال,المكان، التنظيم، الفعاليات,"[0, 0, 0]","['المكان', 'التنظيم', 'الفعاليات']"
Attractions,-1.0,خلال عطلة نهاية الأسبوع ذهبنا إلى هناك، المكان يعتبر جيد لقضاء بعض الوقت وبالنسبة للتذاكر فالتذكرة لا تستحق هذا السعر المرتفع إطلاقاً في حين أن العروض المقدمة كانت في المستوى الطبيعي,المكان، التذاكر، الفعاليات,"[0, -1, 0]","['المكان', 'التذاكر', 'الفعاليات']"
Attractions,0.0,خلال عطلة نهاية الأسبوع ذهبنا إلى هناك، التذكرة لا تستحق هذا السعر المرتفع إطلاقاً، كما أن العروض المقدمة كانت في المستوى الطبيعي، كما أن الوجهة كانت عادية ولم تبهرني كثيراً وبالنسبة للتنظيم فـ داخل المرفق كان عاديا,التذاكر، الفعاليات، المكان، التنظيم,"[-1, 0, 0, 0]","['التذاكر', 'الفعاليات', 'المكان', 'التنظيم']"
Restaurants,1.0,خلال عطلة نهاية الأسبوع ذهبنا إلى هناك، نظافة المكان بشكل عام كانت مقبولة أما الخدمة فـ ممتازة واهتمام كبير بالزبائن. والأكل كان لذيذاً جداً وأنصح به بشدة,النظافة، الخدمة، الأكل,"[0, 1, 1]","['النظافة', 'الخدمة', 'الأكل']"
Restaurants,0.0,في زيارتي الأخيرة، سرعة الخدمة كانت في المعدل الطبيعي والمقبول. وبالنسبة للأسعار فهي مقبولة إلى حد ما بالإضافة إلى ذلك، بالنسبة للأكل فهو بمستوى طبيعي,الخدمة، الأسعار، الأكل,"[0, 0, 0]","['الخدمة', 'الأسعار', 'الأكل']"
Restaurants,0.0,الأسعار كانت متوسطة ومناسبة لجودة المكان، كما أن المطعم نظيف لحد معقول,الأسعار، النظافة,"[0, 0]","['الأسعار', 'النظافة']"
Attractions,0.0,سعر التذاكر كان متوسطا ومقبولا، كما أن المكان كئيب وممل جداً في حين أن عروض رائعة ومتنوعة تناسب كل الأعمار,التذاكر، المكان، الفعاليات,"[0, -1, 1]","['التذاكر', 'المكان', 'الفعاليات']"
Restaurants,0.0,الأكل مقبول لكنني تذوقت أفضل منه وبالنسبة للخدمة فـ سرعة كانت في المعدل الطبيعي والمقبول أما الأسعار فـ كانت متوسطة ومناسبة لجودة المكان,الأكل، الخدمة، الأسعار,"[0, 0, 0]","['الأكل', 'الخدمة', 'الأسعار']"
Hotels,-1.0,في زيارتي الأخيرة، للأسف الغرفة كانت سيئة وغير نظيفة على الإطلاق، كما أن طاقم الاستقبال كان عادياً في التعامل,الغرفة، الاستقبال,"[-1, 0]","['الغرفة', 'الاستقبال']"
Hotels,0.0,قمت بتجربة هذا المكان وملاحظاتي هي: موقع المكان عادي ويمكن الوصول إليه بسهولة. موظفو الاستقبال في قمة الرقي والتعاون، كما أن جودة الطعام في الإفطار كانت ضعيفة جداً أما الغرفة فـ كانت عادية وتفي بالغرض,الموقع، الاستقبال، الإفطار، الغرفة,"[0, 1, -1, 0]","['الموقع', 'الاستقبال', 'الإفطار', 'الغرفة']"
Attractions,-1.0,خلال عطلة نهاية الأسبوع ذهبنا إلى هناك، الفعاليات كانت تقليدية ومكررة، كما أن أسعار التذاكر غالية جداً ومبالغ فيها,الفعاليات، التذاكر,"[0, -1]","['الفعاليات', 'التذاكر']"
Attractions,0.0,بصراحة، لا بأس بالتنظيم بشكل عام بالإضافة إلى ذلك، سعر التذاكر كان متوسطا ومقبولا، كما أن المكان يعتبر جيد لقضاء بعض الوقت أما الفعاليات فـ مملة جداً ولا يوجد تجديد,التنظيم، التذاكر، المكان، الفعاليات,"[0, 0, 0, -1]","['التنظيم', 'التذاكر', 'المكان', 'الفعاليات']"
Hotels,0.0,مساحة الغرفة كانت متوسطة كما توقعنا بالإضافة إلى ذلك، وجبة الإفطار كانت عادية ولم تكن مميزة، كما أن الموقع لا يتميز بشيء خاص ولكنه مناسب، كما أن طاقم الاستقبال كان عادياً في التعامل,الغرفة، الإفطار، الموقع، الاستقبال,"[0, 0, 0, 0]","['الغرفة', 'الإفطار', 'الموقع', 'الاستقبال']"
Attractions,-1.0,بصراحة، لا توجد فعاليات تذكر والأنشطة سيئة بالإضافة إلى ذلك، فوضى عارمة وسوء تنظيم واضح,الفعاليات، التنظيم,"[-1, -1]","['الفعاليات', 'التنظيم']"
Restaurants,0.0,قمت بتجربة هذا المكان وملاحظاتي هي: الطلبات كانت متوسطة المستوى ولا بأس بها أما النظافة فـ مستوى عادي ولا بأس به. والمطعم غالي بشكل مبالغ فيه ولا يستحق. ومستوى الخدمة لا بأس به,الأكل، النظافة، الأسعار، الخدمة,"[0, 0, -1, 0]","['الأكل', 'النظافة', 'الأسعار', 'الخدمة']"
Attractions,-1.0,خلال عطلة نهاية الأسبوع ذهبنا إلى هناك، أسعار الدخول طبيعية مقارنة بالفعاليات. والتنظيم سيء جداً وهناك عشوائية في المكان. والوجهة كانت عادية ولم تبهرني كثيراً,التذاكر، التنظيم، المكان,"[0, -1, 0]","['التذاكر', 'التنظيم', 'المكان']"
Attractions,0.0,قرأت تقييمات كثيرة وقررت التجربة، الفعاليات مقبولة وتمضية وقت ليس إلا وبالنسبة للمكان فالوجهة كانت عادية ولم تبهرني كثيراً. وأسعار الدخول طبيعية مقارنة بالفعاليات أما التنظيم فـ سيء جداً وهناك عشوائية في المكان,الفعاليات، المكان، التذاكر، التنظيم,"[0, 0, 0, -1]","['الفعاليات', 'المكان', 'التذاكر', 'التنظيم']"
Restaurants,-1.0,بصراحة، مستوى الخدمة لا بأس به. والمكان متسخ والطاولات غير نظيفة,الخدمة، النظافة,"[0, -1]","['الخدمة', 'النظافة']"
Restaurants,0.0,قرأت تقييمات كثيرة وقررت التجربة، سرعة الخدمة كانت في المعدل الطبيعي والمقبول. طعم الأكل كان عادياً ولا يوجد فيه نكهة مميزة بالإضافة إلى ذلك، مستوى النظافة عادي ولا بأس به وبالنسبة للأسعار فـ أسعار المنيو تعتبر طبيعية مقارنة بالمطاعم الأخرى,الخدمة، الأكل، النظافة، الأسعار,"[0, 0, 0, 0]","['الخدمة', 'الأكل', 'النظافة', 'الأسعار']"
Attractions,0.0,قمت بتجربة هذا المكان وملاحظاتي هي: بشكل عام المكان طبيعي كأي حديقة أخرى أما الفعاليات فالأنشطة الموجودة لا بأس بها للأطفال في حين أن التنظيم داخل المرفق كان عاديا,المكان، الفعاليات، التنظيم,"[0, 0, 0]","['المكان', 'الفعاليات', 'التنظيم']"
Attractions,0.0,مساحة المكان وتصميمه مقبول ولا بأس به. الأنشطة الموجودة لا بأس بها للأطفال,المكان، الفعاليات,"[0, 0]","['المكان', 'الفعاليات']"
Hotels,0.0,قرأت تقييمات كثيرة وقررت التجربة، الغرفة كانت عادية وتفي بالغرض بالإضافة إلى ذلك، موقع الفندق يعتبر متوسطا من حيث القرب للخدمات,الغرفة، الموقع,"[0, 0]","['الغرفة', 'الموقع']"
Restaurants,-1.0,تعامل الويترز كان عادياً أما الأسعار فـ كانت متوسطة ومناسبة لجودة المكان. والنظافة معدومة في هذا المطعم,الخدمة، الأسعار، النظافة,"[0, 0, -1]","['الخدمة', 'الأسعار', 'النظافة']"
Attractions,-1.0,بصراحة، التنظيم سيء جداً وهناك عشوائية في المكان وبالنسبة للمكان فالوجهة كانت عادية ولم تبهرني كثيراً. والفعاليات مقبولة وتمضية وقت ليس إلا,التنظيم، المكان، الفعاليات,"[-1, 0, 0]","['التنظيم', 'المكان', 'الفعاليات']"
Restaurants,0.0,قمت بتجربة هذا المكان وملاحظاتي هي: الطاولات كانت نظيفة بشكل معتاد. وبالنسبة للأسعار فهي مقبولة إلى حد ما، كما أن مستوى الخدمة لا بأس به، كما أن الأكل مقبول لكنني تذوقت أفضل منه,النظافة، الأسعار، الخدمة، الأكل,"[0, 0, 0, 0]","['النظافة', 'الأسعار', 'الخدمة', 'الأكل']"
Attractions,0.0,خلال عطلة نهاية الأسبوع ذهبنا إلى هناك، بشكل عام المكان طبيعي كأي حديقة أخرى وبالنسبة للفعاليات فـ كانت تقليدية ومكررة، كما أن سعر التذاكر كان متوسطا ومقبولا بالإضافة إلى ذلك، التنظيم داخل المرفق كان عاديا,المكان، الفعاليات، التذاكر، التنظيم,"[0, 0, 0, 0]","['المكان', 'الفعاليات', 'التذاكر', 'التنظيم']"
Restaurants,0.0,في زيارتي الأخيرة، أسعار المنيو تعتبر طبيعية مقارنة بالمطاعم الأخرى في حين أن المطعم نظيف لحد معقول، كما أن الأكل مقبول لكنني تذوقت أفضل منه,الأسعار، النظافة، الأكل,"[0, 0, 0]","['الأسعار', 'النظافة', 'الأكل']"
Hotels,0.0,التجربة بشكل عام كانت متفاوتة، موقع المكان عادي ويمكن الوصول إليه بسهولة أما الاستقبال فـ طاقم كان عادياً في التعامل بالإضافة إلى ذلك، الإفطار سيء جداً والخيارات محدودة أما الغرفة فـ بالنسبة للغرفة فهي بمستوى طبيعي ولا بأس بها,الموقع، الاستقبال، الإفطار، الغرفة,"[0, 0, -1, 0]","['الموقع', 'الاستقبال', 'الإفطار', 'الغرفة']"
Hotels,0.0,خلال عطلة نهاية الأسبوع ذهبنا إلى هناك، جودة الطعام في الإفطار كانت ضعيفة جداً، كما أن أثاث الغرفة يبدو عادياً ليس حديثاً ولا قديماً جداً أما الموقع فـ موقع الفندق يعتبر متوسطا من حيث القرب للخدمات بالإضافة إلى ذلك، موظفو الاستقبال قاموا بعملهم بشكل روتيني,الإفطار، الغرفة، الموقع، الاستقبال,"[-1, 0, 0, 0]","['الإفطار', 'الغرفة', 'الموقع', 'الاستقبال']"
Hotels,0.0,خلال عطلة نهاية الأسبوع ذهبنا إلى هناك، بوفيه الإفطار كان تقليدياً ويقدم أصنافاً معتادة أما الغرفة فـ مساحة كانت متوسطة كما توقعنا في حين أن الاستقبال كان مقبولا بشكل عام في حين أن الموقع مقبول ولا بأس به مقارنة بالسعر,الإفطار، الغرفة، الاستقبال، الموقع,"[0, 0, 0, 0]","['الإفطار', 'الغرفة', 'الاستقبال', 'الموقع']"
Attractions,0.0,التجربة بشكل عام كانت متفاوتة، الفعاليات مقبولة وتمضية وقت ليس إلا، كما أن أسعار الدخول طبيعية مقارنة بالفعاليات,الفعاليات، التذاكر,"[0, 0]","['الفعاليات', 'التذاكر']"
Attractions,0.0,قمت بتجربة هذا المكان وملاحظاتي هي: قيمة التذكرة عادية في حين أن مساحة المكان وتصميمه مقبول ولا بأس به، كما أن الأنشطة الموجودة لا بأس بها للأطفال وبالنسبة للتنظيم فـ رائع جداً وسلس للغاية,التذاكر، المكان، الفعاليات، التنظيم,"[0, 0, 0, 1]","['التذاكر', 'المكان', 'الفعاليات', 'التنظيم']"
Attractions,-1.0,الفعاليات مملة جداً ولا يوجد تجديد في حين أن الوجهة كانت عادية ولم تبهرني كثيراً,الفعاليات، المكان,"[-1, 0]","['الفعاليات', 'المكان']"
Restaurants,0.0,بالنسبة للأسعار فهي مقبولة إلى حد ما وبالنسبة للخدمة فـ في المطعم كانت روتينية. وطعم الأكل كان عادياً ولا يوجد فيه نكهة مميزة وبالنسبة للنظافة فالمطعم نظيف لحد معقول,الأسعار، الخدمة، الأكل، النظافة,"[0, 0, 0, 0]","['الأسعار', 'الخدمة', 'الأكل', 'النظافة']"
Hotels,1.0,التجربة بشكل عام كانت متفاوتة، مساحة الغرفة كانت متوسطة كما توقعنا أما الاستقبال فـ ترحيب حار جداً من طاقم. الإفطار كان لذيذاً ومتنوعاً جداً وبالنسبة للموقع فـ مقبول ولا بأس به مقارنة بالسعر,الغرفة، الاستقبال، الإفطار، الموقع,"[0, 1, 1, 0]","['الغرفة', 'الاستقبال', 'الإفطار', 'الموقع']"
Attractions,0.0,قرأت تقييمات كثيرة وقررت التجربة، لا بأس بالتنظيم بشكل عام. وأسعار الدخول طبيعية مقارنة بالفعاليات. ومساحة المكان وتصميمه مقبول ولا بأس به,التنظيم، التذاكر، المكان,"[0, 0, 0]","['التنظيم', 'التذاكر', 'المكان']"
Restaurants,1.0,خلال عطلة نهاية الأسبوع ذهبنا إلى هناك، الخدمة ممتازة واهتمام كبير بالزبائن. والمكان يلمع من النظافة والاهتمام بالتفاصيل، كما أن بالنسبة للأسعار فهي مقبولة إلى حد ما,الخدمة، النظافة، الأسعار,"[1, 1, 0]","['الخدمة', 'النظافة', 'الأسعار']"
Restaurants,0.0,قمت بتجربة هذا المكان وملاحظاتي هي: الطلبات كانت متوسطة المستوى ولا بأس بها. الطاولات كانت نظيفة بشكل معتاد. الأسعار ممتازة ورخيصة مقارنة بالكمية وبالنسبة للخدمة فـ في المطعم كانت روتينية,الأكل، النظافة، الأسعار، الخدمة,"[0, 0, 1, 0]","['الأكل', 'النظافة', 'الأسعار', 'الخدمة']"
Restaurants,0.0,قرأت تقييمات كثيرة وقررت التجربة، بالنسبة للأكل فهو بمستوى طبيعي، كما أن أسعار المنيو تعتبر طبيعية مقارنة بالمطاعم الأخرى وبالنسبة للنظافة فـ نظافة المكان بشكل عام كانت مقبولة,الأكل، الأسعار، النظافة,"[0, 0, 0]","['الأكل', 'الأسعار', 'النظافة']"
Attractions,0.0,في زيارتي الأخيرة، الوجهة كانت عادية ولم تبهرني كثيراً في حين أن التذكرة لا تستحق هذا السعر المرتفع إطلاقاً، كما أن الأنشطة الموجودة لا بأس بها للأطفال وبالنسبة للتنظيم فـ رائع جداً وسلس للغاية,المكان، التذاكر، الفعاليات، التنظيم,"[0, -1, 0, 1]","['المكان', 'التذاكر', 'الفعاليات', 'التنظيم']"
Attractions,-1.0,في زيارتي الأخيرة، لا أنصح بزيارة المكان فهو سيء للغاية في حين أن الفعاليات مقبولة وتمضية وقت ليس إلا,المكان، الفعاليات,"[-1, 0]","['المكان', 'الفعاليات']"
Restaurants,0.0,مستوى الخدمة لا بأس به بالإضافة إلى ذلك، الطاولات كانت نظيفة بشكل معتاد في حين أن السعر كان عاديا وليس مبالغا فيه,الخدمة، النظافة، الأسعار,"[0, 0, 0]","['الخدمة', 'النظافة', 'الأسعار']"
Hotels,-1.0,قرأت تقييمات كثيرة وقررت التجربة، الموقع مقبول ولا بأس به مقارنة بالسعر. للأسف الغرفة كانت سيئة وغير نظيفة على الإطلاق، كما أن الاستقبال كان مقبولا بشكل عام,الموقع، الغرفة، الاستقبال,"[0, -1, 0]","['الموقع', 'الغرفة', 'الاستقبال']"
Restaurants,0.0,بصراحة، المطعم نظيف لحد معقول. الأكل مقبول لكنني تذوقت أفضل منه، كما أن تعامل الويترز كان عادياً. المطعم غالي بشكل مبالغ فيه ولا يستحق,النظافة، الأكل، الخدمة، الأسعار,"[0, 0, 0, -1]","['النظافة', 'الأكل', 'الخدمة', 'الأسعار']"
Hotels,0.0,بصراحة، بالنسبة للإفطار فهو جيد نسبيا كأي فندق آخر بالإضافة إلى ذلك، أثاث الغرفة يبدو عادياً ليس حديثاً ولا قديماً جداً وبالنسبة للموقع فـ مقبول ولا بأس به مقارنة بالسعر,الإفطار، الغرفة، الموقع,"[0, 0, 0]","['الإفطار', 'الغرفة', 'الموقع']"
Restaurants,0.0,التجربة بشكل عام كانت متفاوتة، تعامل الويترز كان عادياً في حين أن بالنسبة للأسعار فهي مقبولة إلى حد ما,الخدمة، الأسعار,"[0, 0]","['الخدمة', 'الأسعار']"
Hotels,0.0,التجربة بشكل عام كانت متفاوتة، واجهنا بطء شديد ومماطلة من موظفي الاستقبال، كما أن وجبة الإفطار كانت عادية ولم تكن مميزة. وبالنسبة للغرفة فهي بمستوى طبيعي ولا بأس بها في حين أن الموقع استراتيجي وقريب من كل الفعاليات,الاستقبال، الإفطار، الغرفة، الموقع,"[-1, 0, 0, 1]","['الاستقبال', 'الإفطار', 'الغرفة', 'الموقع']"
Restaurants,0.0,الطاولات كانت نظيفة بشكل معتاد وبالنسبة للأكل فـ بالنسبة للأكل فهو بمستوى طبيعي في حين أن مستوى الخدمة لا بأس به,النظافة، الأكل، الخدمة,"[0, 0, 0]","['النظافة', 'الأكل', 'الخدمة']"
Hotels,0.0,التجربة بشكل عام كانت متفاوتة، بوفيه الإفطار كان تقليدياً ويقدم أصنافاً معتادة، كما أن مساحة الغرفة كانت متوسطة كما توقعنا، كما أن الموقع مقبول ولا بأس به مقارنة بالسعر,الإفطار، الغرفة، الموقع,"[0, 0, 0]","['الإفطار', 'الغرفة', 'الموقع']"
Attractions,0.0,قمت بتجربة هذا المكان وملاحظاتي هي: مساحة المكان وتصميمه مقبول ولا بأس به. والفعاليات مقبولة وتمضية وقت ليس إلا,المكان، الفعاليات,"[0, 0]","['المكان', 'الفعاليات']"
Hotels,0.0,في زيارتي الأخيرة، طاقم الاستقبال كان عادياً في التعامل، كما أن بالنسبة للغرفة فهي بمستوى طبيعي ولا بأس بها وبالنسبة للإفطار فـ بالنسبة للإفطار فهو جيد نسبيا كأي فندق آخر وبالنسبة للموقع فـ مقبول ولا بأس به مقارنة بالسعر,الاستقبال، الغرفة، الإفطار، الموقع,"[0, 0, 0, 0]","['الاستقبال', 'الغرفة', 'الإفطار', 'الموقع']"
Attractions,1.0,التذاكر ليست رخيصة ولا غالية بل في المعقول أما المكان فـ ساحر وجميل جداً للتصوير,التذاكر، المكان,"[0, 1]","['التذاكر', 'المكان']"
Attractions,1.0,التجربة بشكل عام كانت متفاوتة، التذاكر ليست رخيصة ولا غالية بل في المعقول أما التنظيم فـ رائع جداً وسلس للغاية,التذاكر، التنظيم,"[0, 1]","['التذاكر', 'التنظيم']"
Hotels,0.0,قرأت تقييمات كثيرة وقررت التجربة، الإفطار كان مقبولاً لكنه يفتقر للتنوع، كما أن الاستقبال كان مقبولا بشكل عام أما الغرفة فـ كانت عادية وتفي بالغرض,الإفطار، الاستقبال، الغرفة,"[0, 0, 0]","['الإفطار', 'الاستقبال', 'الغرفة']"
Restaurants,1.0,قمت بتجربة هذا المكان وملاحظاتي هي: الأكل مقبول لكنني تذوقت أفضل منه. نظافة المطعم ممتازة جداً,الأكل، النظافة,"[0, 1]","['الأكل', 'النظافة']"
Restaurants,0.0,في زيارتي الأخيرة، مستوى النظافة عادي ولا بأس به، كما أن سرعة الخدمة كانت في المعدل الطبيعي والمقبول في حين أن الأكل مقبول لكنني تذوقت أفضل منه، كما أن المطعم غالي بشكل مبالغ فيه ولا يستحق,النظافة، الخدمة، الأكل، الأسعار,"[0, 0, 0, -1]","['النظافة', 'الخدمة', 'الأكل', 'الأسعار']"
Hotels,-1.0,قمت بتجربة هذا المكان وملاحظاتي هي: بالنسبة للغرفة فهي بمستوى طبيعي ولا بأس بها أما الموقع فـ بعيد جداً ومقطوع عن الخدمات,الغرفة، الموقع,"[0, -1]","['الغرفة', 'الموقع']"
Restaurants,0.0,قرأت تقييمات كثيرة وقررت التجربة، أسعار المنيو تعتبر طبيعية مقارنة بالمطاعم الأخرى. ومستوى الخدمة لا بأس به. نظافة المكان بشكل عام كانت مقبولة في حين أن بالنسبة للأكل فهو بمستوى طبيعي,الأسعار، الخدمة، النظافة، الأكل,"[0, 0, 0, 0]","['الأسعار', 'الخدمة', 'النظافة', 'الأكل']"
Hotels,0.0,خلال عطلة نهاية الأسبوع ذهبنا إلى هناك، الموقع لا يتميز بشيء خاص ولكنه مناسب، كما أن موظفو الاستقبال قاموا بعملهم بشكل روتيني في حين أن مساحة الغرفة كانت متوسطة كما توقعنا,الموقع، الاستقبال، الغرفة,"[0, 0, 0]","['الموقع', 'الاستقبال', 'الغرفة']"
Hotels,1.0,مساحة الغرفة كانت متوسطة كما توقعنا وبالنسبة للاستقبال فـ موظفو في قمة الرقي والتعاون بالإضافة إلى ذلك، الإفطار كان مقبولاً لكنه يفتقر للتنوع,الغرفة، الاستقبال، الإفطار,"[0, 1, 0]","['الغرفة', 'الاستقبال', 'الإفطار']"
Hotels,0.0,التجربة بشكل عام كانت متفاوتة، بالنسبة للإفطار فهو جيد نسبيا كأي فندق آخر. مساحة الغرفة كانت متوسطة كما توقعنا,الإفطار، الغرفة,"[0, 0]","['الإفطار', 'الغرفة']"
Restaurants,1.0,سرعة الخدمة كانت في المعدل الطبيعي والمقبول وبالنسبة للأسعار فـ قيمة رائعة مقابل المال و جداً معقولة,الخدمة، الأسعار,"[0, 1]","['الخدمة', 'الأسعار']"
Attractions,-1.0,بصراحة، الفعاليات مملة جداً ولا يوجد تجديد، كما أن الإدارة والتنظيم بمستوى مقبول بالإضافة إلى ذلك، أسعار التذاكر غالية جداً ومبالغ فيها,الفعاليات، التنظيم، التذاكر,"[-1, 0, -1]","['الفعاليات', 'التنظيم', 'التذاكر']"
Restaurants,0.0,التجربة بشكل عام كانت متفاوتة، مستوى النظافة عادي ولا بأس به في حين أن لم يعجبني الأكل إطلاقاً وكان دون المستوى في حين أن مستوى الخدمة لا بأس به في حين أن أسعار المنيو تعتبر طبيعية مقارنة بالمطاعم الأخرى,النظافة، الأكل، الخدمة، الأسعار,"[0, -1, 0, 0]","['النظافة', 'الأكل', 'الخدمة', 'الأسعار']"
Hotels,0.0,قمت بتجربة هذا المكان وملاحظاتي هي: موقع المكان عادي ويمكن الوصول إليه بسهولة. ومساحة الغرفة كانت متوسطة كما توقعنا في حين أن الإفطار كان مقبولاً لكنه يفتقر للتنوع. وإجراءات الدخول في الاستقبال كانت طبيعية ولم تستغرق وقتا طويلا أو قصيرا,الموقع، الغرفة، الإفطار، الاستقبال,"[0, 0, 0, 0]","['الموقع', 'الغرفة', 'الإفطار', 'الاستقبال']"
Restaurants,-1.0,قمت بتجربة هذا المكان وملاحظاتي هي: أسوأ خدمة جربتها في حياتي. أسعار المنيو تعتبر طبيعية مقارنة بالمطاعم الأخرى,الخدمة، الأسعار,"[-1, 0]","['الخدمة', 'الأسعار']"
Restaurants,-1.0,قمت بتجربة هذا المكان وملاحظاتي هي: تعامل الويترز كان عادياً في حين أن المطعم غالي بشكل مبالغ فيه ولا يستحق,الخدمة، الأسعار,"[0, -1]","['الخدمة', 'الأسعار']"
Hotels,0.0,أعجبتني الغرفة بنظافتها الفائقة وتصميمها الرائع، كما أن الاستقبال كان مقبولا بشكل عام، كما أن بالنسبة للإفطار فهو جيد نسبيا كأي فندق آخر. والموقع مقبول ولا بأس به مقارنة بالسعر,الغرفة، الاستقبال، الإفطار، الموقع,"[1, 0, 0, 0]","['الغرفة', 'الاستقبال', 'الإفطار', 'الموقع']"
Restaurants,0.0,قرأت تقييمات كثيرة وقررت التجربة، بالنسبة للأكل فهو بمستوى طبيعي، كما أن الأسعار ممتازة ورخيصة مقارنة بالكمية في حين أن الطاولات كانت نظيفة بشكل معتاد بالإضافة إلى ذلك، الخدمة بطيئة للغاية والعمال غير مهتمين,الأكل، الأسعار، النظافة، الخدمة,"[0, 1, 0, -1]","['الأكل', 'الأسعار', 'النظافة', 'الخدمة']"
Hotels,0.0,التجربة بشكل عام كانت متفاوتة، الغرفة كانت عادية وتفي بالغرض بالإضافة إلى ذلك، الموقع لا يتميز بشيء خاص ولكنه مناسب، كما أن وجبة الإفطار كانت عادية ولم تكن مميزة,الغرفة، الموقع، الإفطار,"[0, 0, 0]","['الغرفة', 'الموقع', 'الإفطار']"
Hotels,0.0,خلال عطلة نهاية الأسبوع ذهبنا إلى هناك، موقع المكان عادي ويمكن الوصول إليه بسهولة أما الإفطار فـ بالنسبة للإفطار فهو جيد نسبيا كأي فندق آخر,الموقع، الإفطار,"[0, 0]","['الموقع', 'الإفطار']"
Hotels,0.0,بصراحة، بالنسبة للغرفة فهي بمستوى طبيعي ولا بأس بها وبالنسبة للموقع فـ موقع المكان عادي ويمكن الوصول إليه بسهولة,الغرفة، الموقع,"[0, 0]","['الغرفة', 'الموقع']"
Attractions,0.0,قرأت تقييمات كثيرة وقررت التجربة، عروض رائعة ومتنوعة تناسب كل الأعمار أما التنظيم فـ فوضى عارمة وسوء تنظيم واضح وبالنسبة للمكان فـ يعتبر جيد لقضاء بعض الوقت,الفعاليات، التنظيم، المكان,"[1, -1, 0]","['الفعاليات', 'التنظيم', 'المكان']"
Attractions,0.0,خلال عطلة نهاية الأسبوع ذهبنا إلى هناك، العروض المقدمة كانت في المستوى الطبيعي، كما أن التذاكر ليست رخيصة ولا غالية بل في المعقول,الفعاليات، التذاكر,"[0, 0]","['الفعاليات', 'التذاكر']"
Attractions,1.0,قمت بتجربة هذا المكان وملاحظاتي هي: مساحة المكان وتصميمه مقبول ولا بأس به بالإضافة إلى ذلك، العروض المقدمة كانت في المستوى الطبيعي في حين أن التنظيم رائع جداً وسلس للغاية,المكان، الفعاليات، التنظيم,"[0, 0, 1]","['المكان', 'الفعاليات', 'التنظيم']"
Attractions,1.0,بصراحة، لا بأس بالتنظيم بشكل عام وبالنسبة للتذاكر فـ قيمتها ممتازة وتشمل خيارات كثيرة في حين أن العروض المقدمة كانت في المستوى الطبيعي,التنظيم، التذاكر، الفعاليات,"[0, 1, 0]","['التنظيم', 'التذاكر', 'الفعاليات']"
Attractions,0.0,خلال عطلة نهاية الأسبوع ذهبنا إلى هناك، مساحة المكان وتصميمه مقبول ولا بأس به. والتذاكر ليست رخيصة ولا غالية بل في المعقول. والفعاليات كانت تقليدية ومكررة,المكان، التذاكر، الفعاليات,"[0, 0, 0]","['المكان', 'التذاكر', 'الفعاليات']"
Attractions,-1.0,في زيارتي الأخيرة، الفعاليات كانت تقليدية ومكررة وبالنسبة للتنظيم فـ سيء جداً وهناك عشوائية في المكان وبالنسبة للمكان فـ يعتبر جيد لقضاء بعض الوقت في حين أن أسعار التذاكر غالية جداً ومبالغ فيها,الفعاليات، التنظيم، المكان، التذاكر,"[0, -1, 0, -1]","['الفعاليات', 'التنظيم', 'المكان', 'التذاكر']"
Hotels,1.0,خلال عطلة نهاية الأسبوع ذهبنا إلى هناك، الموقع لا يتميز بشيء خاص ولكنه مناسب بالإضافة إلى ذلك، ترحيب حار جداً من طاقم الاستقبال,الموقع، الاستقبال,"[0, 1]","['الموقع', 'الاستقبال']"
Restaurants,0.0,خلال عطلة نهاية الأسبوع ذهبنا إلى هناك، الطلبات كانت متوسطة المستوى ولا بأس بها بالإضافة إلى ذلك، أسعار المنيو تعتبر طبيعية مقارنة بالمطاعم الأخرى. والخدمة بطيئة للغاية والعمال غير مهتمين. ومستوى النظافة عادي ولا بأس به,الأكل، الأسعار، الخدمة، النظافة,"[0, 0, -1, 0]","['الأكل', 'الأسعار', 'الخدمة', 'النظافة']"
Attractions,0.0,في زيارتي الأخيرة، عروض رائعة ومتنوعة تناسب كل الأعمار أما التنظيم فـ داخل المرفق كان عاديا أما المكان فـ بشكل عام طبيعي كأي حديقة أخرى. وأسعار الدخول طبيعية مقارنة بالفعاليات,الفعاليات، التنظيم، المكان، التذاكر,"[1, 0, 0, 0]","['الفعاليات', 'التنظيم', 'المكان', 'التذاكر']"
Attractions,0.0,خلال عطلة نهاية الأسبوع ذهبنا إلى هناك، مرتبين جداً والتنظيم احترافي أما المكان فالوجهة كانت عادية ولم تبهرني كثيراً بالإضافة إلى ذلك، العروض المقدمة كانت في المستوى الطبيعي وبالنسبة للتذاكر فـ قيمة التذكرة عادية,التنظيم، المكان، الفعاليات، التذاكر,"[1, 0, 0, 0]","['التنظيم', 'المكان', 'الفعاليات', 'التذاكر']"
Hotels,1.0,التجربة بشكل عام كانت متفاوتة، موظفو الاستقبال في قمة الرقي والتعاون. بالنسبة للغرفة فهي بمستوى طبيعي ولا بأس بها. والإفطار كان مقبولاً لكنه يفتقر للتنوع,الاستقبال، الغرفة، الإفطار,"[1, 0, 0]","['الاستقبال', 'الغرفة', 'الإفطار']"
Attractions,0.0,بصراحة، مساحة المكان وتصميمه مقبول ولا بأس به. والأنشطة الموجودة لا بأس بها للأطفال,المكان، الفعاليات,"[0, 0]","['المكان', 'الفعاليات']"
Restaurants,1.0,خلال عطلة نهاية الأسبوع ذهبنا إلى هناك، مستوى الخدمة لا بأس به أما الأسعار فـ قيمة رائعة مقابل المال و جداً معقولة. والطلبات كانت متوسطة المستوى ولا بأس بها,الخدمة، الأسعار، الأكل,"[0, 1, 0]","['الخدمة', 'الأسعار', 'الأكل']"
Restaurants,0.0,التجربة بشكل عام كانت متفاوتة، النظافة معدومة في هذا المطعم. قيمة رائعة مقابل المال والأسعار جداً معقولة,النظافة، الأسعار,"[-1, 1]","['النظافة', 'الأسعار']"
Attractions,-1.0,لا توجد فعاليات تذكر والأنشطة سيئة، كما أن الإدارة والتنظيم بمستوى مقبول,الفعاليات، التنظيم,"[-1, 0]","['الفعاليات', 'التنظيم']"
Hotels,0.0,في زيارتي الأخيرة، بالنسبة للغرفة فهي بمستوى طبيعي ولا بأس بها بالإضافة إلى ذلك، موظفو الاستقبال قاموا بعملهم بشكل روتيني وبالنسبة للإفطار فـ كان مقبولاً لكنه يفتقر للتنوع وبالنسبة للموقع فـ بعيد جداً ومقطوع عن الخدمات,الغرفة، الاستقبال، الإفطار، الموقع,"[0, 0, 0, -1]","['الغرفة', 'الاستقبال', 'الإفطار', 'الموقع']"
Attractions,1.0,التجربة بشكل عام كانت متفاوتة، التنظيم رائع جداً وسلس للغاية في حين أن بشكل عام المكان طبيعي كأي حديقة أخرى,التنظيم، المكان,"[1, 0]","['التنظيم', 'المكان']"
Attractions,0.0,في زيارتي الأخيرة، عروض رائعة ومتنوعة تناسب كل الأعمار في حين أن فوضى عارمة وسوء تنظيم واضح بالإضافة إلى ذلك، المكان يعتبر جيد لقضاء بعض الوقت,الفعاليات، التنظيم، المكان,"[1, -1, 0]","['الفعاليات', 'التنظيم', 'المكان']"
Attractions,1.0,في زيارتي الأخيرة، قيمة التذكرة عادية. لا بأس بالتنظيم بشكل عام. وعروض رائعة ومتنوعة تناسب كل الأعمار. وجهة سياحية رائعة وتستحق الزيارة تكراراً,التذاكر، التنظيم، الفعاليات، المكان,"[0, 0, 1, 1]","['التذاكر', 'التنظيم', 'الفعاليات', 'المكان']"
Hotels,-1.0,التجربة بشكل عام كانت متفاوتة، موظفو الاستقبال قاموا بعملهم بشكل روتيني وبالنسبة للإفطار فـ بوفيه كان تقليدياً ويقدم أصنافاً معتادة وبالنسبة للغرفة فـ للأسف كانت سيئة وغير نظيفة على الإطلاق,الاستقبال، الإفطار، الغرفة,"[0, 0, -1]","['الاستقبال', 'الإفطار', 'الغرفة']"
Restaurants,0.0,في زيارتي الأخيرة، نظافة المطعم ممتازة جداً. الخدمة بطيئة للغاية والعمال غير مهتمين,النظافة، الخدمة,"[1, -1]","['النظافة', 'الخدمة']"
Attractions,0.0,التجربة بشكل عام كانت متفاوتة، الفعاليات مقبولة وتمضية وقت ليس إلا. لا بأس بالتنظيم بشكل عام,الفعاليات، التنظيم,"[0, 0]","['الفعاليات', 'التنظيم']"
Hotels,-1.0,التجربة بشكل عام كانت متفاوتة، الإفطار كان مقبولاً لكنه يفتقر للتنوع. والغرفة ضيقة جداً ومكتومة,الإفطار، الغرفة,"[0, -1]","['الإفطار', 'الغرفة']"
Restaurants,-1.0,لم يعجبني الأكل إطلاقاً وكان دون المستوى في حين أن بالنسبة للأسعار فهي مقبولة إلى حد ما,الأكل، الأسعار,"[-1, 0]","['الأكل', 'الأسعار']"
Restaurants,0.0,قمت بتجربة هذا المكان وملاحظاتي هي: نظافة المكان بشكل عام كانت مقبولة بالإضافة إلى ذلك، السعر كان عاديا وليس مبالغا فيه,النظافة، الأسعار,"[0, 0]","['النظافة', 'الأسعار']"
Hotels,1.0,خلال عطلة نهاية الأسبوع ذهبنا إلى هناك، الإفطار كان مقبولاً لكنه يفتقر للتنوع أما الاستقبال فـ موظفو قاموا بعملهم بشكل روتيني في حين أن أعجبتني الغرفة بنظافتها الفائقة وتصميمها الرائع. وموقع الفندق ممتاز جداً وإطلالته خرافية,الإفطار، الاستقبال، الغرفة، الموقع,"[0, 0, 1, 1]","['الإفطار', 'الاستقبال', 'الغرفة', 'الموقع']"
Restaurants,0.0,قرأت تقييمات كثيرة وقررت التجربة، مستوى النظافة عادي ولا بأس به وبالنسبة للأسعار فـ بالنسبة للأسعار فهي مقبولة إلى حد ما. الطلبات كانت متوسطة المستوى ولا بأس بها. مستوى الخدمة لا بأس به,النظافة، الأسعار، الأكل، الخدمة,"[0, 0, 0, 0]","['النظافة', 'الأسعار', 'الأكل', 'الخدمة']"
Hotels,0.0,بصراحة، موظفو الاستقبال قاموا بعملهم بشكل روتيني في حين أن مساحة الغرفة كانت متوسطة كما توقعنا. بالنسبة للإفطار فهو جيد نسبيا كأي فندق آخر وبالنسبة للموقع فـ بعيد جداً ومقطوع عن الخدمات,الاستقبال، الغرفة، الإفطار، الموقع,"[0, 0, 0, -1]","['الاستقبال', 'الغرفة', 'الإفطار', 'الموقع']"
Restaurants,0.0,الأسعار كانت متوسطة ومناسبة لجودة المكان. ومستوى الخدمة لا بأس به. والأكل كان بارداً وطعمه سيء جداً أما النظافة فالمطعم نظيف لحد معقول,الأسعار، الخدمة، الأكل، النظافة,"[0, 0, -1, 0]","['الأسعار', 'الخدمة', 'الأكل', 'النظافة']"
Attractions,0.0,خلال عطلة نهاية الأسبوع ذهبنا إلى هناك، ترتيب الدخول كان يسير بشكل طبيعي. الأنشطة الموجودة لا بأس بها للأطفال,التنظيم، الفعاليات,"[0, 0]","['التنظيم', 'الفعاليات']"
Hotels,0.0,قرأت تقييمات كثيرة وقررت التجربة، بالنسبة للغرفة فهي بمستوى طبيعي ولا بأس بها أما الإفطار فـ سيء جداً والخيارات محدودة أما الموقع فـ موقع الفندق يعتبر متوسطا من حيث القرب للخدمات أما الاستقبال فـ موظفو قاموا بعملهم بشكل روتيني,الغرفة، الإفطار، الموقع، الاستقبال,"[0, -1, 0, 0]","['الغرفة', 'الإفطار', 'الموقع', 'الاستقبال']"
Attractions,0.0,خلال عطلة نهاية الأسبوع ذهبنا إلى هناك، سعر التذاكر كان متوسطا ومقبولا. والفعاليات كانت تقليدية ومكررة في حين أن لا بأس بالتنظيم بشكل عام. مساحة المكان وتصميمه مقبول ولا بأس به,التذاكر، الفعاليات، التنظيم، المكان,"[0, 0, 0, 0]","['التذاكر', 'الفعاليات', 'التنظيم', 'المكان']"
Hotels,0.0,التجربة بشكل عام كانت متفاوتة، مساحة الغرفة كانت متوسطة كما توقعنا. والموقع لا يتميز بشيء خاص ولكنه مناسب,الغرفة، الموقع,"[0, 0]","['الغرفة', 'الموقع']"
Restaurants,1.0,في زيارتي الأخيرة، الخدمة ممتازة واهتمام كبير بالزبائن وبالنسبة للنظافة فـ مستوى عادي ولا بأس به,الخدمة، النظافة,"[1, 0]","['الخدمة', 'النظافة']"
Attractions,0.0,التجربة بشكل عام كانت متفاوتة، سعر التذاكر كان متوسطا ومقبولا أما الفعاليات فـ كانت تقليدية ومكررة بالإضافة إلى ذلك، مرتبين جداً والتنظيم احترافي بالإضافة إلى ذلك، الوجهة كانت عادية ولم تبهرني كثيراً,التذاكر، الفعاليات، التنظيم، المكان,"[0, 0, 1, 0]","['التذاكر', 'الفعاليات', 'التنظيم', 'المكان']"
Restaurants,1.0,في زيارتي الأخيرة، السعر كان عاديا وليس مبالغا فيه في حين أن مستوى الخدمة لا بأس به. والمكان يلمع من النظافة والاهتمام بالتفاصيل,الأسعار، الخدمة، النظافة,"[0, 0, 1]","['الأسعار', 'الخدمة', 'النظافة']"
Attractions,0.0,قرأت تقييمات كثيرة وقررت التجربة، لا بأس بالتنظيم بشكل عام بالإضافة إلى ذلك، قيمة التذكرة عادية,التنظيم، التذاكر,"[0, 0]","['التنظيم', 'التذاكر']"
Restaurants,0.0,قمت بتجربة هذا المكان وملاحظاتي هي: الأسعار كانت متوسطة ومناسبة لجودة المكان، كما أن المطعم نظيف لحد معقول بالإضافة إلى ذلك، الطلبات كانت متوسطة المستوى ولا بأس بها أما الخدمة فـ تعامل الويترز كان عادياً,الأسعار، النظافة، الأكل، الخدمة,"[0, 0, 0, 0]","['الأسعار', 'النظافة', 'الأكل', 'الخدمة']"
Attractions,0.0,في زيارتي الأخيرة، الفعاليات كانت تقليدية ومكررة، كما أن قيمة التذكرة عادية,الفعاليات، التذاكر,"[0, 0]","['الفعاليات', 'التذاكر']"
Attractions,0.0,التجربة بشكل عام كانت متفاوتة، الوجهة كانت عادية ولم تبهرني كثيراً بالإضافة إلى ذلك، أسعار الدخول طبيعية مقارنة بالفعاليات,المكان، التذاكر,"[0, 0]","['المكان', 'التذاكر']"
Restaurants,1.0,في زيارتي الأخيرة، الخدمة ممتازة واهتمام كبير بالزبائن. والأكل كان لذيذاً جداً وأنصح به بشدة,الخدمة، الأكل,"[1, 1]","['الخدمة', 'الأكل']"
Restaurants,0.0,خلال عطلة نهاية الأسبوع ذهبنا إلى هناك، الخدمة ممتازة واهتمام كبير بالزبائن، كما أن النظافة معدومة في هذا المطعم,الخدمة، النظافة,"[1, -1]","['الخدمة', 'النظافة']"
Hotels,0.0,قرأت تقييمات كثيرة وقررت التجربة، الاستقبال كان مقبولا بشكل عام بالإضافة إلى ذلك، مساحة الغرفة كانت متوسطة كما توقعنا وبالنسبة للموقع فـ موقع المكان عادي ويمكن الوصول إليه بسهولة,الاستقبال، الغرفة، الموقع,"[0, 0, 0]","['الاستقبال', 'الغرفة', 'الموقع']"
Attractions,-1.0,قمت بتجربة هذا المكان وملاحظاتي هي: التذكرة لا تستحق هذا السعر المرتفع إطلاقاً. الأنشطة الموجودة لا بأس بها للأطفال أما التنظيم فـ سيء جداً وهناك عشوائية في المكان، كما أن لا أنصح بزيارة المكان فهو سيء للغاية,التذاكر، الفعاليات، التنظيم، المكان,"[-1, 0, -1, -1]","['التذاكر', 'الفعاليات', 'التنظيم', 'المكان']"
Attractions,0.0,المكان يعتبر جيد لقضاء بعض الوقت في حين أن لا بأس بالتنظيم بشكل عام بالإضافة إلى ذلك، الأنشطة الموجودة لا بأس بها للأطفال بالإضافة إلى ذلك، التذكرة لا تستحق هذا السعر المرتفع إطلاقاً,المكان، التنظيم، الفعاليات، التذاكر,"[0, 0, 0, -1]","['المكان', 'التنظيم', 'الفعاليات', 'التذاكر']"
Restaurants,0.0,المطعم نظيف لحد معقول. السعر كان عاديا وليس مبالغا فيه,النظافة، الأسعار,"[0, 0]","['النظافة', 'الأسعار']"
Attractions,1.0,في زيارتي الأخيرة، الأنشطة الموجودة لا بأس بها للأطفال أما التذاكر فـ سعر كان متوسطا ومقبولا. ووجهة سياحية رائعة وتستحق الزيارة تكراراً,الفعاليات، التذاكر، المكان,"[0, 0, 1]","['الفعاليات', 'التذاكر', 'المكان']"
Hotels,0.0,بصراحة، إجراءات الدخول في الاستقبال كانت طبيعية ولم تستغرق وقتا طويلا أو قصيرا في حين أن أعجبتني الغرفة بنظافتها الفائقة وتصميمها الرائع في حين أن الإفطار كان مقبولاً لكنه يفتقر للتنوع وبالنسبة للموقع فـ موقع المكان عادي ويمكن الوصول إليه بسهولة,الاستقبال، الغرفة، الإفطار، الموقع,"[0, 1, 0, 0]","['الاستقبال', 'الغرفة', 'الإفطار', 'الموقع']"
Restaurants,-1.0,قمت بتجربة هذا المكان وملاحظاتي هي: تعامل الويترز كان عادياً وبالنسبة للأكل فـ لم يعجبني إطلاقاً وكان دون المستوى,الخدمة، الأكل,"[0, -1]","['الخدمة', 'الأكل']"
Hotels,0.0,طاقم الاستقبال كان عادياً في التعامل، كما أن جودة الطعام في الإفطار كانت ضعيفة جداً أما الموقع فـ لا يتميز بشيء خاص ولكنه مناسب. والغرفة كانت عادية وتفي بالغرض,الاستقبال، الإفطار، الموقع، الغرفة,"[0, -1, 0, 0]","['الاستقبال', 'الإفطار', 'الموقع', 'الغرفة']"
Hotels,0.0,بصراحة، موقع الفندق يعتبر متوسطا من حيث القرب للخدمات، كما أن أثاث الغرفة يبدو عادياً ليس حديثاً ولا قديماً جداً. موظفو الاستقبال في قمة الرقي والتعاون. والإفطار كان مقبولاً لكنه يفتقر للتنوع,الموقع، الغرفة، الاستقبال، الإفطار,"[0, 0, 1, 0]","['الموقع', 'الغرفة', 'الاستقبال', 'الإفطار']"
Attractions,0.0,خلال عطلة نهاية الأسبوع ذهبنا إلى هناك، ترتيب الدخول كان يسير بشكل طبيعي بالإضافة إلى ذلك، أسعار التذاكر رخيصة جداً ومناسبة للجميع وبالنسبة للفعاليات فـ لا توجد فعاليات تذكر والأنشطة سيئة,التنظيم، التذاكر، الفعاليات,"[0, 1, -1]","['التنظيم', 'التذاكر', 'الفعاليات']"
Restaurants,0.0,خلال عطلة نهاية الأسبوع ذهبنا إلى هناك، السعر كان عاديا وليس مبالغا فيه بالإضافة إلى ذلك، تعامل الويترز كان عادياً,الأسعار، الخدمة,"[0, 0]","['الأسعار', 'الخدمة']"
Attractions,0.0,قرأت تقييمات كثيرة وقررت التجربة، بشكل عام المكان طبيعي كأي حديقة أخرى وبالنسبة للتنظيم فـ ترتيب الدخول كان يسير بشكل طبيعي، كما أن الفعاليات كانت تقليدية ومكررة بالإضافة إلى ذلك، التذاكر ليست رخيصة ولا غالية بل في المعقول,المكان، التنظيم، الفعاليات، التذاكر,"[0, 0, 0, 0]","['المكان', 'التنظيم', 'الفعاليات', 'التذاكر']"
Attractions,0.0,التجربة بشكل عام كانت متفاوتة، أسعار التذاكر رخيصة جداً ومناسبة للجميع بالإضافة إلى ذلك، الفعاليات مملة جداً ولا يوجد تجديد,التذاكر، الفعاليات,"[1, -1]","['التذاكر', 'الفعاليات']"
Attractions,1.0,الفعاليات كانت تقليدية ومكررة، كما أن التذاكر ليست رخيصة ولا غالية بل في المعقول. مرتبين جداً والتنظيم احترافي,الفعاليات، التذاكر، التنظيم,"[0, 0, 1]","['الفعاليات', 'التذاكر', 'التنظيم']"
Hotels,0.0,قمت بتجربة هذا المكان وملاحظاتي هي: أثاث الغرفة يبدو عادياً ليس حديثاً ولا قديماً جداً وبالنسبة للاستقبال فـ واجهنا بطء شديد ومماطلة من موظفي أما الموقع فـ لا يتميز بشيء خاص ولكنه مناسب وبالنسبة للإفطار فـ بوفيه كان تقليدياً ويقدم أصنافاً معتادة,الغرفة، الاستقبال، الموقع، الإفطار,"[0, -1, 0, 0]","['الغرفة', 'الاستقبال', 'الموقع', 'الإفطار']"
Attractions,0.0,في زيارتي الأخيرة، الإدارة والتنظيم بمستوى مقبول بالإضافة إلى ذلك، سعر التذاكر كان متوسطا ومقبولا,التنظيم، التذاكر,"[0, 0]","['التنظيم', 'التذاكر']"
Attractions,0.0,قرأت تقييمات كثيرة وقررت التجربة، ترتيب الدخول كان يسير بشكل طبيعي وبالنسبة للفعاليات فـ كانت تقليدية ومكررة,التنظيم، الفعاليات,"[0, 0]","['التنظيم', 'الفعاليات']"
Hotels,0.0,خلال عطلة نهاية الأسبوع ذهبنا إلى هناك، موقع الفندق يعتبر متوسطا من حيث القرب للخدمات وبالنسبة للغرفة فـ أثاث يبدو عادياً ليس حديثاً ولا قديماً جداً، كما أن جودة الطعام في الإفطار كانت ضعيفة جداً في حين أن الاستقبال كان مقبولا بشكل عام,الموقع، الغرفة، الإفطار، الاستقبال,"[0, 0, -1, 0]","['الموقع', 'الغرفة', 'الإفطار', 'الاستقبال']"
Restaurants,-1.0,في زيارتي الأخيرة، الأسعار مبالغ فيها وغالية جداً في حين أن سرعة الخدمة كانت في المعدل الطبيعي والمقبول,الأسعار، الخدمة,"[-1, 0]","['الأسعار', 'الخدمة']"
Restaurants,1.0,في زيارتي الأخيرة، الأسعار كانت متوسطة ومناسبة لجودة المكان، كما أن الأكل كان لذيذاً جداً وأنصح به بشدة,الأسعار، الأكل,"[0, 1]","['الأسعار', 'الأكل']"
Hotels,0.0,التجربة بشكل عام كانت متفاوتة، الغرفة كانت عادية وتفي بالغرض وبالنسبة للموقع فـ موقع الفندق يعتبر متوسطا من حيث القرب للخدمات وبالنسبة للاستقبال فـ موظفو قاموا بعملهم بشكل روتيني، كما أن بالنسبة للإفطار فهو جيد نسبيا كأي فندق آخر,الغرفة، الموقع، الاستقبال، الإفطار,"[0, 0, 0, 0]","['الغرفة', 'الموقع', 'الاستقبال', 'الإفطار']"
Attractions,-1.0,التذاكر ليست رخيصة ولا غالية بل في المعقول بالإضافة إلى ذلك، المكان كئيب وممل جداً,التذاكر، المكان,"[0, -1]","['التذاكر', 'المكان']"
Attractions,0.0,خلال عطلة نهاية الأسبوع ذهبنا إلى هناك، بشكل عام المكان طبيعي كأي حديقة أخرى في حين أن سعر التذاكر كان متوسطا ومقبولا,المكان، التذاكر,"[0, 0]","['المكان', 'التذاكر']"
Attractions,0.0,ترتيب الدخول كان يسير بشكل طبيعي، كما أن مساحة المكان وتصميمه مقبول ولا بأس به، كما أن قيمة التذكرة عادية,التنظيم، المكان، التذاكر,"[0, 0, 0]","['التنظيم', 'المكان', 'التذاكر']"
Attractions,0.0,خلال عطلة نهاية الأسبوع ذهبنا إلى هناك، العروض المقدمة كانت في المستوى الطبيعي. التنظيم داخل المرفق كان عاديا وبالنسبة للمكان فـ كئيب وممل جداً وبالنسبة للتذاكر فـ أسعار رخيصة جداً ومناسبة للجميع,الفعاليات، التنظيم، المكان، التذاكر,"[0, 0, -1, 1]","['الفعاليات', 'التنظيم', 'المكان', 'التذاكر']"
Attractions,0.0,في زيارتي الأخيرة، الأنشطة الموجودة لا بأس بها للأطفال، كما أن التنظيم داخل المرفق كان عاديا في حين أن أسعار الدخول طبيعية مقارنة بالفعاليات وبالنسبة للمكان فـ مساحة وتصميمه مقبول ولا بأس به,الفعاليات، التنظيم، التذاكر، المكان,"[0, 0, 0, 0]","['الفعاليات', 'التنظيم', 'التذاكر', 'المكان']"
Hotels,0.0,قرأت تقييمات كثيرة وقررت التجربة، أثاث الغرفة يبدو عادياً ليس حديثاً ولا قديماً جداً. موقع المكان عادي ويمكن الوصول إليه بسهولة. الإفطار كان مقبولاً لكنه يفتقر للتنوع وبالنسبة للاستقبال فـ طاقم كان عادياً في التعامل,الغرفة، الموقع، الإفطار، الاستقبال,"[0, 0, 0, 0]","['الغرفة', 'الموقع', 'الإفطار', 'الاستقبال']"
Hotels,-1.0,التجربة بشكل عام كانت متفاوتة، إجراءات الدخول في الاستقبال كانت طبيعية ولم تستغرق وقتا طويلا أو قصيرا في حين أن الموقع لا يتميز بشيء خاص ولكنه مناسب في حين أن جودة الطعام في الإفطار كانت ضعيفة جداً,الاستقبال، الموقع، الإفطار,"[0, 0, -1]","['الاستقبال', 'الموقع', 'الإفطار']"
Hotels,0.0,في زيارتي الأخيرة، طاقم الاستقبال كان عادياً في التعامل بالإضافة إلى ذلك، للأسف الغرفة كانت سيئة وغير نظيفة على الإطلاق، كما أن بوفيه الإفطار مذهل ويحتوي على خيارات رائعة,الاستقبال، الغرفة، الإفطار,"[0, -1, 1]","['الاستقبال', 'الغرفة', 'الإفطار']"
Restaurants,0.0,خلال عطلة نهاية الأسبوع ذهبنا إلى هناك، المكان متسخ والطاولات غير نظيفة. وكل الأطباق كانت مطبوخة باحترافية وطعمها خيال. وبالنسبة للأسعار فهي مقبولة إلى حد ما,النظافة، الأكل، الأسعار,"[-1, 1, 0]","['النظافة', 'الأكل', 'الأسعار']"
Hotels,0.0,التجربة بشكل عام كانت متفاوتة، بوفيه الإفطار مذهل ويحتوي على خيارات رائعة أما الاستقبال فـ طاقم كان عادياً في التعامل أما الغرفة فـ مساحة كانت متوسطة كما توقعنا. وموقع المكان عادي ويمكن الوصول إليه بسهولة,الإفطار، الاستقبال، الغرفة، الموقع,"[1, 0, 0, 0]","['الإفطار', 'الاستقبال', 'الغرفة', 'الموقع']"
Restaurants,0.0,قمت بتجربة هذا المكان وملاحظاتي هي: الأكل مقبول لكنني تذوقت أفضل منه وبالنسبة للنظافة فالطاولات كانت نظيفة بشكل معتاد,الأكل، النظافة,"[0, 0]","['الأكل', 'النظافة']"
Restaurants,0.0,خلال عطلة نهاية الأسبوع ذهبنا إلى هناك، الخدمة في المطعم كانت روتينية في حين أن الطاولات كانت نظيفة بشكل معتاد,الخدمة، النظافة,"[0, 0]","['الخدمة', 'النظافة']"
Attractions,-1.0,لا أنصح بزيارة المكان فهو سيء للغاية وبالنسبة للتذاكر فـ ليست رخيصة ولا غالية بل في المعقول,المكان، التذاكر,"[-1, 0]","['المكان', 'التذاكر']"
Attractions,-1.0,بصراحة، التذكرة لا تستحق هذا السعر المرتفع إطلاقاً. لا توجد فعاليات تذكر والأنشطة سيئة. لا بأس بالتنظيم بشكل عام. ولا أنصح بزيارة المكان فهو سيء للغاية,التذاكر، الفعاليات، التنظيم، المكان,"[-1, -1, 0, -1]","['التذاكر', 'الفعاليات', 'التنظيم', 'المكان']"
Attractions,1.0,قمت بتجربة هذا المكان وملاحظاتي هي: التنظيم داخل المرفق كان عاديا بالإضافة إلى ذلك، التذاكر قيمتها ممتازة وتشمل خيارات كثيرة، كما أن عروض رائعة ومتنوعة تناسب كل الأعمار,التنظيم، التذاكر، الفعاليات,"[0, 1, 1]","['التنظيم', 'التذاكر', 'الفعاليات']"
Hotels,0.0,قمت بتجربة هذا المكان وملاحظاتي هي: الموقع لا يتميز بشيء خاص ولكنه مناسب في حين أن بالنسبة للغرفة فهي بمستوى طبيعي ولا بأس بها,الموقع، الغرفة,"[0, 0]","['الموقع', 'الغرفة']"
Hotels,0.0,الإفطار كان مقبولاً لكنه يفتقر للتنوع. والموقع لا يتميز بشيء خاص ولكنه مناسب,الإفطار، الموقع,"[0, 0]","['الإفطار', 'الموقع']"
Hotels,0.0,أثاث الغرفة يبدو عادياً ليس حديثاً ولا قديماً جداً في حين أن الموقع مقبول ولا بأس به مقارنة بالسعر وبالنسبة للاستقبال فـ كان مقبولا بشكل عام. والإفطار سيء جداً والخيارات محدودة,الغرفة، الموقع، الاستقبال، الإفطار,"[0, 0, 0, -1]","['الغرفة', 'الموقع', 'الاستقبال', 'الإفطار']"
Hotels,1.0,في زيارتي الأخيرة، الإفطار كان لذيذاً ومتنوعاً جداً بالإضافة إلى ذلك، مساحة الغرفة كانت متوسطة كما توقعنا,الإفطار، الغرفة,"[1, 0]","['الإفطار', 'الغرفة']"
Hotels,0.0,التجربة بشكل عام كانت متفاوتة، أثاث الغرفة يبدو عادياً ليس حديثاً ولا قديماً جداً. وطاقم الاستقبال كان عادياً في التعامل وبالنسبة للإفطار فـ كان مقبولاً لكنه يفتقر للتنوع,الغرفة، الاستقبال، الإفطار,"[0, 0, 0]","['الغرفة', 'الاستقبال', 'الإفطار']"
Hotels,0.0,قمت بتجربة هذا المكان وملاحظاتي هي: بالنسبة للإفطار فهو جيد نسبيا كأي فندق آخر بالإضافة إلى ذلك، الاستقبال كان مقبولا بشكل عام,الإفطار، الاستقبال,"[0, 0]","['الإفطار', 'الاستقبال']"
Restaurants,0.0,قرأت تقييمات كثيرة وقررت التجربة، أسعار المنيو تعتبر طبيعية مقارنة بالمطاعم الأخرى في حين أن نظافة المكان بشكل عام كانت مقبولة وبالنسبة للأكل فـ طعم كان عادياً ولا يوجد فيه نكهة مميزة بالإضافة إلى ذلك، أسوأ خدمة جربتها في حياتي,الأسعار، النظافة، الأكل، الخدمة,"[0, 0, 0, -1]","['الأسعار', 'النظافة', 'الأكل', 'الخدمة']"
Hotels,-1.0,الموقع بعيد جداً ومقطوع عن الخدمات، كما أن إجراءات الدخول في الاستقبال كانت طبيعية ولم تستغرق وقتا طويلا أو قصيرا,الموقع، الاستقبال,"[-1, 0]","['الموقع', 'الاستقبال']"
Attractions,0.0,قرأت تقييمات كثيرة وقررت التجربة، الأنشطة الموجودة لا بأس بها للأطفال. وقيمة التذكرة عادية، كما أن مساحة المكان وتصميمه مقبول ولا بأس به,الفعاليات، التذاكر، المكان,"[0, 0, 0]","['الفعاليات', 'التذاكر', 'المكان']"
Hotels,0.0,قمت بتجربة هذا المكان وملاحظاتي هي: طاقم الاستقبال كان عادياً في التعامل أما الغرفة فـ مساحة كانت متوسطة كما توقعنا وبالنسبة للإفطار فـ بوفيه كان تقليدياً ويقدم أصنافاً معتادة أما الموقع فـ موقع المكان عادي ويمكن الوصول إليه بسهولة,الاستقبال، الغرفة، الإفطار، الموقع,"[0, 0, 0, 0]","['الاستقبال', 'الغرفة', 'الإفطار', 'الموقع']"
Restaurants,0.0,التجربة بشكل عام كانت متفاوتة، أسوأ خدمة جربتها في حياتي في حين أن السعر كان عاديا وليس مبالغا فيه. ونظافة المطعم ممتازة جداً في حين أن بالنسبة للأكل فهو بمستوى طبيعي,الخدمة، الأسعار، النظافة، الأكل,"[-1, 0, 1, 0]","['الخدمة', 'الأسعار', 'النظافة', 'الأكل']"
Attractions,0.0,التجربة بشكل عام كانت متفاوتة، مساحة المكان وتصميمه مقبول ولا بأس به، كما أن التذاكر ليست رخيصة ولا غالية بل في المعقول,المكان، التذاكر,"[0, 0]","['المكان', 'التذاكر']"
Attractions,-1.0,التجربة بشكل عام كانت متفاوتة، العروض المقدمة كانت في المستوى الطبيعي بالإضافة إلى ذلك، لا بأس بالتنظيم بشكل عام بالإضافة إلى ذلك، أسعار التذاكر غالية جداً ومبالغ فيها,الفعاليات، التنظيم، التذاكر,"[0, 0, -1]","['الفعاليات', 'التنظيم', 'التذاكر']"
Restaurants,-1.0,التجربة بشكل عام كانت متفاوتة، سرعة الخدمة كانت في المعدل الطبيعي والمقبول، كما أن أسعار المنيو تعتبر طبيعية مقارنة بالمطاعم الأخرى في حين أن المكان متسخ والطاولات غير نظيفة,الخدمة، الأسعار، النظافة,"[0, 0, -1]","['الخدمة', 'الأسعار', 'النظافة']"
Attractions,0.0,التجربة بشكل عام كانت متفاوتة، بشكل عام المكان طبيعي كأي حديقة أخرى أما التذاكر فـ أسعار الدخول طبيعية مقارنة بالفعاليات,المكان، التذاكر,"[0, 0]","['المكان', 'التذاكر']"
Restaurants,-1.0,قرأت تقييمات كثيرة وقررت التجربة، المطعم غالي بشكل مبالغ فيه ولا يستحق بالإضافة إلى ذلك، مستوى النظافة عادي ولا بأس به,الأسعار، النظافة,"[-1, 0]","['الأسعار', 'النظافة']"
Restaurants,0.0,قمت بتجربة هذا المكان وملاحظاتي هي: المكان يلمع من النظافة والاهتمام بالتفاصيل أما الخدمة فـ تعامل الويترز كان عادياً، كما أن المطعم غالي بشكل مبالغ فيه ولا يستحق، كما أن كل الأطباق كانت مطبوخة باحترافية وطعمها خيال,النظافة، الخدمة، الأسعار، الأكل,"[1, 0, -1, 1]","['النظافة', 'الخدمة', 'الأسعار', 'الأكل']"
Restaurants,0.0,الأكل مقبول لكنني تذوقت أفضل منه وبالنسبة للأسعار فـ أسعار المنيو تعتبر طبيعية مقارنة بالمطاعم الأخرى أما النظافة فالمطعم نظيف لحد معقول,الأكل، الأسعار، النظافة,"[0, 0, 0]","['الأكل', 'الأسعار', 'النظافة']"
Restaurants,1.0,التجربة بشكل عام كانت متفاوتة، نظافة المكان بشكل عام كانت مقبولة وبالنسبة للأسعار فـ ممتازة ورخيصة مقارنة بالكمية,النظافة، الأسعار,"[0, 1]","['النظافة', 'الأسعار']"
Attractions,-1.0,خلال عطلة نهاية الأسبوع ذهبنا إلى هناك، لا أنصح بزيارة المكان فهو سيء للغاية، كما أن ترتيب الدخول كان يسير بشكل طبيعي,المكان، التنظيم,"[-1, 0]","['المكان', 'التنظيم']"
Restaurants,-1.0,خلال عطلة نهاية الأسبوع ذهبنا إلى هناك، نظافة المكان بشكل عام كانت مقبولة، كما أن الأكل كان بارداً وطعمه سيء جداً. الأسعار كانت متوسطة ومناسبة لجودة المكان,النظافة، الأكل، الأسعار,"[0, -1, 0]","['النظافة', 'الأكل', 'الأسعار']"
Restaurants,1.0,قمت بتجربة هذا المكان وملاحظاتي هي: كل الأطباق كانت مطبوخة باحترافية وطعمها خيال أما الخدمة فـ ممتازة واهتمام كبير بالزبائن. والأسعار ممتازة ورخيصة مقارنة بالكمية,الأكل، الخدمة، الأسعار,"[1, 1, 1]","['الأكل', 'الخدمة', 'الأسعار']"
Attractions,0.0,في زيارتي الأخيرة، ترتيب الدخول كان يسير بشكل طبيعي أما التذاكر فالتذكرة لا تستحق هذا السعر المرتفع إطلاقاً. المكان ساحر وجميل جداً للتصوير,التنظيم، التذاكر، المكان,"[0, -1, 1]","['التنظيم', 'التذاكر', 'المكان']"
Hotels,-1.0,خلال عطلة نهاية الأسبوع ذهبنا إلى هناك، طاقم الاستقبال كان عادياً في التعامل، كما أن الغرفة ضيقة جداً ومكتومة وبالنسبة للإفطار فـ وجبة كانت عادية ولم تكن مميزة,الاستقبال، الغرفة، الإفطار,"[0, -1, 0]","['الاستقبال', 'الغرفة', 'الإفطار']"
Attractions,0.0,التذاكر ليست رخيصة ولا غالية بل في المعقول بالإضافة إلى ذلك، الأنشطة الموجودة لا بأس بها للأطفال,التذاكر، الفعاليات,"[0, 0]","['التذاكر', 'الفعاليات']"
Hotels,0.0,قرأت تقييمات كثيرة وقررت التجربة، الاستقبال كان مقبولا بشكل عام أما الغرفة فـ مساحة كانت متوسطة كما توقعنا,الاستقبال، الغرفة,"[0, 0]","['الاستقبال', 'الغرفة']"
Restaurants,1.0,قرأت تقييمات كثيرة وقررت التجربة، الخدمة ممتازة واهتمام كبير بالزبائن. بالنسبة للأسعار فهي مقبولة إلى حد ما,الخدمة، الأسعار,"[1, 0]","['الخدمة', 'الأسعار']"
Attractions,1.0,التجربة بشكل عام كانت متفاوتة، المكان ساحر وجميل جداً للتصوير. أسعار الدخول طبيعية مقارنة بالفعاليات,المكان، التذاكر,"[1, 0]","['المكان', 'التذاكر']"
Hotels,0.0,قرأت تقييمات كثيرة وقررت التجربة، الموقع استراتيجي وقريب من كل الفعاليات في حين أن واجهنا بطء شديد ومماطلة من موظفي الاستقبال,الموقع، الاستقبال,"[1, -1]","['الموقع', 'الاستقبال']"
Hotels,0.0,تعامل الاستقبال كان جافاً وغير احترافي. أعجبتني الغرفة بنظافتها الفائقة وتصميمها الرائع، كما أن الإفطار كان مقبولاً لكنه يفتقر للتنوع,الاستقبال، الغرفة، الإفطار,"[-1, 1, 0]","['الاستقبال', 'الغرفة', 'الإفطار']"
Hotels,0.0,موقع الفندق يعتبر متوسطا من حيث القرب للخدمات. طاقم الاستقبال كان عادياً في التعامل، كما أن الإفطار كان مقبولاً لكنه يفتقر للتنوع. والغرفة واسعة ومريحة بشكل استثنائي,الموقع، الاستقبال، الإفطار، الغرفة,"[0, 0, 0, 1]","['الموقع', 'الاستقبال', 'الإفطار', 'الغرفة']"
Hotels,-1.0,بصراحة، جودة الطعام في الإفطار كانت ضعيفة جداً. وطاقم الاستقبال كان عادياً في التعامل، كما أن موقع الفندق يعتبر متوسطا من حيث القرب للخدمات,الإفطار، الاستقبال، الموقع,"[-1, 0, 0]","['الإفطار', 'الاستقبال', 'الموقع']"
Restaurants,0.0,السعر كان عاديا وليس مبالغا فيه في حين أن الطاولات كانت نظيفة بشكل معتاد. الأكل كان لذيذاً جداً وأنصح به بشدة في حين أن أسوأ خدمة جربتها في حياتي,الأسعار، النظافة، الأكل، الخدمة,"[0, 0, 1, -1]","['الأسعار', 'النظافة', 'الأكل', 'الخدمة']"
Attractions,0.0,في زيارتي الأخيرة، عروض رائعة ومتنوعة تناسب كل الأعمار بالإضافة إلى ذلك، الإدارة والتنظيم بمستوى مقبول في حين أن الوجهة كانت عادية ولم تبهرني كثيراً. التذاكر ليست رخيصة ولا غالية بل في المعقول,الفعاليات، التنظيم، المكان، التذاكر,"[1, 0, 0, 0]","['الفعاليات', 'التنظيم', 'المكان', 'التذاكر']"
Attractions,0.0,قرأت تقييمات كثيرة وقررت التجربة، الإدارة والتنظيم بمستوى مقبول، كما أن العروض المقدمة كانت في المستوى الطبيعي. بشكل عام المكان طبيعي كأي حديقة أخرى. أسعار الدخول طبيعية مقارنة بالفعاليات,التنظيم، الفعاليات، المكان، التذاكر,"[0, 0, 0, 0]","['التنظيم', 'الفعاليات', 'المكان', 'التذاكر']"
Attractions,1.0,قمت بتجربة هذا المكان وملاحظاتي هي: المكان ساحر وجميل جداً للتصوير وبالنسبة للتذاكر فـ قيمة التذكرة عادية وبالنسبة للفعاليات فالعروض المقدمة كانت في المستوى الطبيعي بالإضافة إلى ذلك، التنظيم رائع جداً وسلس للغاية,المكان، التذاكر، الفعاليات، التنظيم,"[1, 0, 0, 1]","['المكان', 'التذاكر', 'الفعاليات', 'التنظيم']"
Restaurants,-1.0,قرأت تقييمات كثيرة وقررت التجربة، مستوى النظافة عادي ولا بأس به. الأسعار مبالغ فيها وغالية جداً في حين أن الأكل كان بارداً وطعمه سيء جداً وبالنسبة للخدمة فـ سرعة كانت في المعدل الطبيعي والمقبول,النظافة، الأسعار، الأكل، الخدمة,"[0, -1, -1, 0]","['النظافة', 'الأسعار', 'الأكل', 'الخدمة']"
Restaurants,0.0,التجربة بشكل عام كانت متفاوتة، الطلبات كانت متوسطة المستوى ولا بأس بها أما الخدمة فـ سرعة كانت في المعدل الطبيعي والمقبول. مستوى النظافة عادي ولا بأس به,الأكل، الخدمة، النظافة,"[0, 0, 0]","['الأكل', 'الخدمة', 'النظافة']"
Hotels,-1.0,بصراحة، موقع الفندق يعتبر متوسطا من حيث القرب للخدمات أما الاستقبال فـ تعامل كان جافاً وغير احترافي,الموقع، الاستقبال,"[0, -1]","['الموقع', 'الاستقبال']"
Hotels,1.0,خلال عطلة نهاية الأسبوع ذهبنا إلى هناك، الموقع استراتيجي وقريب من كل الفعاليات بالإضافة إلى ذلك، الإفطار كان مقبولاً لكنه يفتقر للتنوع بالإضافة إلى ذلك، ترحيب حار جداً من طاقم الاستقبال في حين أن أثاث الغرفة يبدو عادياً ليس حديثاً ولا قديماً جداً,الموقع، الإفطار، الاستقبال، الغرفة,"[1, 0, 1, 0]","['الموقع', 'الإفطار', 'الاستقبال', 'الغرفة']"
Attractions,0.0,قمت بتجربة هذا المكان وملاحظاتي هي: بشكل عام المكان طبيعي كأي حديقة أخرى بالإضافة إلى ذلك، سعر التذاكر كان متوسطا ومقبولا,المكان، التذاكر,"[0, 0]","['المكان', 'التذاكر']"
Hotels,-1.0,قمت بتجربة هذا المكان وملاحظاتي هي: جودة الطعام في الإفطار كانت ضعيفة جداً في حين أن الاستقبال كان مقبولا بشكل عام,الإفطار، الاستقبال,"[-1, 0]","['الإفطار', 'الاستقبال']"
Restaurants,0.0,التجربة بشكل عام كانت متفاوتة، الطلبات كانت متوسطة المستوى ولا بأس بها بالإضافة إلى ذلك، مستوى الخدمة لا بأس به في حين أن أسعار المنيو تعتبر طبيعية مقارنة بالمطاعم الأخرى,الأكل، الخدمة، الأسعار,"[0, 0, 0]","['الأكل', 'الخدمة', 'الأسعار']"
Restaurants,1.0,التجربة بشكل عام كانت متفاوتة، بالنسبة للأسعار فهي مقبولة إلى حد ما بالإضافة إلى ذلك، الخدمة في المطعم كانت روتينية. نظافة المطعم ممتازة جداً,الأسعار، الخدمة، النظافة,"[0, 0, 1]","['الأسعار', 'الخدمة', 'النظافة']"
Attractions,0.0,قرأت تقييمات كثيرة وقررت التجربة، الوجهة كانت عادية ولم تبهرني كثيراً. العروض المقدمة كانت في المستوى الطبيعي في حين أن أسعار الدخول طبيعية مقارنة بالفعاليات,المكان، الفعاليات، التذاكر,"[0, 0, 0]","['المكان', 'الفعاليات', 'التذاكر']"
Restaurants,0.0,بصراحة، تعامل الويترز كان عادياً وبالنسبة للأسعار فالسعر كان عاديا وليس مبالغا فيه,الخدمة، الأسعار,"[0, 0]","['الخدمة', 'الأسعار']"
Hotels,-1.0,قرأت تقييمات كثيرة وقررت التجربة، الموقع لا يتميز بشيء خاص ولكنه مناسب بالإضافة إلى ذلك، للأسف الغرفة كانت سيئة وغير نظيفة على الإطلاق، كما أن إجراءات الدخول في الاستقبال كانت طبيعية ولم تستغرق وقتا طويلا أو قصيرا,الموقع، الغرفة، الاستقبال,"[0, -1, 0]","['الموقع', 'الغرفة', 'الاستقبال']"
Attractions,1.0,قمت بتجربة هذا المكان وملاحظاتي هي: المكان يعتبر جيد لقضاء بعض الوقت، كما أن الفعاليات مقبولة وتمضية وقت ليس إلا. والتذاكر قيمتها ممتازة وتشمل خيارات كثيرة,المكان، الفعاليات، التذاكر,"[0, 0, 1]","['المكان', 'الفعاليات', 'التذاكر']"
Attractions,1.0,خلال عطلة نهاية الأسبوع ذهبنا إلى هناك، المكان ساحر وجميل جداً للتصوير في حين أن أسعار الدخول طبيعية مقارنة بالفعاليات. ولا بأس بالتنظيم بشكل عام,المكان، التذاكر، التنظيم,"[1, 0, 0]","['المكان', 'التذاكر', 'التنظيم']"
Restaurants,0.0,قرأت تقييمات كثيرة وقررت التجربة، مستوى الخدمة لا بأس به وبالنسبة للأسعار فـ كانت متوسطة ومناسبة لجودة المكان وبالنسبة للأكل فـ مقبول لكنني تذوقت أفضل منه، كما أن المطعم نظيف لحد معقول,الخدمة، الأسعار، الأكل، النظافة,"[0, 0, 0, 0]","['الخدمة', 'الأسعار', 'الأكل', 'النظافة']"
Hotels,-1.0,بصراحة، موظفو الاستقبال قاموا بعملهم بشكل روتيني. موقع الفندق سيء ويصعب الوصول إليه,الاستقبال، الموقع,"[0, -1]","['الاستقبال', 'الموقع']"
Attractions,0.0,قمت بتجربة هذا المكان وملاحظاتي هي: الفعاليات كانت تقليدية ومكررة أما التذاكر فـ ليست رخيصة ولا غالية بل في المعقول. والمكان يعتبر جيد لقضاء بعض الوقت وبالنسبة للتنظيم فالإدارة و بمستوى مقبول,الفعاليات، التذاكر، المكان، التنظيم,"[0, 0, 0, 0]","['الفعاليات', 'التذاكر', 'المكان', 'التنظيم']"
Hotels,0.0,في زيارتي الأخيرة، مساحة الغرفة كانت متوسطة كما توقعنا. بوفيه الإفطار كان تقليدياً ويقدم أصنافاً معتادة. واجهنا بطء شديد ومماطلة من موظفي الاستقبال بالإضافة إلى ذلك، الموقع لا يتميز بشيء خاص ولكنه مناسب,الغرفة، الإفطار، الاستقبال، الموقع,"[0, 0, -1, 0]","['الغرفة', 'الإفطار', 'الاستقبال', 'الموقع']"
Hotels,0.0,الاستقبال كان مقبولا بشكل عام. والغرفة كانت عادية وتفي بالغرض بالإضافة إلى ذلك، موقع الفندق ممتاز جداً وإطلالته خرافية. والإفطار سيء جداً والخيارات محدودة,الاستقبال، الغرفة، الموقع، الإفطار,"[0, 0, 1, -1]","['الاستقبال', 'الغرفة', 'الموقع', 'الإفطار']"
Restaurants,1.0,التجربة بشكل عام كانت متفاوتة، الخدمة ممتازة واهتمام كبير بالزبائن بالإضافة إلى ذلك، طعم الأكل كان عادياً ولا يوجد فيه نكهة مميزة,الخدمة، الأكل,"[1, 0]","['الخدمة', 'الأكل']"
Hotels,0.0,قمت بتجربة هذا المكان وملاحظاتي هي: مساحة الغرفة كانت متوسطة كما توقعنا. موقع الفندق يعتبر متوسطا من حيث القرب للخدمات بالإضافة إلى ذلك، بالنسبة للإفطار فهو جيد نسبيا كأي فندق آخر. وواجهنا بطء شديد ومماطلة من موظفي الاستقبال,الغرفة، الموقع، الإفطار، الاستقبال,"[0, 0, 0, -1]","['الغرفة', 'الموقع', 'الإفطار', 'الاستقبال']"
Attractions,1.0,في زيارتي الأخيرة، الفعاليات كانت تقليدية ومكررة، كما أن أسعار التذاكر رخيصة جداً ومناسبة للجميع,الفعاليات، التذاكر,"[0, 1]","['الفعاليات', 'التذاكر']"
Restaurants,0.0,خلال عطلة نهاية الأسبوع ذهبنا إلى هناك، المطعم نظيف لحد معقول وبالنسبة للخدمة فـ في المطعم كانت روتينية,النظافة، الخدمة,"[0, 0]","['النظافة', 'الخدمة']"
Hotels,-1.0,خلال عطلة نهاية الأسبوع ذهبنا إلى هناك، أثاث الغرفة يبدو عادياً ليس حديثاً ولا قديماً جداً. موقع الفندق سيء ويصعب الوصول إليه,الغرفة، الموقع,"[0, -1]","['الغرفة', 'الموقع']"
Attractions,1.0,قمت بتجربة هذا المكان وملاحظاتي هي: التذاكر قيمتها ممتازة وتشمل خيارات كثيرة. الفعاليات كانت تقليدية ومكررة,التذاكر، الفعاليات,"[1, 0]","['التذاكر', 'الفعاليات']"
Hotels,0.0,التجربة بشكل عام كانت متفاوتة، الغرفة كانت عادية وتفي بالغرض وبالنسبة للموقع فـ لا يتميز بشيء خاص ولكنه مناسب,الغرفة، الموقع,"[0, 0]","['الغرفة', 'الموقع']"
Restaurants,0.0,قرأت تقييمات كثيرة وقررت التجربة، طعم الأكل كان عادياً ولا يوجد فيه نكهة مميزة بالإضافة إلى ذلك، الخدمة ممتازة واهتمام كبير بالزبائن. مستوى النظافة عادي ولا بأس به وبالنسبة للأسعار فالسعر كان عاديا وليس مبالغا فيه,الأكل، الخدمة، النظافة، الأسعار,"[0, 1, 0, 0]","['الأكل', 'الخدمة', 'النظافة', 'الأسعار']"
Restaurants,0.0,بصراحة، الخدمة في المطعم كانت روتينية في حين أن مستوى النظافة عادي ولا بأس به وبالنسبة للأكل فـ بالنسبة للأكل فهو بمستوى طبيعي,الخدمة، النظافة، الأكل,"[0, 0, 0]","['الخدمة', 'النظافة', 'الأكل']"
Restaurants,-1.0,التجربة بشكل عام كانت متفاوتة، تعامل الويترز كان عادياً أما النظافة فـ معدومة في هذا المطعم. المطعم غالي بشكل مبالغ فيه ولا يستحق بالإضافة إلى ذلك، الأكل مقبول لكنني تذوقت أفضل منه,الخدمة، النظافة، الأسعار، الأكل,"[0, -1, -1, 0]","['الخدمة', 'النظافة', 'الأسعار', 'الأكل']"
Hotels,0.0,قمت بتجربة هذا المكان وملاحظاتي هي: الاستقبال كان مقبولا بشكل عام أما الإفطار فـ وجبة كانت عادية ولم تكن مميزة,الاستقبال، الإفطار,"[0, 0]","['الاستقبال', 'الإفطار']"
Hotels,0.0,أثاث الغرفة يبدو عادياً ليس حديثاً ولا قديماً جداً في حين أن موظفو الاستقبال قاموا بعملهم بشكل روتيني أما الإفطار فـ بوفيه كان تقليدياً ويقدم أصنافاً معتادة وبالنسبة للموقع فـ موقع الفندق يعتبر متوسطا من حيث القرب للخدمات,الغرفة، الاستقبال، الإفطار، الموقع,"[0, 0, 0, 0]","['الغرفة', 'الاستقبال', 'الإفطار', 'الموقع']"
Hotels,1.0,التجربة بشكل عام كانت متفاوتة، بوفيه الإفطار مذهل ويحتوي على خيارات رائعة. وإجراءات الدخول في الاستقبال كانت طبيعية ولم تستغرق وقتا طويلا أو قصيرا,الإفطار، الاستقبال,"[1, 0]","['الإفطار', 'الاستقبال']"
Attractions,-1.0,أسعار التذاكر غالية جداً ومبالغ فيها. الوجهة كانت عادية ولم تبهرني كثيراً وبالنسبة للفعاليات فـ مقبولة وتمضية وقت ليس إلا,التذاكر، المكان، الفعاليات,"[-1, 0, 0]","['التذاكر', 'المكان', 'الفعاليات']"
Restaurants,0.0,بصراحة، لم يعجبني الأكل إطلاقاً وكان دون المستوى، كما أن الطاولات كانت نظيفة بشكل معتاد وبالنسبة للخدمة فـ سريعة جداً وطاقم العمل ودود بالإضافة إلى ذلك، بالنسبة للأسعار فهي مقبولة إلى حد ما,الأكل، النظافة، الخدمة، الأسعار,"[-1, 0, 1, 0]","['الأكل', 'النظافة', 'الخدمة', 'الأسعار']"
Restaurants,0.0,قرأت تقييمات كثيرة وقررت التجربة، أسعار المنيو تعتبر طبيعية مقارنة بالمطاعم الأخرى في حين أن الخدمة في المطعم كانت روتينية. ومستوى النظافة عادي ولا بأس به، كما أن كل الأطباق كانت مطبوخة باحترافية وطعمها خيال,الأسعار، الخدمة، النظافة، الأكل,"[0, 0, 0, 1]","['الأسعار', 'الخدمة', 'النظافة', 'الأكل']"
Attractions,0.0,التجربة بشكل عام كانت متفاوتة، الفعاليات كانت تقليدية ومكررة أما التذاكر فـ ليست رخيصة ولا غالية بل في المعقول أما التنظيم فـ لا بأس ب بشكل عام. وجهة سياحية رائعة وتستحق الزيارة تكراراً,الفعاليات، التذاكر، التنظيم، المكان,"[0, 0, 0, 1]","['الفعاليات', 'التذاكر', 'التنظيم', 'المكان']"
Hotels,0.0,قرأت تقييمات كثيرة وقررت التجربة، موظفو الاستقبال قاموا بعملهم بشكل روتيني في حين أن الموقع لا يتميز بشيء خاص ولكنه مناسب,الاستقبال، الموقع,"[0, 0]","['الاستقبال', 'الموقع']"
Attractions,0.0,قمت بتجربة هذا المكان وملاحظاتي هي: قيمة التذكرة عادية وبالنسبة للتنظيم فالإدارة و بمستوى مقبول. وبشكل عام المكان طبيعي كأي حديقة أخرى,التذاكر، التنظيم، المكان,"[0, 0, 0]","['التذاكر', 'التنظيم', 'المكان']"
Restaurants,1.0,بصراحة، الأكل كان لذيذاً جداً وأنصح به بشدة. بالنسبة للأسعار فهي مقبولة إلى حد ما,الأكل، الأسعار,"[1, 0]","['الأكل', 'الأسعار']"
Restaurants,0.0,التجربة بشكل عام كانت متفاوتة، الطلبات كانت متوسطة المستوى ولا بأس بها أما النظافة فالمطعم نظيف لحد معقول. قيمة رائعة مقابل المال والأسعار جداً معقولة. وسرعة الخدمة كانت في المعدل الطبيعي والمقبول,الأكل، النظافة، الأسعار، الخدمة,"[0, 0, 1, 0]","['الأكل', 'النظافة', 'الأسعار', 'الخدمة']"
Hotels,0.0,الموقع استراتيجي وقريب من كل الفعاليات. وإجراءات الدخول في الاستقبال كانت طبيعية ولم تستغرق وقتا طويلا أو قصيرا وبالنسبة للغرفة فـ كانت عادية وتفي بالغرض بالإضافة إلى ذلك، وجبة الإفطار كانت عادية ولم تكن مميزة,الموقع، الاستقبال، الغرفة، الإفطار,"[1, 0, 0, 0]","['الموقع', 'الاستقبال', 'الغرفة', 'الإفطار']"
Restaurants,0.0,خلال عطلة نهاية الأسبوع ذهبنا إلى هناك، الأسعار كانت متوسطة ومناسبة لجودة المكان وبالنسبة للأكل فـ بالنسبة للأكل فهو بمستوى طبيعي,الأسعار، الأكل,"[0, 0]","['الأسعار', 'الأكل']"
Hotels,0.0,التجربة بشكل عام كانت متفاوتة، بالنسبة للغرفة فهي بمستوى طبيعي ولا بأس بها. طاقم الاستقبال كان عادياً في التعامل,الغرفة، الاستقبال,"[0, 0]","['الغرفة', 'الاستقبال']"
Hotels,0.0,في زيارتي الأخيرة، بالنسبة للإفطار فهو جيد نسبيا كأي فندق آخر بالإضافة إلى ذلك، بالنسبة للغرفة فهي بمستوى طبيعي ولا بأس بها أما الاستقبال فـ موظفو قاموا بعملهم بشكل روتيني. وموقع المكان عادي ويمكن الوصول إليه بسهولة,الإفطار، الغرفة، الاستقبال، الموقع,"[0, 0, 0, 0]","['الإفطار', 'الغرفة', 'الاستقبال', 'الموقع']"
Restaurants,0.0,في زيارتي الأخيرة، المطعم نظيف لحد معقول بالإضافة إلى ذلك، طعم الأكل كان عادياً ولا يوجد فيه نكهة مميزة,النظافة، الأكل,"[0, 0]","['النظافة', 'الأكل']"
Hotels,-1.0,قرأت تقييمات كثيرة وقررت التجربة، واجهنا بطء شديد ومماطلة من موظفي الاستقبال. ووجبة الإفطار كانت عادية ولم تكن مميزة وبالنسبة للغرفة فـ مساحة كانت متوسطة كما توقعنا,الاستقبال، الإفطار، الغرفة,"[-1, 0, 0]","['الاستقبال', 'الإفطار', 'الغرفة']"
Attractions,0.0,التجربة بشكل عام كانت متفاوتة، التنظيم داخل المرفق كان عاديا. الأنشطة الموجودة لا بأس بها للأطفال,التنظيم، الفعاليات,"[0, 0]","['التنظيم', 'الفعاليات']"
Attractions,0.0,في زيارتي الأخيرة، أسعار الدخول طبيعية مقارنة بالفعاليات. والوجهة كانت عادية ولم تبهرني كثيراً,التذاكر، المكان,"[0, 0]","['التذاكر', 'المكان']"
Restaurants,-1.0,بصراحة، الأسعار مبالغ فيها وغالية جداً. وسرعة الخدمة كانت في المعدل الطبيعي والمقبول,الأسعار، الخدمة,"[-1, 0]","['الأسعار', 'الخدمة']"
Hotels,-1.0,خلال عطلة نهاية الأسبوع ذهبنا إلى هناك، الغرفة كانت عادية وتفي بالغرض. موقع الفندق سيء ويصعب الوصول إليه بالإضافة إلى ذلك، الإفطار كان مقبولاً لكنه يفتقر للتنوع,الغرفة، الموقع، الإفطار,"[0, -1, 0]","['الغرفة', 'الموقع', 'الإفطار']"
Hotels,1.0,قرأت تقييمات كثيرة وقررت التجربة، موقع الفندق ممتاز جداً وإطلالته خرافية، كما أن الإفطار كان مقبولاً لكنه يفتقر للتنوع، كما أن الغرفة كانت عادية وتفي بالغرض,الموقع، الإفطار، الغرفة,"[1, 0, 0]","['الموقع', 'الإفطار', 'الغرفة']"
Attractions,-1.0,قمت بتجربة هذا المكان وملاحظاتي هي: أسعار الدخول طبيعية مقارنة بالفعاليات أما الفعاليات فـ لا توجد فعاليات تذكر والأنشطة سيئة,التذاكر، الفعاليات,"[0, -1]","['التذاكر', 'الفعاليات']"
Attractions,1.0,خلال عطلة نهاية الأسبوع ذهبنا إلى هناك، الفعاليات كانت تقليدية ومكررة. الوجهة كانت عادية ولم تبهرني كثيراً بالإضافة إلى ذلك، التذاكر قيمتها ممتازة وتشمل خيارات كثيرة. والتنظيم رائع جداً وسلس للغاية,الفعاليات، المكان، التذاكر، التنظيم,"[0, 0, 1, 1]","['الفعاليات', 'المكان', 'التذاكر', 'التنظيم']"
Hotels,0.0,إجراءات الدخول في الاستقبال كانت طبيعية ولم تستغرق وقتا طويلا أو قصيرا. بالنسبة للغرفة فهي بمستوى طبيعي ولا بأس بها أما الإفطار فـ كان مقبولاً لكنه يفتقر للتنوع,الاستقبال، الغرفة، الإفطار,"[0, 0, 0]","['الاستقبال', 'الغرفة', 'الإفطار']"
Restaurants,0.0,قرأت تقييمات كثيرة وقررت التجربة، الخدمة في المطعم كانت روتينية. والطلبات كانت متوسطة المستوى ولا بأس بها، كما أن المطعم نظيف لحد معقول,الخدمة، الأكل، النظافة,"[0, 0, 0]","['الخدمة', 'الأكل', 'النظافة']"
Hotels,-1.0,قمت بتجربة هذا المكان وملاحظاتي هي: موقع الفندق سيء ويصعب الوصول إليه في حين أن جودة الطعام في الإفطار كانت ضعيفة جداً,الموقع، الإفطار,"[-1, -1]","['الموقع', 'الإفطار']"
Attractions,1.0,قمت بتجربة هذا المكان وملاحظاتي هي: التنظيم رائع جداً وسلس للغاية. الفعاليات كانت تقليدية ومكررة أما المكان فـ مساحة وتصميمه مقبول ولا بأس به,التنظيم، الفعاليات، المكان,"[1, 0, 0]","['التنظيم', 'الفعاليات', 'المكان']"
Attractions,0.0,خلال عطلة نهاية الأسبوع ذهبنا إلى هناك، لا توجد فعاليات تذكر والأنشطة سيئة وبالنسبة للمكان فـ يعتبر جيد لقضاء بعض الوقت بالإضافة إلى ذلك، فوضى عارمة وسوء تنظيم واضح. وأسعار التذاكر رخيصة جداً ومناسبة للجميع,الفعاليات، المكان، التنظيم، التذاكر,"[-1, 0, -1, 1]","['الفعاليات', 'المكان', 'التنظيم', 'التذاكر']"
Restaurants,0.0,خلال عطلة نهاية الأسبوع ذهبنا إلى هناك، نظافة المكان بشكل عام كانت مقبولة وبالنسبة للأكل فالطلبات كانت متوسطة المستوى ولا بأس بها أما الأسعار فـ بالنسبة للأسعار فهي مقبولة إلى حد ما,النظافة، الأكل، الأسعار,"[0, 0, 0]","['النظافة', 'الأكل', 'الأسعار']"
Restaurants,0.0,قرأت تقييمات كثيرة وقررت التجربة، مستوى النظافة عادي ولا بأس به. سرعة الخدمة كانت في المعدل الطبيعي والمقبول وبالنسبة للأسعار فـ كانت متوسطة ومناسبة لجودة المكان,النظافة، الخدمة، الأسعار,"[0, 0, 0]","['النظافة', 'الخدمة', 'الأسعار']"
Hotels,1.0,بصراحة، موقع المكان عادي ويمكن الوصول إليه بسهولة أما الاستقبال فـ موظفو قاموا بعملهم بشكل روتيني. والإفطار كان لذيذاً ومتنوعاً جداً,الموقع، الاستقبال، الإفطار,"[0, 0, 1]","['الموقع', 'الاستقبال', 'الإفطار']"
Hotels,0.0,خلال عطلة نهاية الأسبوع ذهبنا إلى هناك، الموقع مقبول ولا بأس به مقارنة بالسعر في حين أن مساحة الغرفة كانت متوسطة كما توقعنا في حين أن الإفطار كان مقبولاً لكنه يفتقر للتنوع,الموقع، الغرفة، الإفطار,"[0, 0, 0]","['الموقع', 'الغرفة', 'الإفطار']"
Attractions,0.0,قمت بتجربة هذا المكان وملاحظاتي هي: الأنشطة الموجودة لا بأس بها للأطفال بالإضافة إلى ذلك، سعر التذاكر كان متوسطا ومقبولا,الفعاليات، التذاكر,"[0, 0]","['الفعاليات', 'التذاكر']"
Hotels,1.0,بصراحة، موظفو الاستقبال في قمة الرقي والتعاون وبالنسبة للموقع فـ موقع الفندق ممتاز جداً وإطلالته خرافية,الاستقبال، الموقع,"[1, 1]","['الاستقبال', 'الموقع']"
Hotels,0.0,قرأت تقييمات كثيرة وقررت التجربة، إجراءات الدخول في الاستقبال كانت طبيعية ولم تستغرق وقتا طويلا أو قصيرا بالإضافة إلى ذلك، وجبة الإفطار كانت عادية ولم تكن مميزة في حين أن موقع المكان عادي ويمكن الوصول إليه بسهولة بالإضافة إلى ذلك، الغرفة واسعة ومريحة بشكل استثنائي,الاستقبال، الإفطار، الموقع، الغرفة,"[0, 0, 0, 1]","['الاستقبال', 'الإفطار', 'الموقع', 'الغرفة']"
Restaurants,-1.0,قمت بتجربة هذا المكان وملاحظاتي هي: الأكل كان بارداً وطعمه سيء جداً في حين أن المطعم نظيف لحد معقول، كما أن بالنسبة للأسعار فهي مقبولة إلى حد ما,الأكل، النظافة، الأسعار,"[-1, 0, 0]","['الأكل', 'النظافة', 'الأسعار']"
Restaurants,0.0,التجربة بشكل عام كانت متفاوتة، السعر كان عاديا وليس مبالغا فيه. والطاولات كانت نظيفة بشكل معتاد. مستوى الخدمة لا بأس به,الأسعار، النظافة، الخدمة,"[0, 0, 0]","['الأسعار', 'النظافة', 'الخدمة']"
Hotels,0.0,بصراحة، موقع المكان عادي ويمكن الوصول إليه بسهولة بالإضافة إلى ذلك، واجهنا بطء شديد ومماطلة من موظفي الاستقبال في حين أن بالنسبة للغرفة فهي بمستوى طبيعي ولا بأس بها. وبالنسبة للإفطار فهو جيد نسبيا كأي فندق آخر,الموقع، الاستقبال، الغرفة، الإفطار,"[0, -1, 0, 0]","['الموقع', 'الاستقبال', 'الغرفة', 'الإفطار']"
Attractions,0.0,لا أنصح بزيارة المكان فهو سيء للغاية، كما أن قيمة التذكرة عادية وبالنسبة للتنظيم فـ مرتبين جداً و احترافي أما الفعاليات فالأنشطة الموجودة لا بأس بها للأطفال,المكان، التذاكر، التنظيم، الفعاليات,"[-1, 0, 1, 0]","['المكان', 'التذاكر', 'التنظيم', 'الفعاليات']"
Hotels,1.0,بصراحة، أثاث الغرفة يبدو عادياً ليس حديثاً ولا قديماً جداً أما الإفطار فـ بوفيه مذهل ويحتوي على خيارات رائعة,الغرفة، الإفطار,"[0, 1]","['الغرفة', 'الإفطار']"
Hotels,0.0,قرأت تقييمات كثيرة وقررت التجربة، أثاث الغرفة يبدو عادياً ليس حديثاً ولا قديماً جداً وبالنسبة للإفطار فـ وجبة كانت عادية ولم تكن مميزة,الغرفة، الإفطار,"[0, 0]","['الغرفة', 'الإفطار']"
Hotels,-1.0,خلال عطلة نهاية الأسبوع ذهبنا إلى هناك، جودة الطعام في الإفطار كانت ضعيفة جداً بالإضافة إلى ذلك، إجراءات الدخول في الاستقبال كانت طبيعية ولم تستغرق وقتا طويلا أو قصيرا,الإفطار، الاستقبال,"[-1, 0]","['الإفطار', 'الاستقبال']"
Restaurants,0.0,بصراحة، أسعار المنيو تعتبر طبيعية مقارنة بالمطاعم الأخرى. سرعة الخدمة كانت في المعدل الطبيعي والمقبول,الأسعار، الخدمة,"[0, 0]","['الأسعار', 'الخدمة']"
Hotels,0.0,في زيارتي الأخيرة، بالنسبة للإفطار فهو جيد نسبيا كأي فندق آخر. الموقع لا يتميز بشيء خاص ولكنه مناسب وبالنسبة للغرفة فـ كانت عادية وتفي بالغرض,الإفطار، الموقع، الغرفة,"[0, 0, 0]","['الإفطار', 'الموقع', 'الغرفة']"
Hotels,0.0,بصراحة، وجبة الإفطار كانت عادية ولم تكن مميزة أما الموقع فـ موقع المكان عادي ويمكن الوصول إليه بسهولة وبالنسبة للاستقبال فـ طاقم كان عادياً في التعامل,الإفطار، الموقع، الاستقبال,"[0, 0, 0]","['الإفطار', 'الموقع', 'الاستقبال']"
Hotels,0.0,قمت بتجربة هذا المكان وملاحظاتي هي: مساحة الغرفة كانت متوسطة كما توقعنا. والموقع مقبول ولا بأس به مقارنة بالسعر وبالنسبة للإفطار فـ وجبة كانت عادية ولم تكن مميزة. الاستقبال كان مقبولا بشكل عام,الغرفة، الموقع، الإفطار، الاستقبال,"[0, 0, 0, 0]","['الغرفة', 'الموقع', 'الإفطار', 'الاستقبال']"
Restaurants,0.0,التجربة بشكل عام كانت متفاوتة، النظافة معدومة في هذا المطعم وبالنسبة للأكل فـ كل الأطباق كانت مطبوخة باحترافية وطعمها خيال، كما أن الأسعار كانت متوسطة ومناسبة لجودة المكان وبالنسبة للخدمة فـ سرعة كانت في المعدل الطبيعي والمقبول,النظافة، الأكل، الأسعار، الخدمة,"[-1, 1, 0, 0]","['النظافة', 'الأكل', 'الأسعار', 'الخدمة']"
Hotels,-1.0,بصراحة، مساحة الغرفة كانت متوسطة كما توقعنا أما الموقع فـ موقع الفندق سيء ويصعب الوصول إليه وبالنسبة للإفطار فـ سيء جداً والخيارات محدودة في حين أن الاستقبال كان مقبولا بشكل عام,الغرفة، الموقع، الإفطار، الاستقبال,"[0, -1, -1, 0]","['الغرفة', 'الموقع', 'الإفطار', 'الاستقبال']"
Attractions,0.0,قمت بتجربة هذا المكان وملاحظاتي هي: بشكل عام المكان طبيعي كأي حديقة أخرى في حين أن قيمة التذكرة عادية,المكان، التذاكر,"[0, 0]","['المكان', 'التذاكر']"
Hotels,-1.0,التجربة بشكل عام كانت متفاوتة، جودة الطعام في الإفطار كانت ضعيفة جداً. بالنسبة للغرفة فهي بمستوى طبيعي ولا بأس بها,الإفطار، الغرفة,"[-1, 0]","['الإفطار', 'الغرفة']"
Restaurants,0.0,الأكل كان لذيذاً جداً وأنصح به بشدة في حين أن نظافة المكان بشكل عام كانت مقبولة في حين أن الأسعار كانت متوسطة ومناسبة لجودة المكان، كما أن الخدمة في المطعم كانت روتينية,الأكل، النظافة، الأسعار، الخدمة,"[1, 0, 0, 0]","['الأكل', 'النظافة', 'الأسعار', 'الخدمة']"
Restaurants,-1.0,خلال عطلة نهاية الأسبوع ذهبنا إلى هناك، الأسعار كانت متوسطة ومناسبة لجودة المكان بالإضافة إلى ذلك، المكان متسخ والطاولات غير نظيفة,الأسعار، النظافة,"[0, -1]","['الأسعار', 'النظافة']"
Restaurants,-1.0,قمت بتجربة هذا المكان وملاحظاتي هي: أسعار المنيو تعتبر طبيعية مقارنة بالمطاعم الأخرى. أسوأ خدمة جربتها في حياتي,الأسعار، الخدمة,"[0, -1]","['الأسعار', 'الخدمة']"
Restaurants,0.0,قمت بتجربة هذا المكان وملاحظاتي هي: أسوأ خدمة جربتها في حياتي. والمكان يلمع من النظافة والاهتمام بالتفاصيل أما الأسعار فالمطعم غالي بشكل مبالغ فيه ولا يستحق بالإضافة إلى ذلك، طعم الأكل كان عادياً ولا يوجد فيه نكهة مميزة,الخدمة، النظافة، الأسعار، الأكل,"[-1, 1, -1, 0]","['الخدمة', 'النظافة', 'الأسعار', 'الأكل']"
Restaurants,0.0,المطعم نظيف لحد معقول، كما أن طعم الأكل كان عادياً ولا يوجد فيه نكهة مميزة بالإضافة إلى ذلك، الأسعار كانت متوسطة ومناسبة لجودة المكان,النظافة، الأكل، الأسعار,"[0, 0, 0]","['النظافة', 'الأكل', 'الأسعار']"
Attractions,-1.0,التجربة بشكل عام كانت متفاوتة، التنظيم داخل المرفق كان عاديا، كما أن التذكرة لا تستحق هذا السعر المرتفع إطلاقاً وبالنسبة للمكان فـ لا أنصح بزيارة فهو سيء للغاية,التنظيم، التذاكر، المكان,"[0, -1, -1]","['التنظيم', 'التذاكر', 'المكان']"
Attractions,0.0,قرأت تقييمات كثيرة وقررت التجربة، مساحة المكان وتصميمه مقبول ولا بأس به. التنظيم داخل المرفق كان عاديا. التذكرة لا تستحق هذا السعر المرتفع إطلاقاً في حين أن الفعاليات كانت تقليدية ومكررة,المكان، التنظيم، التذاكر، الفعاليات,"[0, 0, -1, 0]","['المكان', 'التنظيم', 'التذاكر', 'الفعاليات']"
Attractions,-1.0,التجربة بشكل عام كانت متفاوتة، الفعاليات مملة جداً ولا يوجد تجديد. وأسعار الدخول طبيعية مقارنة بالفعاليات. ترتيب الدخول كان يسير بشكل طبيعي,الفعاليات، التذاكر، التنظيم,"[-1, 0, 0]","['الفعاليات', 'التذاكر', 'التنظيم']"
Restaurants,0.0,خلال عطلة نهاية الأسبوع ذهبنا إلى هناك، الخدمة في المطعم كانت روتينية في حين أن مستوى النظافة عادي ولا بأس به,الخدمة، النظافة,"[0, 0]","['الخدمة', 'النظافة']"
Hotels,0.0,خلال عطلة نهاية الأسبوع ذهبنا إلى هناك، طاقم الاستقبال كان عادياً في التعامل وبالنسبة للموقع فـ موقع المكان عادي ويمكن الوصول إليه بسهولة بالإضافة إلى ذلك، بوفيه الإفطار كان تقليدياً ويقدم أصنافاً معتادة، كما أن بالنسبة للغرفة فهي بمستوى طبيعي ولا بأس بها,الاستقبال، الموقع، الإفطار، الغرفة,"[0, 0, 0, 0]","['الاستقبال', 'الموقع', 'الإفطار', 'الغرفة']"
Restaurants,0.0,بصراحة، الأسعار كانت متوسطة ومناسبة لجودة المكان أما الأكل فالطلبات كانت متوسطة المستوى ولا بأس بها. سرعة الخدمة كانت في المعدل الطبيعي والمقبول,الأسعار، الأكل، الخدمة,"[0, 0, 0]","['الأسعار', 'الأكل', 'الخدمة']"
Restaurants,0.0,المطعم نظيف لحد معقول في حين أن الأسعار ممتازة ورخيصة مقارنة بالكمية. ولم يعجبني الأكل إطلاقاً وكان دون المستوى. والخدمة ممتازة واهتمام كبير بالزبائن,النظافة، الأسعار، الأكل، الخدمة,"[0, 1, -1, 1]","['النظافة', 'الأسعار', 'الأكل', 'الخدمة']"
Hotels,0.0,في زيارتي الأخيرة، موقع الفندق ممتاز جداً وإطلالته خرافية. وبوفيه الإفطار كان تقليدياً ويقدم أصنافاً معتادة. للأسف الغرفة كانت سيئة وغير نظيفة على الإطلاق في حين أن الاستقبال كان مقبولا بشكل عام,الموقع، الإفطار، الغرفة، الاستقبال,"[1, 0, -1, 0]","['الموقع', 'الإفطار', 'الغرفة', 'الاستقبال']"
Attractions,-1.0,قرأت تقييمات كثيرة وقررت التجربة، الفعاليات مملة جداً ولا يوجد تجديد بالإضافة إلى ذلك، أسعار التذاكر غالية جداً ومبالغ فيها,الفعاليات، التذاكر,"[-1, -1]","['الفعاليات', 'التذاكر']"
Attractions,0.0,التجربة بشكل عام كانت متفاوتة، التنظيم داخل المرفق كان عاديا. والوجهة كانت عادية ولم تبهرني كثيراً وبالنسبة للتذاكر فـ أسعار الدخول طبيعية مقارنة بالفعاليات,التنظيم، المكان، التذاكر,"[0, 0, 0]","['التنظيم', 'المكان', 'التذاكر']"
Attractions,0.0,قمت بتجربة هذا المكان وملاحظاتي هي: أسعار الدخول طبيعية مقارنة بالفعاليات أما التنظيم فالإدارة و بمستوى مقبول وبالنسبة للمكان فالوجهة كانت عادية ولم تبهرني كثيراً. والفعاليات مقبولة وتمضية وقت ليس إلا,التذاكر، التنظيم، المكان، الفعاليات,"[0, 0, 0, 0]","['التذاكر', 'التنظيم', 'المكان', 'الفعاليات']"
Hotels,-1.0,التجربة بشكل عام كانت متفاوتة، للأسف الغرفة كانت سيئة وغير نظيفة على الإطلاق، كما أن طاقم الاستقبال كان عادياً في التعامل وبالنسبة للإفطار فـ كان مقبولاً لكنه يفتقر للتنوع,الغرفة، الاستقبال، الإفطار,"[-1, 0, 0]","['الغرفة', 'الاستقبال', 'الإفطار']"
Attractions,-1.0,في زيارتي الأخيرة، أسعار التذاكر غالية جداً ومبالغ فيها وبالنسبة للمكان فـ مساحة وتصميمه مقبول ولا بأس به,التذاكر، المكان,"[-1, 0]","['التذاكر', 'المكان']"
Restaurants,-1.0,خلال عطلة نهاية الأسبوع ذهبنا إلى هناك، المطعم غالي بشكل مبالغ فيه ولا يستحق بالإضافة إلى ذلك، بالنسبة للأكل فهو بمستوى طبيعي,الأسعار، الأكل,"[-1, 0]","['الأسعار', 'الأكل']"
Restaurants,0.0,التجربة بشكل عام كانت متفاوتة، بالنسبة للأسعار فهي مقبولة إلى حد ما. تعامل الويترز كان عادياً بالإضافة إلى ذلك، كل الأطباق كانت مطبوخة باحترافية وطعمها خيال في حين أن مستوى النظافة عادي ولا بأس به,الأسعار، الخدمة، الأكل، النظافة,"[0, 0, 1, 0]","['الأسعار', 'الخدمة', 'الأكل', 'النظافة']"
Attractions,0.0,في زيارتي الأخيرة، الوجهة كانت عادية ولم تبهرني كثيراً أما الفعاليات فـ كانت تقليدية ومكررة. أسعار الدخول طبيعية مقارنة بالفعاليات,المكان، الفعاليات، التذاكر,"[0, 0, 0]","['المكان', 'الفعاليات', 'التذاكر']"
Hotels,-1.0,خلال عطلة نهاية الأسبوع ذهبنا إلى هناك، الموقع لا يتميز بشيء خاص ولكنه مناسب، كما أن جودة الطعام في الإفطار كانت ضعيفة جداً,الموقع، الإفطار,"[0, -1]","['الموقع', 'الإفطار']"
Hotels,0.0,التجربة بشكل عام كانت متفاوتة، الاستقبال كان مقبولا بشكل عام، كما أن بوفيه الإفطار كان تقليدياً ويقدم أصنافاً معتادة,الاستقبال، الإفطار,"[0, 0]","['الاستقبال', 'الإفطار']"
Attractions,0.0,التذاكر ليست رخيصة ولا غالية بل في المعقول. ومساحة المكان وتصميمه مقبول ولا بأس به,التذاكر، المكان,"[0, 0]","['التذاكر', 'المكان']"
Restaurants,1.0,خلال عطلة نهاية الأسبوع ذهبنا إلى هناك، الخدمة سريعة جداً وطاقم العمل ودود في حين أن طعم الأكل كان عادياً ولا يوجد فيه نكهة مميزة أما النظافة فـ مستوى عادي ولا بأس به,الخدمة، الأكل، النظافة,"[1, 0, 0]","['الخدمة', 'الأكل', 'النظافة']"
Attractions,0.0,التجربة بشكل عام كانت متفاوتة، الوجهة كانت عادية ولم تبهرني كثيراً أما الفعاليات فـ مقبولة وتمضية وقت ليس إلا,المكان، الفعاليات,"[0, 0]","['المكان', 'الفعاليات']"
Attractions,-1.0,خلال عطلة نهاية الأسبوع ذهبنا إلى هناك، التذاكر ليست رخيصة ولا غالية بل في المعقول. الفعاليات مقبولة وتمضية وقت ليس إلا وبالنسبة للمكان فـ كئيب وممل جداً بالإضافة إلى ذلك، التنظيم سيء جداً وهناك عشوائية في المكان,التذاكر، الفعاليات، المكان، التنظيم,"[0, 0, -1, -1]","['التذاكر', 'الفعاليات', 'المكان', 'التنظيم']"
Restaurants,-1.0,المطعم نظيف لحد معقول، كما أن مستوى الخدمة لا بأس به في حين أن لم يعجبني الأكل إطلاقاً وكان دون المستوى,النظافة، الخدمة، الأكل,"[0, 0, -1]","['النظافة', 'الخدمة', 'الأكل']"
Restaurants,0.0,نظافة المكان بشكل عام كانت مقبولة. الأسعار كانت متوسطة ومناسبة لجودة المكان بالإضافة إلى ذلك، تعامل الويترز كان عادياً,النظافة، الأسعار، الخدمة,"[0, 0, 0]","['النظافة', 'الأسعار', 'الخدمة']"
Hotels,0.0,خلال عطلة نهاية الأسبوع ذهبنا إلى هناك، بوفيه الإفطار كان تقليدياً ويقدم أصنافاً معتادة. الاستقبال كان مقبولا بشكل عام,الإفطار، الاستقبال,"[0, 0]","['الإفطار', 'الاستقبال']"
Restaurants,0.0,قرأت تقييمات كثيرة وقررت التجربة، طعم الأكل كان عادياً ولا يوجد فيه نكهة مميزة بالإضافة إلى ذلك، أسعار المنيو تعتبر طبيعية مقارنة بالمطاعم الأخرى,الأكل، الأسعار,"[0, 0]","['الأكل', 'الأسعار']"
Hotels,0.0,قمت بتجربة هذا المكان وملاحظاتي هي: الموقع مقبول ولا بأس به مقارنة بالسعر بالإضافة إلى ذلك، الغرفة كانت عادية وتفي بالغرض. وطاقم الاستقبال كان عادياً في التعامل,الموقع، الغرفة، الاستقبال,"[0, 0, 0]","['الموقع', 'الغرفة', 'الاستقبال']"
Hotels,0.0,قرأت تقييمات كثيرة وقررت التجربة، بوفيه الإفطار كان تقليدياً ويقدم أصنافاً معتادة وبالنسبة للغرفة فـ مساحة كانت متوسطة كما توقعنا,الإفطار، الغرفة,"[0, 0]","['الإفطار', 'الغرفة']"
Hotels,0.0,قرأت تقييمات كثيرة وقررت التجربة، موقع الفندق يعتبر متوسطا من حيث القرب للخدمات، كما أن الغرفة كانت عادية وتفي بالغرض. الإفطار كان مقبولاً لكنه يفتقر للتنوع,الموقع، الغرفة، الإفطار,"[0, 0, 0]","['الموقع', 'الغرفة', 'الإفطار']"
Restaurants,-1.0,في زيارتي الأخيرة، لم يعجبني الأكل إطلاقاً وكان دون المستوى. ومستوى الخدمة لا بأس به,الأكل، الخدمة,"[-1, 0]","['الأكل', 'الخدمة']"
Attractions,1.0,بصراحة، أسعار التذاكر رخيصة جداً ومناسبة للجميع وبالنسبة للتنظيم فـ لا بأس ب بشكل عام، كما أن الأنشطة الموجودة لا بأس بها للأطفال,التذاكر، التنظيم، الفعاليات,"[1, 0, 0]","['التذاكر', 'التنظيم', 'الفعاليات']"
Restaurants,-1.0,خلال عطلة نهاية الأسبوع ذهبنا إلى هناك، نظافة المكان بشكل عام كانت مقبولة وبالنسبة للأسعار فـ مبالغ فيها وغالية جداً. والطلبات كانت متوسطة المستوى ولا بأس بها,النظافة، الأسعار، الأكل,"[0, -1, 0]","['النظافة', 'الأسعار', 'الأكل']"
Hotels,0.0,قرأت تقييمات كثيرة وقررت التجربة، بوفيه الإفطار كان تقليدياً ويقدم أصنافاً معتادة بالإضافة إلى ذلك، إجراءات الدخول في الاستقبال كانت طبيعية ولم تستغرق وقتا طويلا أو قصيرا. أثاث الغرفة يبدو عادياً ليس حديثاً ولا قديماً جداً,الإفطار، الاستقبال، الغرفة,"[0, 0, 0]","['الإفطار', 'الاستقبال', 'الغرفة']"
Hotels,0.0,في زيارتي الأخيرة، موظفو الاستقبال قاموا بعملهم بشكل روتيني بالإضافة إلى ذلك، موقع المكان عادي ويمكن الوصول إليه بسهولة وبالنسبة للإفطار فـ بالنسبة للإفطار فهو جيد نسبيا كأي فندق آخر، كما أن مساحة الغرفة كانت متوسطة كما توقعنا,الاستقبال، الموقع، الإفطار، الغرفة,"[0, 0, 0, 0]","['الاستقبال', 'الموقع', 'الإفطار', 'الغرفة']"
Restaurants,0.0,قرأت تقييمات كثيرة وقررت التجربة، الطاولات كانت نظيفة بشكل معتاد بالإضافة إلى ذلك، مستوى الخدمة لا بأس به وبالنسبة للأسعار فـ مبالغ فيها وغالية جداً في حين أن الأكل مقبول لكنني تذوقت أفضل منه,النظافة، الخدمة، الأسعار، الأكل,"[0, 0, -1, 0]","['النظافة', 'الخدمة', 'الأسعار', 'الأكل']"
Hotels,-1.0,قرأت تقييمات كثيرة وقررت التجربة، للأسف الغرفة كانت سيئة وغير نظيفة على الإطلاق، كما أن موقع الفندق سيء ويصعب الوصول إليه,الغرفة، الموقع,"[-1, -1]","['الغرفة', 'الموقع']"
Attractions,0.0,بصراحة، لا توجد فعاليات تذكر والأنشطة سيئة. ومساحة المكان وتصميمه مقبول ولا بأس به أما التذاكر فـ أسعار الدخول طبيعية مقارنة بالفعاليات. لا بأس بالتنظيم بشكل عام,الفعاليات، المكان، التذاكر، التنظيم,"[-1, 0, 0, 0]","['الفعاليات', 'المكان', 'التذاكر', 'التنظيم']"
Restaurants,0.0,قرأت تقييمات كثيرة وقررت التجربة، النظافة معدومة في هذا المطعم. والأسعار ممتازة ورخيصة مقارنة بالكمية وبالنسبة للخدمة فـ بطيئة للغاية والعمال غير مهتمين أما الأكل فـ كل الأطباق كانت مطبوخة باحترافية وطعمها خيال,النظافة، الأسعار، الخدمة، الأكل,"[-1, 1, -1, 1]","['النظافة', 'الأسعار', 'الخدمة', 'الأكل']"
Attractions,0.0,بصراحة، الفعاليات مقبولة وتمضية وقت ليس إلا، كما أن قيمة التذكرة عادية أما التنظيم فـ ترتيب الدخول كان يسير بشكل طبيعي بالإضافة إلى ذلك، بشكل عام المكان طبيعي كأي حديقة أخرى,الفعاليات، التذاكر، التنظيم، المكان,"[0, 0, 0, 0]","['الفعاليات', 'التذاكر', 'التنظيم', 'المكان']"
Attractions,0.0,في زيارتي الأخيرة، التنظيم داخل المرفق كان عاديا. مساحة المكان وتصميمه مقبول ولا بأس به,التنظيم، المكان,"[0, 0]","['التنظيم', 'المكان']"
Attractions,-1.0,فوضى عارمة وسوء تنظيم واضح وبالنسبة للمكان فـ كئيب وممل جداً وبالنسبة للفعاليات فالأنشطة و ممتعة جداً ومليئة بالحماس,التنظيم، المكان، الفعاليات,"[-1, -1, 1]","['التنظيم', 'المكان', 'الفعاليات']"
Attractions,0.0,بصراحة، الفعاليات مملة جداً ولا يوجد تجديد، كما أن المكان يعتبر جيد لقضاء بعض الوقت، كما أن أسعار الدخول طبيعية مقارنة بالفعاليات في حين أن الإدارة والتنظيم بمستوى مقبول,الفعاليات، المكان، التذاكر، التنظيم,"[-1, 0, 0, 0]","['الفعاليات', 'المكان', 'التذاكر', 'التنظيم']"
Restaurants,-1.0,التجربة بشكل عام كانت متفاوتة، النظافة معدومة في هذا المطعم. ومستوى الخدمة لا بأس به. المطعم غالي بشكل مبالغ فيه ولا يستحق، كما أن الطلبات كانت متوسطة المستوى ولا بأس بها,النظافة، الخدمة، الأسعار، الأكل,"[-1, 0, -1, 0]","['النظافة', 'الخدمة', 'الأسعار', 'الأكل']"
Restaurants,1.0,قمت بتجربة هذا المكان وملاحظاتي هي: الأكل مقبول لكنني تذوقت أفضل منه. مستوى النظافة عادي ولا بأس به وبالنسبة للأسعار فـ قيمة رائعة مقابل المال و جداً معقولة,الأكل، النظافة، الأسعار,"[0, 0, 1]","['الأكل', 'النظافة', 'الأسعار']"
Restaurants,0.0,المطعم نظيف لحد معقول. طعم الأكل كان عادياً ولا يوجد فيه نكهة مميزة وبالنسبة للأسعار فالسعر كان عاديا وليس مبالغا فيه، كما أن الخدمة في المطعم كانت روتينية,النظافة، الأكل، الأسعار، الخدمة,"[0, 0, 0, 0]","['النظافة', 'الأكل', 'الأسعار', 'الخدمة']"
Restaurants,-1.0,المطعم غالي بشكل مبالغ فيه ولا يستحق بالإضافة إلى ذلك، سرعة الخدمة كانت في المعدل الطبيعي والمقبول,الأسعار، الخدمة,"[-1, 0]","['الأسعار', 'الخدمة']"
Attractions,1.0,بصراحة، التذاكر ليست رخيصة ولا غالية بل في المعقول في حين أن الفعاليات مقبولة وتمضية وقت ليس إلا، كما أن المكان ساحر وجميل جداً للتصوير,التذاكر، الفعاليات، المكان,"[0, 0, 1]","['التذاكر', 'الفعاليات', 'المكان']"
Hotels,0.0,قمت بتجربة هذا المكان وملاحظاتي هي: الغرفة كانت عادية وتفي بالغرض. والإفطار كان مقبولاً لكنه يفتقر للتنوع,الغرفة، الإفطار,"[0, 0]","['الغرفة', 'الإفطار']"
Hotels,1.0,بصراحة، بوفيه الإفطار مذهل ويحتوي على خيارات رائعة. أعجبتني الغرفة بنظافتها الفائقة وتصميمها الرائع,الإفطار، الغرفة,"[1, 1]","['الإفطار', 'الغرفة']"
Restaurants,1.0,التجربة بشكل عام كانت متفاوتة، الخدمة سريعة جداً وطاقم العمل ودود في حين أن نظافة المكان بشكل عام كانت مقبولة في حين أن الأسعار ممتازة ورخيصة مقارنة بالكمية. بالنسبة للأكل فهو بمستوى طبيعي,الخدمة، النظافة، الأسعار، الأكل,"[1, 0, 1, 0]","['الخدمة', 'النظافة', 'الأسعار', 'الأكل']"
Hotels,1.0,بصراحة، موظفو الاستقبال في قمة الرقي والتعاون بالإضافة إلى ذلك، الموقع مقبول ولا بأس به مقارنة بالسعر,الاستقبال، الموقع,"[1, 0]","['الاستقبال', 'الموقع']"
Attractions,0.0,قرأت تقييمات كثيرة وقررت التجربة، الوجهة كانت عادية ولم تبهرني كثيراً. وقيمة التذكرة عادية في حين أن الفعاليات كانت تقليدية ومكررة,المكان، التذاكر، الفعاليات,"[0, 0, 0]","['المكان', 'التذاكر', 'الفعاليات']"
Attractions,-1.0,قمت بتجربة هذا المكان وملاحظاتي هي: لا توجد فعاليات تذكر والأنشطة سيئة، كما أن الوجهة كانت عادية ولم تبهرني كثيراً في حين أن قيمة التذكرة عادية,الفعاليات، المكان، التذاكر,"[-1, 0, 0]","['الفعاليات', 'المكان', 'التذاكر']"
Restaurants,0.0,الأسعار كانت متوسطة ومناسبة لجودة المكان. بالنسبة للأكل فهو بمستوى طبيعي. والطاولات كانت نظيفة بشكل معتاد في حين أن مستوى الخدمة لا بأس به,الأسعار، الأكل، النظافة، الخدمة,"[0, 0, 0, 0]","['الأسعار', 'الأكل', 'النظافة', 'الخدمة']"
Attractions,1.0,التجربة بشكل عام كانت متفاوتة، وجهة سياحية رائعة وتستحق الزيارة تكراراً. فوضى عارمة وسوء تنظيم واضح بالإضافة إلى ذلك، التذاكر قيمتها ممتازة وتشمل خيارات كثيرة,المكان، التنظيم، التذاكر,"[1, -1, 1]","['المكان', 'التنظيم', 'التذاكر']"
Hotels,1.0,خلال عطلة نهاية الأسبوع ذهبنا إلى هناك، ترحيب حار جداً من طاقم الاستقبال. موقع الفندق ممتاز جداً وإطلالته خرافية بالإضافة إلى ذلك، الغرفة كانت عادية وتفي بالغرض، كما أن الإفطار كان لذيذاً ومتنوعاً جداً,الاستقبال، الموقع، الغرفة، الإفطار,"[1, 1, 0, 1]","['الاستقبال', 'الموقع', 'الغرفة', 'الإفطار']"
Hotels,1.0,بصراحة، الإفطار كان مقبولاً لكنه يفتقر للتنوع. أعجبتني الغرفة بنظافتها الفائقة وتصميمها الرائع,الإفطار، الغرفة,"[0, 1]","['الإفطار', 'الغرفة']"
Attractions,-1.0,قمت بتجربة هذا المكان وملاحظاتي هي: سعر التذاكر كان متوسطا ومقبولا. فوضى عارمة وسوء تنظيم واضح,التذاكر، التنظيم,"[0, -1]","['التذاكر', 'التنظيم']"
Attractions,0.0,قمت بتجربة هذا المكان وملاحظاتي هي: المكان يعتبر جيد لقضاء بعض الوقت، كما أن عروض رائعة ومتنوعة تناسب كل الأعمار في حين أن لا بأس بالتنظيم بشكل عام. أسعار التذاكر غالية جداً ومبالغ فيها,المكان، الفعاليات، التنظيم، التذاكر,"[0, 1, 0, -1]","['المكان', 'الفعاليات', 'التنظيم', 'التذاكر']"
Attractions,0.0,في زيارتي الأخيرة، التنظيم داخل المرفق كان عاديا، كما أن العروض المقدمة كانت في المستوى الطبيعي,التنظيم، الفعاليات,"[0, 0]","['التنظيم', 'الفعاليات']"
Hotels,-1.0,الموقع لا يتميز بشيء خاص ولكنه مناسب بالإضافة إلى ذلك، الإفطار سيء جداً والخيارات محدودة. وتعامل الاستقبال كان جافاً وغير احترافي,الموقع، الإفطار، الاستقبال,"[0, -1, -1]","['الموقع', 'الإفطار', 'الاستقبال']"
Attractions,-1.0,في زيارتي الأخيرة، الإدارة والتنظيم بمستوى مقبول بالإضافة إلى ذلك، الفعاليات مملة جداً ولا يوجد تجديد,التنظيم، الفعاليات,"[0, -1]","['التنظيم', 'الفعاليات']"
Attractions,1.0,بصراحة، أسعار الدخول طبيعية مقارنة بالفعاليات في حين أن عروض رائعة ومتنوعة تناسب كل الأعمار بالإضافة إلى ذلك، الإدارة والتنظيم بمستوى مقبول,التذاكر، الفعاليات، التنظيم,"[0, 1, 0]","['التذاكر', 'الفعاليات', 'التنظيم']"
Attractions,-1.0,قرأت تقييمات كثيرة وقررت التجربة، مساحة المكان وتصميمه مقبول ولا بأس به، كما أن التذكرة لا تستحق هذا السعر المرتفع إطلاقاً,المكان، التذاكر,"[0, -1]","['المكان', 'التذاكر']"
Hotels,-1.0,في زيارتي الأخيرة، للأسف الغرفة كانت سيئة وغير نظيفة على الإطلاق بالإضافة إلى ذلك، بوفيه الإفطار كان تقليدياً ويقدم أصنافاً معتادة بالإضافة إلى ذلك، الموقع مقبول ولا بأس به مقارنة بالسعر,الغرفة، الإفطار، الموقع,"[-1, 0, 0]","['الغرفة', 'الإفطار', 'الموقع']"
Attractions,0.0,المكان ساحر وجميل جداً للتصوير، كما أن أسعار الدخول طبيعية مقارنة بالفعاليات. والفعاليات مقبولة وتمضية وقت ليس إلا. والتنظيم داخل المرفق كان عاديا,المكان، التذاكر، الفعاليات، التنظيم,"[1, 0, 0, 0]","['المكان', 'التذاكر', 'الفعاليات', 'التنظيم']"
Restaurants,0.0,مستوى الخدمة لا بأس به. نظافة المكان بشكل عام كانت مقبولة في حين أن أسعار المنيو تعتبر طبيعية مقارنة بالمطاعم الأخرى بالإضافة إلى ذلك، الطلبات كانت متوسطة المستوى ولا بأس بها,الخدمة، النظافة، الأسعار، الأكل,"[0, 0, 0, 0]","['الخدمة', 'النظافة', 'الأسعار', 'الأكل']"
Attractions,0.0,قرأت تقييمات كثيرة وقررت التجربة، الإدارة والتنظيم بمستوى مقبول. بشكل عام المكان طبيعي كأي حديقة أخرى,التنظيم، المكان,"[0, 0]","['التنظيم', 'المكان']"
Hotels,0.0,الغرفة كانت عادية وتفي بالغرض وبالنسبة للموقع فـ موقع المكان عادي ويمكن الوصول إليه بسهولة وبالنسبة للإفطار فـ بالنسبة للإفطار فهو جيد نسبيا كأي فندق آخر,الغرفة، الموقع، الإفطار,"[0, 0, 0]","['الغرفة', 'الموقع', 'الإفطار']"
Restaurants,-1.0,قرأت تقييمات كثيرة وقررت التجربة، أسوأ خدمة جربتها في حياتي. والمطعم نظيف لحد معقول,الخدمة، النظافة,"[-1, 0]","['الخدمة', 'النظافة']"
Attractions,0.0,التجربة بشكل عام كانت متفاوتة، التذاكر ليست رخيصة ولا غالية بل في المعقول. ومساحة المكان وتصميمه مقبول ولا بأس به. الإدارة والتنظيم بمستوى مقبول,التذاكر، المكان، التنظيم,"[0, 0, 0]","['التذاكر', 'المكان', 'التنظيم']"
Hotels,0.0,بصراحة، موقع الفندق يعتبر متوسطا من حيث القرب للخدمات، كما أن بوفيه الإفطار كان تقليدياً ويقدم أصنافاً معتادة. وأثاث الغرفة يبدو عادياً ليس حديثاً ولا قديماً جداً بالإضافة إلى ذلك، موظفو الاستقبال في قمة الرقي والتعاون,الموقع، الإفطار، الغرفة، الاستقبال,"[0, 0, 0, 1]","['الموقع', 'الإفطار', 'الغرفة', 'الاستقبال']"
Restaurants,0.0,التجربة بشكل عام كانت متفاوتة، الأكل مقبول لكنني تذوقت أفضل منه أما النظافة فـ مستوى عادي ولا بأس به. سرعة الخدمة كانت في المعدل الطبيعي والمقبول أما الأسعار فـ بالنسبة للأسعار فهي مقبولة إلى حد ما,الأكل، النظافة، الخدمة، الأسعار,"[0, 0, 0, 0]","['الأكل', 'النظافة', 'الخدمة', 'الأسعار']"
Hotels,0.0,بصراحة، أثاث الغرفة يبدو عادياً ليس حديثاً ولا قديماً جداً وبالنسبة للإفطار فـ بوفيه كان تقليدياً ويقدم أصنافاً معتادة. موظفو الاستقبال قاموا بعملهم بشكل روتيني,الغرفة، الإفطار، الاستقبال,"[0, 0, 0]","['الغرفة', 'الإفطار', 'الاستقبال']"
Restaurants,0.0,بصراحة، سرعة الخدمة كانت في المعدل الطبيعي والمقبول. والأكل مقبول لكنني تذوقت أفضل منه. وبالنسبة للأسعار فهي مقبولة إلى حد ما أما النظافة فالمكان متسخ والطاولات غير نظيفة,الخدمة، الأكل، الأسعار، النظافة,"[0, 0, 0, -1]","['الخدمة', 'الأكل', 'الأسعار', 'النظافة']"
Restaurants,0.0,الأكل مقبول لكنني تذوقت أفضل منه في حين أن أسعار المنيو تعتبر طبيعية مقارنة بالمطاعم الأخرى. ومستوى النظافة عادي ولا بأس به,الأكل، الأسعار، النظافة,"[0, 0, 0]","['الأكل', 'الأسعار', 'النظافة']"
Hotels,1.0,قمت بتجربة هذا المكان وملاحظاتي هي: ترحيب حار جداً من طاقم الاستقبال في حين أن الموقع استراتيجي وقريب من كل الفعاليات وبالنسبة للإفطار فـ وجبة كانت عادية ولم تكن مميزة، كما أن مساحة الغرفة كانت متوسطة كما توقعنا,الاستقبال، الموقع، الإفطار، الغرفة,"[1, 1, 0, 0]","['الاستقبال', 'الموقع', 'الإفطار', 'الغرفة']"
Attractions,0.0,قمت بتجربة هذا المكان وملاحظاتي هي: لا بأس بالتنظيم بشكل عام أما المكان فـ بشكل عام طبيعي كأي حديقة أخرى,التنظيم، المكان,"[0, 0]","['التنظيم', 'المكان']"
Hotels,0.0,بصراحة، موقع الفندق يعتبر متوسطا من حيث القرب للخدمات أما الاستقبال فـ طاقم كان عادياً في التعامل وبالنسبة للغرفة فـ بالنسبة للغرفة فهي بمستوى طبيعي ولا بأس بها,الموقع، الاستقبال، الغرفة,"[0, 0, 0]","['الموقع', 'الاستقبال', 'الغرفة']"
Hotels,1.0,قرأت تقييمات كثيرة وقررت التجربة، الإفطار كان لذيذاً ومتنوعاً جداً، كما أن الغرفة كانت عادية وتفي بالغرض. وموظفو الاستقبال قاموا بعملهم بشكل روتيني,الإفطار، الغرفة، الاستقبال,"[1, 0, 0]","['الإفطار', 'الغرفة', 'الاستقبال']"
Attractions,0.0,قرأت تقييمات كثيرة وقررت التجربة، لا بأس بالتنظيم بشكل عام وبالنسبة للفعاليات فالأنشطة و ممتعة جداً ومليئة بالحماس وبالنسبة للمكان فـ يعتبر جيد لقضاء بعض الوقت وبالنسبة للتذاكر فـ أسعار الدخول طبيعية مقارنة بالفعاليات,التنظيم، الفعاليات، المكان، التذاكر,"[0, 1, 0, 0]","['التنظيم', 'الفعاليات', 'المكان', 'التذاكر']"
Restaurants,0.0,خلال عطلة نهاية الأسبوع ذهبنا إلى هناك، الطلبات كانت متوسطة المستوى ولا بأس بها بالإضافة إلى ذلك، مستوى النظافة عادي ولا بأس به. ومستوى الخدمة لا بأس به وبالنسبة للأسعار فـ مبالغ فيها وغالية جداً,الأكل، النظافة، الخدمة، الأسعار,"[0, 0, 0, -1]","['الأكل', 'النظافة', 'الخدمة', 'الأسعار']"
Hotels,0.0,التجربة بشكل عام كانت متفاوتة، الموقع مقبول ولا بأس به مقارنة بالسعر. والإفطار كان مقبولاً لكنه يفتقر للتنوع، كما أن طاقم الاستقبال كان عادياً في التعامل,الموقع، الإفطار، الاستقبال,"[0, 0, 0]","['الموقع', 'الإفطار', 'الاستقبال']"
Attractions,0.0,قمت بتجربة هذا المكان وملاحظاتي هي: قيمة التذكرة عادية بالإضافة إلى ذلك، مساحة المكان وتصميمه مقبول ولا بأس به,التذاكر، المكان,"[0, 0]","['التذاكر', 'المكان']"
Restaurants,-1.0,قمت بتجربة هذا المكان وملاحظاتي هي: الطلبات كانت متوسطة المستوى ولا بأس بها، كما أن المطعم غالي بشكل مبالغ فيه ولا يستحق أما النظافة فالمطعم نظيف لحد معقول. أسوأ خدمة جربتها في حياتي,الأكل، الأسعار، النظافة، الخدمة,"[0, -1, 0, -1]","['الأكل', 'الأسعار', 'النظافة', 'الخدمة']"
Hotels,0.0,موقع المكان عادي ويمكن الوصول إليه بسهولة بالإضافة إلى ذلك، إجراءات الدخول في الاستقبال كانت طبيعية ولم تستغرق وقتا طويلا أو قصيرا. ووجبة الإفطار كانت عادية ولم تكن مميزة,الموقع، الاستقبال، الإفطار,"[0, 0, 0]","['الموقع', 'الاستقبال', 'الإفطار']"
Attractions,0.0,خلال عطلة نهاية الأسبوع ذهبنا إلى هناك، الأنشطة الموجودة لا بأس بها للأطفال أما التذاكر فـ ليست رخيصة ولا غالية بل في المعقول,الفعاليات، التذاكر,"[0, 0]","['الفعاليات', 'التذاكر']"
Hotels,1.0,قمت بتجربة هذا المكان وملاحظاتي هي: موظفو الاستقبال في قمة الرقي والتعاون. مساحة الغرفة كانت متوسطة كما توقعنا,الاستقبال، الغرفة,"[1, 0]","['الاستقبال', 'الغرفة']"
Attractions,0.0,لا أنصح بزيارة المكان فهو سيء للغاية بالإضافة إلى ذلك، الإدارة والتنظيم بمستوى مقبول وبالنسبة للفعاليات فـ لا توجد فعاليات تذكر والأنشطة سيئة أما التذاكر فـ قيمتها ممتازة وتشمل خيارات كثيرة,المكان، التنظيم، الفعاليات، التذاكر,"[-1, 0, -1, 1]","['المكان', 'التنظيم', 'الفعاليات', 'التذاكر']"
Hotels,0.0,التجربة بشكل عام كانت متفاوتة، مساحة الغرفة كانت متوسطة كما توقعنا، كما أن الموقع مقبول ولا بأس به مقارنة بالسعر,الغرفة، الموقع,"[0, 0]","['الغرفة', 'الموقع']"
Attractions,0.0,بصراحة، الفعاليات كانت تقليدية ومكررة أما التنظيم فـ لا بأس ب بشكل عام بالإضافة إلى ذلك، بشكل عام المكان طبيعي كأي حديقة أخرى، كما أن التذاكر ليست رخيصة ولا غالية بل في المعقول,الفعاليات، التنظيم، المكان، التذاكر,"[0, 0, 0, 0]","['الفعاليات', 'التنظيم', 'المكان', 'التذاكر']"
Attractions,-1.0,في زيارتي الأخيرة، لا بأس بالتنظيم بشكل عام بالإضافة إلى ذلك، لا أنصح بزيارة المكان فهو سيء للغاية,التنظيم، المكان,"[0, -1]","['التنظيم', 'المكان']"
Attractions,-1.0,بصراحة، مساحة المكان وتصميمه مقبول ولا بأس به وبالنسبة للفعاليات فـ لا توجد فعاليات تذكر والأنشطة سيئة أما التذاكر فـ أسعار الدخول طبيعية مقارنة بالفعاليات,المكان، الفعاليات، التذاكر,"[0, -1, 0]","['المكان', 'الفعاليات', 'التذاكر']"
Hotels,0.0,قرأت تقييمات كثيرة وقررت التجربة، واجهنا بطء شديد ومماطلة من موظفي الاستقبال وبالنسبة للغرفة فـ بالنسبة للغرفة فهي بمستوى طبيعي ولا بأس بها. موقع الفندق ممتاز جداً وإطلالته خرافية,الاستقبال، الغرفة، الموقع,"[-1, 0, 1]","['الاستقبال', 'الغرفة', 'الموقع']"
Hotels,0.0,التجربة بشكل عام كانت متفاوتة، الاستقبال كان مقبولا بشكل عام وبالنسبة للغرفة فـ مساحة كانت متوسطة كما توقعنا. الموقع لا يتميز بشيء خاص ولكنه مناسب، كما أن الإفطار كان لذيذاً ومتنوعاً جداً,الاستقبال، الغرفة، الموقع، الإفطار,"[0, 0, 0, 1]","['الاستقبال', 'الغرفة', 'الموقع', 'الإفطار']"
Restaurants,0.0,في زيارتي الأخيرة، المطعم غالي بشكل مبالغ فيه ولا يستحق. الأكل مقبول لكنني تذوقت أفضل منه. والمطعم نظيف لحد معقول بالإضافة إلى ذلك، سرعة الخدمة كانت في المعدل الطبيعي والمقبول,الأسعار، الأكل، النظافة، الخدمة,"[-1, 0, 0, 0]","['الأسعار', 'الأكل', 'النظافة', 'الخدمة']"
Hotels,0.0,قمت بتجربة هذا المكان وملاحظاتي هي: مساحة الغرفة كانت متوسطة كما توقعنا وبالنسبة للاستقبال فـ كان مقبولا بشكل عام,الغرفة، الاستقبال,"[0, 0]","['الغرفة', 'الاستقبال']"
Attractions,0.0,بصراحة، الفعاليات كانت تقليدية ومكررة. قيمة التذكرة عادية,الفعاليات، التذاكر,"[0, 0]","['الفعاليات', 'التذاكر']"
Hotels,0.0,موقع الفندق يعتبر متوسطا من حيث القرب للخدمات. وأثاث الغرفة يبدو عادياً ليس حديثاً ولا قديماً جداً في حين أن موظفو الاستقبال قاموا بعملهم بشكل روتيني,الموقع، الغرفة، الاستقبال,"[0, 0, 0]","['الموقع', 'الغرفة', 'الاستقبال']"
Restaurants,1.0,قمت بتجربة هذا المكان وملاحظاتي هي: الخدمة في المطعم كانت روتينية، كما أن نظافة المطعم ممتازة جداً في حين أن طعم الأكل كان عادياً ولا يوجد فيه نكهة مميزة. الأسعار ممتازة ورخيصة مقارنة بالكمية,الخدمة، النظافة، الأكل، الأسعار,"[0, 1, 0, 1]","['الخدمة', 'النظافة', 'الأكل', 'الأسعار']"
Restaurants,0.0,قمت بتجربة هذا المكان وملاحظاتي هي: الأسعار ممتازة ورخيصة مقارنة بالكمية أما الأكل فـ كان بارداً وطعمه سيء جداً,الأسعار، الأكل,"[1, -1]","['الأسعار', 'الأكل']"
Attractions,0.0,في زيارتي الأخيرة، أسعار الدخول طبيعية مقارنة بالفعاليات. ولا توجد فعاليات تذكر والأنشطة سيئة في حين أن لا بأس بالتنظيم بشكل عام. ووجهة سياحية رائعة وتستحق الزيارة تكراراً,التذاكر، الفعاليات، التنظيم، المكان,"[0, -1, 0, 1]","['التذاكر', 'الفعاليات', 'التنظيم', 'المكان']"
Hotels,0.0,إجراءات الدخول في الاستقبال كانت طبيعية ولم تستغرق وقتا طويلا أو قصيرا أما الغرفة فـ أثاث يبدو عادياً ليس حديثاً ولا قديماً جداً,الاستقبال، الغرفة,"[0, 0]","['الاستقبال', 'الغرفة']"
Restaurants,0.0,في زيارتي الأخيرة، تعامل الويترز كان عادياً في حين أن بالنسبة للأسعار فهي مقبولة إلى حد ما,الخدمة، الأسعار,"[0, 0]","['الخدمة', 'الأسعار']"
Restaurants,-1.0,في زيارتي الأخيرة، الأسعار مبالغ فيها وغالية جداً، كما أن الطلبات كانت متوسطة المستوى ولا بأس بها,الأسعار، الأكل,"[-1, 0]","['الأسعار', 'الأكل']"
Hotels,0.0,التجربة بشكل عام كانت متفاوتة، الموقع مقبول ولا بأس به مقارنة بالسعر. ومساحة الغرفة كانت متوسطة كما توقعنا. وبالنسبة للإفطار فهو جيد نسبيا كأي فندق آخر,الموقع، الغرفة، الإفطار,"[0, 0, 0]","['الموقع', 'الغرفة', 'الإفطار']"
Restaurants,0.0,التجربة بشكل عام كانت متفاوتة، الطلبات كانت متوسطة المستوى ولا بأس بها في حين أن الطاولات كانت نظيفة بشكل معتاد,الأكل، النظافة,"[0, 0]","['الأكل', 'النظافة']"
Hotels,0.0,خلال عطلة نهاية الأسبوع ذهبنا إلى هناك، بالنسبة للإفطار فهو جيد نسبيا كأي فندق آخر وبالنسبة للموقع فـ موقع الفندق يعتبر متوسطا من حيث القرب للخدمات,الإفطار، الموقع,"[0, 0]","['الإفطار', 'الموقع']"
Restaurants,0.0,التجربة بشكل عام كانت متفاوتة، كل الأطباق كانت مطبوخة باحترافية وطعمها خيال بالإضافة إلى ذلك، المطعم نظيف لحد معقول في حين أن الخدمة بطيئة للغاية والعمال غير مهتمين,الأكل، النظافة، الخدمة,"[1, 0, -1]","['الأكل', 'النظافة', 'الخدمة']"
Hotels,1.0,قرأت تقييمات كثيرة وقررت التجربة، وجبة الإفطار كانت عادية ولم تكن مميزة. ترحيب حار جداً من طاقم الاستقبال وبالنسبة للغرفة فـ مساحة كانت متوسطة كما توقعنا,الإفطار، الاستقبال، الغرفة,"[0, 1, 0]","['الإفطار', 'الاستقبال', 'الغرفة']"
Hotels,-1.0,في زيارتي الأخيرة، الإفطار سيء جداً والخيارات محدودة. إجراءات الدخول في الاستقبال كانت طبيعية ولم تستغرق وقتا طويلا أو قصيرا وبالنسبة للغرفة فـ بالنسبة للغرفة فهي بمستوى طبيعي ولا بأس بها,الإفطار، الاستقبال، الغرفة,"[-1, 0, 0]","['الإفطار', 'الاستقبال', 'الغرفة']"
Attractions,1.0,قمت بتجربة هذا المكان وملاحظاتي هي: لا بأس بالتنظيم بشكل عام بالإضافة إلى ذلك، التذاكر قيمتها ممتازة وتشمل خيارات كثيرة. والفعاليات كانت تقليدية ومكررة,التنظيم، التذاكر، الفعاليات,"[0, 1, 0]","['التنظيم', 'التذاكر', 'الفعاليات']"
Restaurants,0.0,قمت بتجربة هذا المكان وملاحظاتي هي: طعم الأكل كان عادياً ولا يوجد فيه نكهة مميزة. والطاولات كانت نظيفة بشكل معتاد. السعر كان عاديا وليس مبالغا فيه. تعامل الويترز كان عادياً,الأكل، النظافة، الأسعار، الخدمة,"[0, 0, 0, 0]","['الأكل', 'النظافة', 'الأسعار', 'الخدمة']"
Attractions,0.0,خلال عطلة نهاية الأسبوع ذهبنا إلى هناك، الوجهة كانت عادية ولم تبهرني كثيراً في حين أن الفعاليات مقبولة وتمضية وقت ليس إلا,المكان، الفعاليات,"[0, 0]","['المكان', 'الفعاليات']"
Attractions,0.0,في زيارتي الأخيرة، بشكل عام المكان طبيعي كأي حديقة أخرى، كما أن مرتبين جداً والتنظيم احترافي بالإضافة إلى ذلك، العروض المقدمة كانت في المستوى الطبيعي. والتذكرة لا تستحق هذا السعر المرتفع إطلاقاً,المكان، التنظيم، الفعاليات، التذاكر,"[0, 1, 0, -1]","['المكان', 'التنظيم', 'الفعاليات', 'التذاكر']"
Hotels,0.0,خلال عطلة نهاية الأسبوع ذهبنا إلى هناك، الغرفة كانت عادية وتفي بالغرض أما الإفطار فـ كان مقبولاً لكنه يفتقر للتنوع,الغرفة، الإفطار,"[0, 0]","['الغرفة', 'الإفطار']"
Attractions,0.0,في زيارتي الأخيرة، التنظيم داخل المرفق كان عاديا. المكان ساحر وجميل جداً للتصوير. والتذكرة لا تستحق هذا السعر المرتفع إطلاقاً,التنظيم، المكان، التذاكر,"[0, 1, -1]","['التنظيم', 'المكان', 'التذاكر']"
Hotels,-1.0,خلال عطلة نهاية الأسبوع ذهبنا إلى هناك، أثاث الغرفة يبدو عادياً ليس حديثاً ولا قديماً جداً. وواجهنا بطء شديد ومماطلة من موظفي الاستقبال في حين أن موقع الفندق يعتبر متوسطا من حيث القرب للخدمات,الغرفة، الاستقبال، الموقع,"[0, -1, 0]","['الغرفة', 'الاستقبال', 'الموقع']"
Attractions,0.0,قرأت تقييمات كثيرة وقررت التجربة، مساحة المكان وتصميمه مقبول ولا بأس به، كما أن الفعاليات مقبولة وتمضية وقت ليس إلا بالإضافة إلى ذلك، الإدارة والتنظيم بمستوى مقبول، كما أن أسعار التذاكر غالية جداً ومبالغ فيها,المكان، الفعاليات، التنظيم، التذاكر,"[0, 0, 0, -1]","['المكان', 'الفعاليات', 'التنظيم', 'التذاكر']"
Hotels,-1.0,التجربة بشكل عام كانت متفاوتة، جودة الطعام في الإفطار كانت ضعيفة جداً، كما أن بالنسبة للغرفة فهي بمستوى طبيعي ولا بأس بها,الإفطار، الغرفة,"[-1, 0]","['الإفطار', 'الغرفة']"
Restaurants,1.0,نظافة المطعم ممتازة جداً. والخدمة سريعة جداً وطاقم العمل ودود,النظافة، الخدمة,"[1, 1]","['النظافة', 'الخدمة']"
Attractions,1.0,لا بأس بالتنظيم بشكل عام بالإضافة إلى ذلك، المكان ساحر وجميل جداً للتصوير. الفعاليات كانت تقليدية ومكررة,التنظيم، المكان، الفعاليات,"[0, 1, 0]","['التنظيم', 'المكان', 'الفعاليات']"
Hotels,-1.0,التجربة بشكل عام كانت متفاوتة، الموقع بعيد جداً ومقطوع عن الخدمات بالإضافة إلى ذلك، وجبة الإفطار كانت عادية ولم تكن مميزة أما الاستقبال فـ إجراءات الدخول في كانت طبيعية ولم تستغرق وقتا طويلا أو قصيرا بالإضافة إلى ذلك، للأسف الغرفة كانت سيئة وغير نظيفة على الإطلاق,الموقع، الإفطار، الاستقبال، الغرفة,"[-1, 0, 0, -1]","['الموقع', 'الإفطار', 'الاستقبال', 'الغرفة']"
Attractions,0.0,التجربة بشكل عام كانت متفاوتة، ترتيب الدخول كان يسير بشكل طبيعي بالإضافة إلى ذلك، مساحة المكان وتصميمه مقبول ولا بأس به,التنظيم، المكان,"[0, 0]","['التنظيم', 'المكان']"
Attractions,0.0,التجربة بشكل عام كانت متفاوتة، أسعار الدخول طبيعية مقارنة بالفعاليات بالإضافة إلى ذلك، لا بأس بالتنظيم بشكل عام. بشكل عام المكان طبيعي كأي حديقة أخرى,التذاكر، التنظيم، المكان,"[0, 0, 0]","['التذاكر', 'التنظيم', 'المكان']"
Restaurants,0.0,بصراحة، طعم الأكل كان عادياً ولا يوجد فيه نكهة مميزة أما الأسعار فالسعر كان عاديا وليس مبالغا فيه أما النظافة فـ نظافة المكان بشكل عام كانت مقبولة أما الخدمة فـ سرعة كانت في المعدل الطبيعي والمقبول,الأكل، الأسعار، النظافة، الخدمة,"[0, 0, 0, 0]","['الأكل', 'الأسعار', 'النظافة', 'الخدمة']"
Attractions,1.0,قمت بتجربة هذا المكان وملاحظاتي هي: الإدارة والتنظيم بمستوى مقبول في حين أن المكان ساحر وجميل جداً للتصوير,التنظيم، المكان,"[0, 1]","['التنظيم', 'المكان']"
Attractions,0.0,قرأت تقييمات كثيرة وقررت التجربة، لا أنصح بزيارة المكان فهو سيء للغاية في حين أن قيمة التذكرة عادية. العروض المقدمة كانت في المستوى الطبيعي أما التنظيم فـ داخل المرفق كان عاديا,المكان، التذاكر، الفعاليات، التنظيم,"[-1, 0, 0, 0]","['المكان', 'التذاكر', 'الفعاليات', 'التنظيم']"
Hotels,0.0,في زيارتي الأخيرة، الغرفة واسعة ومريحة بشكل استثنائي. الموقع مقبول ولا بأس به مقارنة بالسعر. الإفطار كان مقبولاً لكنه يفتقر للتنوع في حين أن واجهنا بطء شديد ومماطلة من موظفي الاستقبال,الغرفة، الموقع، الإفطار، الاستقبال,"[1, 0, 0, -1]","['الغرفة', 'الموقع', 'الإفطار', 'الاستقبال']"
Attractions,1.0,التجربة بشكل عام كانت متفاوتة، المكان ساحر وجميل جداً للتصوير، كما أن الأنشطة الموجودة لا بأس بها للأطفال,المكان، الفعاليات,"[1, 0]","['المكان', 'الفعاليات']"
Attractions,0.0,التجربة بشكل عام كانت متفاوتة، الإدارة والتنظيم بمستوى مقبول. وقيمة التذكرة عادية,التنظيم، التذاكر,"[0, 0]","['التنظيم', 'التذاكر']"
Restaurants,0.0,بصراحة، مستوى الخدمة لا بأس به بالإضافة إلى ذلك، بالنسبة للأكل فهو بمستوى طبيعي,الخدمة، الأكل,"[0, 0]","['الخدمة', 'الأكل']"
Restaurants,0.0,بصراحة، بالنسبة للأسعار فهي مقبولة إلى حد ما. بالنسبة للأكل فهو بمستوى طبيعي، كما أن الطاولات كانت نظيفة بشكل معتاد بالإضافة إلى ذلك، مستوى الخدمة لا بأس به,الأسعار، الأكل، النظافة، الخدمة,"[0, 0, 0, 0]","['الأسعار', 'الأكل', 'النظافة', 'الخدمة']"
Restaurants,1.0,الخدمة سريعة جداً وطاقم العمل ودود بالإضافة إلى ذلك، الأكل مقبول لكنني تذوقت أفضل منه,الخدمة، الأكل,"[1, 0]","['الخدمة', 'الأكل']"
Restaurants,0.0,مستوى النظافة عادي ولا بأس به. وسرعة الخدمة كانت في المعدل الطبيعي والمقبول,النظافة، الخدمة,"[0, 0]","['النظافة', 'الخدمة']"
Restaurants,0.0,قمت بتجربة هذا المكان وملاحظاتي هي: النظافة معدومة في هذا المطعم بالإضافة إلى ذلك، الأكل مقبول لكنني تذوقت أفضل منه أما الخدمة فـ سرعة كانت في المعدل الطبيعي والمقبول. الأسعار كانت متوسطة ومناسبة لجودة المكان,النظافة، الأكل، الخدمة، الأسعار,"[-1, 0, 0, 0]","['النظافة', 'الأكل', 'الخدمة', 'الأسعار']"
Attractions,1.0,في زيارتي الأخيرة، الوجهة كانت عادية ولم تبهرني كثيراً. والتذاكر قيمتها ممتازة وتشمل خيارات كثيرة,المكان، التذاكر,"[0, 1]","['المكان', 'التذاكر']"
Hotels,1.0,في زيارتي الأخيرة، الغرفة واسعة ومريحة بشكل استثنائي وبالنسبة للموقع فـ موقع المكان عادي ويمكن الوصول إليه بسهولة أما الاستقبال فـ موظفو قاموا بعملهم بشكل روتيني,الغرفة، الموقع، الاستقبال,"[1, 0, 0]","['الغرفة', 'الموقع', 'الاستقبال']"
Hotels,-1.0,بصراحة، تعامل الاستقبال كان جافاً وغير احترافي وبالنسبة للإفطار فـ وجبة كانت عادية ولم تكن مميزة. الموقع مقبول ولا بأس به مقارنة بالسعر,الاستقبال، الإفطار، الموقع,"[-1, 0, 0]","['الاستقبال', 'الإفطار', 'الموقع']"
Attractions,0.0,قمت بتجربة هذا المكان وملاحظاتي هي: الفعاليات مملة جداً ولا يوجد تجديد، كما أن المكان ساحر وجميل جداً للتصوير. والتذاكر ليست رخيصة ولا غالية بل في المعقول بالإضافة إلى ذلك، ترتيب الدخول كان يسير بشكل طبيعي,الفعاليات، المكان، التذاكر، التنظيم,"[-1, 1, 0, 0]","['الفعاليات', 'المكان', 'التذاكر', 'التنظيم']"
Hotels,0.0,قمت بتجربة هذا المكان وملاحظاتي هي: الغرفة واسعة ومريحة بشكل استثنائي في حين أن الاستقبال كان مقبولا بشكل عام وبالنسبة للموقع فـ لا يتميز بشيء خاص ولكنه مناسب أما الإفطار فـ كان مقبولاً لكنه يفتقر للتنوع,الغرفة، الاستقبال، الموقع، الإفطار,"[1, 0, 0, 0]","['الغرفة', 'الاستقبال', 'الموقع', 'الإفطار']"
Hotels,0.0,قمت بتجربة هذا المكان وملاحظاتي هي: الموقع استراتيجي وقريب من كل الفعاليات. الغرفة كانت عادية وتفي بالغرض أما الاستقبال فـ تعامل كان جافاً وغير احترافي بالإضافة إلى ذلك، الإفطار كان مقبولاً لكنه يفتقر للتنوع,الموقع، الغرفة، الاستقبال، الإفطار,"[1, 0, -1, 0]","['الموقع', 'الغرفة', 'الاستقبال', 'الإفطار']"
Restaurants,0.0,في زيارتي الأخيرة، بالنسبة للأكل فهو بمستوى طبيعي وبالنسبة للنظافة فالمطعم نظيف لحد معقول في حين أن تعامل الويترز كان عادياً,الأكل، النظافة، الخدمة,"[0, 0, 0]","['الأكل', 'النظافة', 'الخدمة']"
Hotels,-1.0,الإفطار كان مقبولاً لكنه يفتقر للتنوع. الغرفة ضيقة جداً ومكتومة,الإفطار، الغرفة,"[0, -1]","['الإفطار', 'الغرفة']"
Restaurants,-1.0,التجربة بشكل عام كانت متفاوتة، الأكل كان بارداً وطعمه سيء جداً، كما أن الطاولات كانت نظيفة بشكل معتاد,الأكل، النظافة,"[-1, 0]","['الأكل', 'النظافة']"
Restaurants,-1.0,قرأت تقييمات كثيرة وقررت التجربة، أسوأ خدمة جربتها في حياتي في حين أن الطلبات كانت متوسطة المستوى ولا بأس بها,الخدمة، الأكل,"[-1, 0]","['الخدمة', 'الأكل']"
Hotels,0.0,التجربة بشكل عام كانت متفاوتة، الموقع بعيد جداً ومقطوع عن الخدمات، كما أن طاقم الاستقبال كان عادياً في التعامل، كما أن أعجبتني الغرفة بنظافتها الفائقة وتصميمها الرائع في حين أن بوفيه الإفطار كان تقليدياً ويقدم أصنافاً معتادة,الموقع، الاستقبال، الغرفة، الإفطار,"[-1, 0, 1, 0]","['الموقع', 'الاستقبال', 'الغرفة', 'الإفطار']"
Attractions,0.0,قمت بتجربة هذا المكان وملاحظاتي هي: التنظيم داخل المرفق كان عاديا في حين أن الأنشطة والفعاليات ممتعة جداً ومليئة بالحماس أما التذاكر فـ أسعار الدخول طبيعية مقارنة بالفعاليات وبالنسبة للمكان فـ لا أنصح بزيارة فهو سيء للغاية,التنظيم، الفعاليات، التذاكر، المكان,"[0, 1, 0, -1]","['التنظيم', 'الفعاليات', 'التذاكر', 'المكان']"
Attractions,-1.0,قمت بتجربة هذا المكان وملاحظاتي هي: التنظيم سيء جداً وهناك عشوائية في المكان في حين أن لا أنصح بزيارة المكان فهو سيء للغاية أما الفعاليات فالأنشطة الموجودة لا بأس بها للأطفال بالإضافة إلى ذلك، أسعار الدخول طبيعية مقارنة بالفعاليات,التنظيم، المكان، الفعاليات، التذاكر,"[-1, -1, 0, 0]","['التنظيم', 'المكان', 'الفعاليات', 'التذاكر']"
Hotels,1.0,قرأت تقييمات كثيرة وقررت التجربة، الإفطار كان لذيذاً ومتنوعاً جداً. بالنسبة للغرفة فهي بمستوى طبيعي ولا بأس بها في حين أن طاقم الاستقبال كان عادياً في التعامل,الإفطار، الغرفة، الاستقبال,"[1, 0, 0]","['الإفطار', 'الغرفة', 'الاستقبال']"
Restaurants,-1.0,قرأت تقييمات كثيرة وقررت التجربة، مستوى النظافة عادي ولا بأس به، كما أن سرعة الخدمة كانت في المعدل الطبيعي والمقبول. المطعم غالي بشكل مبالغ فيه ولا يستحق,النظافة، الخدمة، الأسعار,"[0, 0, -1]","['النظافة', 'الخدمة', 'الأسعار']"
Hotels,0.0,في زيارتي الأخيرة، موقع الفندق يعتبر متوسطا من حيث القرب للخدمات. وإجراءات الدخول في الاستقبال كانت طبيعية ولم تستغرق وقتا طويلا أو قصيرا في حين أن بالنسبة للغرفة فهي بمستوى طبيعي ولا بأس بها,الموقع، الاستقبال، الغرفة,"[0, 0, 0]","['الموقع', 'الاستقبال', 'الغرفة']"
Restaurants,1.0,بصراحة، قيمة رائعة مقابل المال والأسعار جداً معقولة وبالنسبة للأكل فـ مقبول لكنني تذوقت أفضل منه وبالنسبة للخدمة فـ في المطعم كانت روتينية,الأسعار، الأكل، الخدمة,"[1, 0, 0]","['الأسعار', 'الأكل', 'الخدمة']"
Attractions,0.0,ترتيب الدخول كان يسير بشكل طبيعي أما التذاكر فـ قيمة التذكرة عادية في حين أن الفعاليات مقبولة وتمضية وقت ليس إلا,التنظيم، التذاكر، الفعاليات,"[0, 0, 0]","['التنظيم', 'التذاكر', 'الفعاليات']"
Hotels,0.0,قرأت تقييمات كثيرة وقررت التجربة، الموقع استراتيجي وقريب من كل الفعاليات أما الغرفة فـ للأسف كانت سيئة وغير نظيفة على الإطلاق. طاقم الاستقبال كان عادياً في التعامل,الموقع، الغرفة، الاستقبال,"[1, -1, 0]","['الموقع', 'الغرفة', 'الاستقبال']"
Attractions,1.0,في زيارتي الأخيرة، التنظيم رائع جداً وسلس للغاية في حين أن سعر التذاكر كان متوسطا ومقبولا وبالنسبة للفعاليات فـ كانت تقليدية ومكررة,التنظيم، التذاكر، الفعاليات,"[1, 0, 0]","['التنظيم', 'التذاكر', 'الفعاليات']"
Attractions,0.0,بصراحة، الأنشطة والفعاليات ممتعة جداً ومليئة بالحماس. لا أنصح بزيارة المكان فهو سيء للغاية,الفعاليات، المكان,"[1, -1]","['الفعاليات', 'المكان']"
Hotels,0.0,التجربة بشكل عام كانت متفاوتة، وجبة الإفطار كانت عادية ولم تكن مميزة بالإضافة إلى ذلك، موقع الفندق يعتبر متوسطا من حيث القرب للخدمات بالإضافة إلى ذلك، بالنسبة للغرفة فهي بمستوى طبيعي ولا بأس بها,الإفطار، الموقع، الغرفة,"[0, 0, 0]","['الإفطار', 'الموقع', 'الغرفة']"
Hotels,0.0,قرأت تقييمات كثيرة وقررت التجربة، للأسف الغرفة كانت سيئة وغير نظيفة على الإطلاق بالإضافة إلى ذلك، موقع المكان عادي ويمكن الوصول إليه بسهولة. الاستقبال كان مقبولا بشكل عام، كما أن الإفطار كان لذيذاً ومتنوعاً جداً,الغرفة، الموقع، الاستقبال، الإفطار,"[-1, 0, 0, 1]","['الغرفة', 'الموقع', 'الاستقبال', 'الإفطار']"
Hotels,0.0,قمت بتجربة هذا المكان وملاحظاتي هي: وجبة الإفطار كانت عادية ولم تكن مميزة. الموقع لا يتميز بشيء خاص ولكنه مناسب، كما أن أثاث الغرفة يبدو عادياً ليس حديثاً ولا قديماً جداً. وموظفو الاستقبال في قمة الرقي والتعاون,الإفطار، الموقع، الغرفة، الاستقبال,"[0, 0, 0, 1]","['الإفطار', 'الموقع', 'الغرفة', 'الاستقبال']"
Attractions,0.0,بصراحة، المكان يعتبر جيد لقضاء بعض الوقت وبالنسبة للتذاكر فـ أسعار الدخول طبيعية مقارنة بالفعاليات,المكان، التذاكر,"[0, 0]","['المكان', 'التذاكر']"
Hotels,0.0,في زيارتي الأخيرة، بوفيه الإفطار كان تقليدياً ويقدم أصنافاً معتادة وبالنسبة للاستقبال فـ طاقم كان عادياً في التعامل وبالنسبة للغرفة فـ بالنسبة للغرفة فهي بمستوى طبيعي ولا بأس بها,الإفطار، الاستقبال، الغرفة,"[0, 0, 0]","['الإفطار', 'الاستقبال', 'الغرفة']"
Attractions,1.0,بصراحة، الإدارة والتنظيم بمستوى مقبول وبالنسبة للمكان فـ وجهة سياحية رائعة وتستحق الزيارة تكراراً. أسعار التذاكر رخيصة جداً ومناسبة للجميع,التنظيم، المكان، التذاكر,"[0, 1, 1]","['التنظيم', 'المكان', 'التذاكر']"
Restaurants,-1.0,قرأت تقييمات كثيرة وقررت التجربة، السعر كان عاديا وليس مبالغا فيه في حين أن أسوأ خدمة جربتها في حياتي أما الأكل فـ مقبول لكنني تذوقت أفضل منه,الأسعار، الخدمة، الأكل,"[0, -1, 0]","['الأسعار', 'الخدمة', 'الأكل']"
Attractions,0.0,خلال عطلة نهاية الأسبوع ذهبنا إلى هناك، لا بأس بالتنظيم بشكل عام، كما أن الفعاليات كانت تقليدية ومكررة,التنظيم، الفعاليات,"[0, 0]","['التنظيم', 'الفعاليات']"
Restaurants,-1.0,التجربة بشكل عام كانت متفاوتة، مستوى النظافة عادي ولا بأس به. لم يعجبني الأكل إطلاقاً وكان دون المستوى,النظافة، الأكل,"[0, -1]","['النظافة', 'الأكل']"
Restaurants,0.0,التجربة بشكل عام كانت متفاوتة، الأسعار كانت متوسطة ومناسبة لجودة المكان وبالنسبة للنظافة فالمكان يلمع من والاهتمام بالتفاصيل في حين أن الأكل كان بارداً وطعمه سيء جداً في حين أن مستوى الخدمة لا بأس به,الأسعار، النظافة، الأكل، الخدمة,"[0, 1, -1, 0]","['الأسعار', 'النظافة', 'الأكل', 'الخدمة']"
Hotels,-1.0,بصراحة، الإفطار سيء جداً والخيارات محدودة أما الاستقبال فـ إجراءات الدخول في كانت طبيعية ولم تستغرق وقتا طويلا أو قصيرا,الإفطار، الاستقبال,"[-1, 0]","['الإفطار', 'الاستقبال']"
Restaurants,1.0,قيمة رائعة مقابل المال والأسعار جداً معقولة في حين أن الطلبات كانت متوسطة المستوى ولا بأس بها,الأسعار، الأكل,"[1, 0]","['الأسعار', 'الأكل']"
Hotels,1.0,التجربة بشكل عام كانت متفاوتة، أثاث الغرفة يبدو عادياً ليس حديثاً ولا قديماً جداً في حين أن موظفو الاستقبال قاموا بعملهم بشكل روتيني وبالنسبة للإفطار فـ بوفيه مذهل ويحتوي على خيارات رائعة,الغرفة، الاستقبال، الإفطار,"[0, 0, 1]","['الغرفة', 'الاستقبال', 'الإفطار']"
Restaurants,0.0,سرعة الخدمة كانت في المعدل الطبيعي والمقبول وبالنسبة للأكل فالطلبات كانت متوسطة المستوى ولا بأس بها أما النظافة فالطاولات كانت نظيفة بشكل معتاد بالإضافة إلى ذلك، بالنسبة للأسعار فهي مقبولة إلى حد ما,الخدمة، الأكل، النظافة، الأسعار,"[0, 0, 0, 0]","['الخدمة', 'الأكل', 'النظافة', 'الأسعار']"
Attractions,-1.0,قمت بتجربة هذا المكان وملاحظاتي هي: بشكل عام المكان طبيعي كأي حديقة أخرى. التنظيم سيء جداً وهناك عشوائية في المكان بالإضافة إلى ذلك، أسعار الدخول طبيعية مقارنة بالفعاليات أما الفعاليات فـ مملة جداً ولا يوجد تجديد,المكان، التنظيم، التذاكر، الفعاليات,"[0, -1, 0, -1]","['المكان', 'التنظيم', 'التذاكر', 'الفعاليات']"
Hotels,0.0,أثاث الغرفة يبدو عادياً ليس حديثاً ولا قديماً جداً في حين أن موقع الفندق يعتبر متوسطا من حيث القرب للخدمات,الغرفة، الموقع,"[0, 0]","['الغرفة', 'الموقع']"
Hotels,0.0,موقع المكان عادي ويمكن الوصول إليه بسهولة. ومساحة الغرفة كانت متوسطة كما توقعنا,الموقع، الغرفة,"[0, 0]","['الموقع', 'الغرفة']"
Hotels,1.0,بصراحة، موقع الفندق يعتبر متوسطا من حيث القرب للخدمات. والإفطار كان لذيذاً ومتنوعاً جداً وبالنسبة للاستقبال فـ كان مقبولا بشكل عام,الموقع، الإفطار، الاستقبال,"[0, 1, 0]","['الموقع', 'الإفطار', 'الاستقبال']"
Restaurants,0.0,قرأت تقييمات كثيرة وقررت التجربة، بالنسبة للأكل فهو بمستوى طبيعي. ومستوى النظافة عادي ولا بأس به أما الأسعار فـ كانت متوسطة ومناسبة لجودة المكان، كما أن مستوى الخدمة لا بأس به,الأكل، النظافة، الأسعار، الخدمة,"[0, 0, 0, 0]","['الأكل', 'النظافة', 'الأسعار', 'الخدمة']"
Restaurants,1.0,بصراحة، الأكل كان لذيذاً جداً وأنصح به بشدة، كما أن تعامل الويترز كان عادياً وبالنسبة للأسعار فـ أسعار المنيو تعتبر طبيعية مقارنة بالمطاعم الأخرى,الأكل، الخدمة، الأسعار,"[1, 0, 0]","['الأكل', 'الخدمة', 'الأسعار']"
Hotels,0.0,قرأت تقييمات كثيرة وقررت التجربة، مساحة الغرفة كانت متوسطة كما توقعنا، كما أن بوفيه الإفطار مذهل ويحتوي على خيارات رائعة. تعامل الاستقبال كان جافاً وغير احترافي,الغرفة، الإفطار، الاستقبال,"[0, 1, -1]","['الغرفة', 'الإفطار', 'الاستقبال']"
Attractions,0.0,المكان يعتبر جيد لقضاء بعض الوقت وبالنسبة للتذاكر فـ قيمة التذكرة عادية,المكان، التذاكر,"[0, 0]","['المكان', 'التذاكر']"
Hotels,1.0,قرأت تقييمات كثيرة وقررت التجربة، أثاث الغرفة يبدو عادياً ليس حديثاً ولا قديماً جداً. والموقع استراتيجي وقريب من كل الفعاليات,الغرفة، الموقع,"[0, 1]","['الغرفة', 'الموقع']"
Hotels,0.0,وجبة الإفطار كانت عادية ولم تكن مميزة، كما أن أثاث الغرفة يبدو عادياً ليس حديثاً ولا قديماً جداً,الإفطار، الغرفة,"[0, 0]","['الإفطار', 'الغرفة']"
Attractions,0.0,قرأت تقييمات كثيرة وقررت التجربة، مساحة المكان وتصميمه مقبول ولا بأس به. قيمة التذكرة عادية,المكان، التذاكر,"[0, 0]","['المكان', 'التذاكر']"
Hotels,0.0,قمت بتجربة هذا المكان وملاحظاتي هي: بالنسبة للغرفة فهي بمستوى طبيعي ولا بأس بها وبالنسبة للاستقبال فـ إجراءات الدخول في كانت طبيعية ولم تستغرق وقتا طويلا أو قصيرا وبالنسبة للإفطار فـ بوفيه كان تقليدياً ويقدم أصنافاً معتادة وبالنسبة للموقع فـ لا يتميز بشيء خاص ولكنه مناسب,الغرفة، الاستقبال، الإفطار، الموقع,"[0, 0, 0, 0]","['الغرفة', 'الاستقبال', 'الإفطار', 'الموقع']"
Attractions,0.0,في زيارتي الأخيرة، الفعاليات كانت تقليدية ومكررة أما التنظيم فـ داخل المرفق كان عاديا,الفعاليات، التنظيم,"[0, 0]","['الفعاليات', 'التنظيم']"
Hotels,0.0,بصراحة، تعامل الاستقبال كان جافاً وغير احترافي بالإضافة إلى ذلك، الإفطار كان لذيذاً ومتنوعاً جداً في حين أن أثاث الغرفة يبدو عادياً ليس حديثاً ولا قديماً جداً,الاستقبال، الإفطار، الغرفة,"[-1, 1, 0]","['الاستقبال', 'الإفطار', 'الغرفة']"
Attractions,0.0,قرأت تقييمات كثيرة وقررت التجربة، بشكل عام المكان طبيعي كأي حديقة أخرى. مرتبين جداً والتنظيم احترافي. قيمة التذكرة عادية وبالنسبة للفعاليات فـ كانت تقليدية ومكررة,المكان، التنظيم، التذاكر، الفعاليات,"[0, 1, 0, 0]","['المكان', 'التنظيم', 'التذاكر', 'الفعاليات']"
Attractions,0.0,خلال عطلة نهاية الأسبوع ذهبنا إلى هناك، أسعار الدخول طبيعية مقارنة بالفعاليات، كما أن الوجهة كانت عادية ولم تبهرني كثيراً وبالنسبة للفعاليات فـ مقبولة وتمضية وقت ليس إلا,التذاكر، المكان، الفعاليات,"[0, 0, 0]","['التذاكر', 'المكان', 'الفعاليات']"
Hotels,0.0,التجربة بشكل عام كانت متفاوتة، الموقع مقبول ولا بأس به مقارنة بالسعر. إجراءات الدخول في الاستقبال كانت طبيعية ولم تستغرق وقتا طويلا أو قصيرا، كما أن بالنسبة للإفطار فهو جيد نسبيا كأي فندق آخر بالإضافة إلى ذلك، الغرفة واسعة ومريحة بشكل استثنائي,الموقع، الاستقبال، الإفطار، الغرفة,"[0, 0, 0, 1]","['الموقع', 'الاستقبال', 'الإفطار', 'الغرفة']"
Hotels,0.0,في زيارتي الأخيرة، بوفيه الإفطار كان تقليدياً ويقدم أصنافاً معتادة. وأثاث الغرفة يبدو عادياً ليس حديثاً ولا قديماً جداً. وموقع الفندق يعتبر متوسطا من حيث القرب للخدمات,الإفطار، الغرفة، الموقع,"[0, 0, 0]","['الإفطار', 'الغرفة', 'الموقع']"
Attractions,0.0,بصراحة، مساحة المكان وتصميمه مقبول ولا بأس به، كما أن التذاكر ليست رخيصة ولا غالية بل في المعقول. الأنشطة الموجودة لا بأس بها للأطفال. وفوضى عارمة وسوء تنظيم واضح,المكان، التذاكر، الفعاليات، التنظيم,"[0, 0, 0, -1]","['المكان', 'التذاكر', 'الفعاليات', 'التنظيم']"
Attractions,1.0,قيمة التذكرة عادية. المكان ساحر وجميل جداً للتصوير أما التنظيم فـ ترتيب الدخول كان يسير بشكل طبيعي وبالنسبة للفعاليات فـ عروض رائعة ومتنوعة تناسب كل الأعمار,التذاكر، المكان، التنظيم، الفعاليات,"[0, 1, 0, 1]","['التذاكر', 'المكان', 'التنظيم', 'الفعاليات']"
Attractions,0.0,في زيارتي الأخيرة، لا بأس بالتنظيم بشكل عام. وبشكل عام المكان طبيعي كأي حديقة أخرى,التنظيم، المكان,"[0, 0]","['التنظيم', 'المكان']"
Hotels,0.0,قرأت تقييمات كثيرة وقررت التجربة، الموقع بعيد جداً ومقطوع عن الخدمات في حين أن مساحة الغرفة كانت متوسطة كما توقعنا في حين أن ترحيب حار جداً من طاقم الاستقبال,الموقع، الغرفة، الاستقبال,"[-1, 0, 1]","['الموقع', 'الغرفة', 'الاستقبال']"
Restaurants,0.0,قرأت تقييمات كثيرة وقررت التجربة، السعر كان عاديا وليس مبالغا فيه في حين أن المطعم نظيف لحد معقول,الأسعار، النظافة,"[0, 0]","['الأسعار', 'النظافة']"
Attractions,0.0,في زيارتي الأخيرة، مساحة المكان وتصميمه مقبول ولا بأس به، كما أن الإدارة والتنظيم بمستوى مقبول. أسعار الدخول طبيعية مقارنة بالفعاليات في حين أن الفعاليات مقبولة وتمضية وقت ليس إلا,المكان، التنظيم، التذاكر، الفعاليات,"[0, 0, 0, 0]","['المكان', 'التنظيم', 'التذاكر', 'الفعاليات']"
Attractions,0.0,التجربة بشكل عام كانت متفاوتة، الفعاليات مقبولة وتمضية وقت ليس إلا بالإضافة إلى ذلك، التنظيم رائع جداً وسلس للغاية. وسعر التذاكر كان متوسطا ومقبولا في حين أن المكان كئيب وممل جداً,الفعاليات، التنظيم، التذاكر، المكان,"[0, 1, 0, -1]","['الفعاليات', 'التنظيم', 'التذاكر', 'المكان']"
Attractions,0.0,التجربة بشكل عام كانت متفاوتة، المكان يعتبر جيد لقضاء بعض الوقت أما التنظيم فـ سيء جداً وهناك عشوائية في المكان بالإضافة إلى ذلك، أسعار التذاكر رخيصة جداً ومناسبة للجميع. ولا توجد فعاليات تذكر والأنشطة سيئة,المكان، التنظيم، التذاكر، الفعاليات,"[0, -1, 1, -1]","['المكان', 'التنظيم', 'التذاكر', 'الفعاليات']"
Attractions,1.0,قرأت تقييمات كثيرة وقررت التجربة، وجهة سياحية رائعة وتستحق الزيارة تكراراً، كما أن أسعار الدخول طبيعية مقارنة بالفعاليات,المكان، التذاكر,"[1, 0]","['المكان', 'التذاكر']"
Restaurants,0.0,خلال عطلة نهاية الأسبوع ذهبنا إلى هناك، السعر كان عاديا وليس مبالغا فيه وبالنسبة للأكل فـ مقبول لكنني تذوقت أفضل منه أما النظافة فـ مستوى عادي ولا بأس به,الأسعار، الأكل، النظافة,"[0, 0, 0]","['الأسعار', 'الأكل', 'النظافة']"
Hotels,1.0,خلال عطلة نهاية الأسبوع ذهبنا إلى هناك، أعجبتني الغرفة بنظافتها الفائقة وتصميمها الرائع، كما أن الإفطار كان لذيذاً ومتنوعاً جداً وبالنسبة للاستقبال فـ موظفو في قمة الرقي والتعاون في حين أن موقع الفندق يعتبر متوسطا من حيث القرب للخدمات,الغرفة، الإفطار، الاستقبال، الموقع,"[1, 1, 1, 0]","['الغرفة', 'الإفطار', 'الاستقبال', 'الموقع']"
Hotels,0.0,الموقع لا يتميز بشيء خاص ولكنه مناسب وبالنسبة للاستقبال فـ إجراءات الدخول في كانت طبيعية ولم تستغرق وقتا طويلا أو قصيرا أما الإفطار فـ بوفيه كان تقليدياً ويقدم أصنافاً معتادة أما الغرفة فـ بالنسبة للغرفة فهي بمستوى طبيعي ولا بأس بها,الموقع، الاستقبال، الإفطار، الغرفة,"[0, 0, 0, 0]","['الموقع', 'الاستقبال', 'الإفطار', 'الغرفة']"
Attractions,1.0,التجربة بشكل عام كانت متفاوتة، عروض رائعة ومتنوعة تناسب كل الأعمار في حين أن المكان يعتبر جيد لقضاء بعض الوقت,الفعاليات، المكان,"[1, 0]","['الفعاليات', 'المكان']"
Restaurants,-1.0,خلال عطلة نهاية الأسبوع ذهبنا إلى هناك، المطعم نظيف لحد معقول. الأكل مقبول لكنني تذوقت أفضل منه أما الأسعار فالمطعم غالي بشكل مبالغ فيه ولا يستحق,النظافة، الأكل، الأسعار,"[0, 0, -1]","['النظافة', 'الأكل', 'الأسعار']"
Hotels,0.0,قرأت تقييمات كثيرة وقررت التجربة، الغرفة ضيقة جداً ومكتومة بالإضافة إلى ذلك، بوفيه الإفطار مذهل ويحتوي على خيارات رائعة وبالنسبة للاستقبال فـ موظفو قاموا بعملهم بشكل روتيني,الغرفة، الإفطار، الاستقبال,"[-1, 1, 0]","['الغرفة', 'الإفطار', 'الاستقبال']"
Restaurants,-1.0,خلال عطلة نهاية الأسبوع ذهبنا إلى هناك، أسوأ خدمة جربتها في حياتي في حين أن بالنسبة للأكل فهو بمستوى طبيعي,الخدمة، الأكل,"[-1, 0]","['الخدمة', 'الأكل']"
Hotels,1.0,مساحة الغرفة كانت متوسطة كما توقعنا، كما أن موقع الفندق ممتاز جداً وإطلالته خرافية أما الاستقبال فـ كان مقبولا بشكل عام,الغرفة، الموقع، الاستقبال,"[0, 1, 0]","['الغرفة', 'الموقع', 'الاستقبال']"
Restaurants,0.0,قرأت تقييمات كثيرة وقررت التجربة، الخدمة في المطعم كانت روتينية وبالنسبة للأكل فـ مقبول لكنني تذوقت أفضل منه، كما أن الأسعار كانت متوسطة ومناسبة لجودة المكان,الخدمة، الأكل، الأسعار,"[0, 0, 0]","['الخدمة', 'الأكل', 'الأسعار']"
Restaurants,0.0,بصراحة، مستوى الخدمة لا بأس به أما الأكل فـ بالنسبة للأكل فهو بمستوى طبيعي,الخدمة، الأكل,"[0, 0]","['الخدمة', 'الأكل']"
Restaurants,0.0,خلال عطلة نهاية الأسبوع ذهبنا إلى هناك، السعر كان عاديا وليس مبالغا فيه. والخدمة في المطعم كانت روتينية,الأسعار، الخدمة,"[0, 0]","['الأسعار', 'الخدمة']"
Restaurants,0.0,التجربة بشكل عام كانت متفاوتة، أسعار المنيو تعتبر طبيعية مقارنة بالمطاعم الأخرى وبالنسبة للأكل فـ كان بارداً وطعمه سيء جداً. والمكان يلمع من النظافة والاهتمام بالتفاصيل بالإضافة إلى ذلك، الخدمة ممتازة واهتمام كبير بالزبائن,الأسعار، الأكل، النظافة، الخدمة,"[0, -1, 1, 1]","['الأسعار', 'الأكل', 'النظافة', 'الخدمة']"
Restaurants,0.0,نظافة المكان بشكل عام كانت مقبولة في حين أن تعامل الويترز كان عادياً بالإضافة إلى ذلك، أسعار المنيو تعتبر طبيعية مقارنة بالمطاعم الأخرى,النظافة، الخدمة، الأسعار,"[0, 0, 0]","['النظافة', 'الخدمة', 'الأسعار']"
Restaurants,0.0,بصراحة، نظافة المكان بشكل عام كانت مقبولة، كما أن الخدمة ممتازة واهتمام كبير بالزبائن في حين أن بالنسبة للأكل فهو بمستوى طبيعي، كما أن أسعار المنيو تعتبر طبيعية مقارنة بالمطاعم الأخرى,النظافة، الخدمة، الأكل، الأسعار,"[0, 1, 0, 0]","['النظافة', 'الخدمة', 'الأكل', 'الأسعار']"
Restaurants,0.0,قمت بتجربة هذا المكان وملاحظاتي هي: أسعار المنيو تعتبر طبيعية مقارنة بالمطاعم الأخرى، كما أن مستوى الخدمة لا بأس به,الأسعار، الخدمة,"[0, 0]","['الأسعار', 'الخدمة']"
Hotels,0.0,قمت بتجربة هذا المكان وملاحظاتي هي: طاقم الاستقبال كان عادياً في التعامل وبالنسبة للغرفة فـ للأسف كانت سيئة وغير نظيفة على الإطلاق وبالنسبة للموقع فـ موقع الفندق ممتاز جداً وإطلالته خرافية في حين أن بوفيه الإفطار كان تقليدياً ويقدم أصنافاً معتادة,الاستقبال، الغرفة، الموقع، الإفطار,"[0, -1, 1, 0]","['الاستقبال', 'الغرفة', 'الموقع', 'الإفطار']"
Restaurants,0.0,التجربة بشكل عام كانت متفاوتة، مستوى الخدمة لا بأس به بالإضافة إلى ذلك، الأسعار مبالغ فيها وغالية جداً في حين أن نظافة المكان بشكل عام كانت مقبولة. الأكل مقبول لكنني تذوقت أفضل منه,الخدمة، الأسعار، النظافة، الأكل,"[0, -1, 0, 0]","['الخدمة', 'الأسعار', 'النظافة', 'الأكل']"
Hotels,0.0,خلال عطلة نهاية الأسبوع ذهبنا إلى هناك، طاقم الاستقبال كان عادياً في التعامل بالإضافة إلى ذلك، موقع الفندق يعتبر متوسطا من حيث القرب للخدمات,الاستقبال، الموقع,"[0, 0]","['الاستقبال', 'الموقع']"
Hotels,1.0,في زيارتي الأخيرة، الموقع مقبول ولا بأس به مقارنة بالسعر. والغرفة واسعة ومريحة بشكل استثنائي في حين أن موظفو الاستقبال في قمة الرقي والتعاون,الموقع، الغرفة، الاستقبال,"[0, 1, 1]","['الموقع', 'الغرفة', 'الاستقبال']"
Attractions,0.0,قرأت تقييمات كثيرة وقررت التجربة، التنظيم داخل المرفق كان عاديا. ومساحة المكان وتصميمه مقبول ولا بأس به أما التذاكر فـ قيمة التذكرة عادية,التنظيم، المكان، التذاكر,"[0, 0, 0]","['التنظيم', 'المكان', 'التذاكر']"
Hotels,0.0,خلال عطلة نهاية الأسبوع ذهبنا إلى هناك، موقع المكان عادي ويمكن الوصول إليه بسهولة في حين أن موظفو الاستقبال قاموا بعملهم بشكل روتيني وبالنسبة للغرفة فـ بالنسبة للغرفة فهي بمستوى طبيعي ولا بأس بها، كما أن الإفطار كان مقبولاً لكنه يفتقر للتنوع,الموقع، الاستقبال، الغرفة، الإفطار,"[0, 0, 0, 0]","['الموقع', 'الاستقبال', 'الغرفة', 'الإفطار']"
Restaurants,0.0,بصراحة، المكان متسخ والطاولات غير نظيفة بالإضافة إلى ذلك، الأسعار كانت متوسطة ومناسبة لجودة المكان، كما أن الخدمة ممتازة واهتمام كبير بالزبائن وبالنسبة للأكل فـ مقبول لكنني تذوقت أفضل منه,النظافة، الأسعار، الخدمة، الأكل,"[-1, 0, 1, 0]","['النظافة', 'الأسعار', 'الخدمة', 'الأكل']"
Hotels,0.0,قرأت تقييمات كثيرة وقررت التجربة، موقع الفندق يعتبر متوسطا من حيث القرب للخدمات في حين أن وجبة الإفطار كانت عادية ولم تكن مميزة في حين أن الاستقبال كان مقبولا بشكل عام في حين أن الغرفة ضيقة جداً ومكتومة,الموقع، الإفطار، الاستقبال، الغرفة,"[0, 0, 0, -1]","['الموقع', 'الإفطار', 'الاستقبال', 'الغرفة']"
Restaurants,-1.0,المكان متسخ والطاولات غير نظيفة وبالنسبة للخدمة فـ مستوى لا بأس به,النظافة، الخدمة,"[-1, 0]","['النظافة', 'الخدمة']"
Attractions,-1.0,بصراحة، بشكل عام المكان طبيعي كأي حديقة أخرى بالإضافة إلى ذلك، الفعاليات مملة جداً ولا يوجد تجديد,المكان، الفعاليات,"[0, -1]","['المكان', 'الفعاليات']"
Attractions,-1.0,التجربة بشكل عام كانت متفاوتة، الأنشطة الموجودة لا بأس بها للأطفال وبالنسبة للتنظيم فـ لا بأس ب بشكل عام في حين أن أسعار التذاكر غالية جداً ومبالغ فيها,الفعاليات، التنظيم، التذاكر,"[0, 0, -1]","['الفعاليات', 'التنظيم', 'التذاكر']"
Restaurants,0.0,قمت بتجربة هذا المكان وملاحظاتي هي: طعم الأكل كان عادياً ولا يوجد فيه نكهة مميزة. والطاولات كانت نظيفة بشكل معتاد. والخدمة في المطعم كانت روتينية,الأكل، النظافة، الخدمة,"[0, 0, 0]","['الأكل', 'النظافة', 'الخدمة']"
Attractions,0.0,مساحة المكان وتصميمه مقبول ولا بأس به، كما أن سعر التذاكر كان متوسطا ومقبولا,المكان، التذاكر,"[0, 0]","['المكان', 'التذاكر']"
Restaurants,1.0,في زيارتي الأخيرة، نظافة المطعم ممتازة جداً أما الخدمة فـ ممتازة واهتمام كبير بالزبائن,النظافة، الخدمة,"[1, 1]","['النظافة', 'الخدمة']"
Restaurants,0.0,قمت بتجربة هذا المكان وملاحظاتي هي: نظافة المكان بشكل عام كانت مقبولة وبالنسبة للأسعار فـ كانت متوسطة ومناسبة لجودة المكان. الخدمة في المطعم كانت روتينية,النظافة، الأسعار، الخدمة,"[0, 0, 0]","['النظافة', 'الأسعار', 'الخدمة']"
Hotels,0.0,قرأت تقييمات كثيرة وقررت التجربة، طاقم الاستقبال كان عادياً في التعامل أما الغرفة فـ للأسف كانت سيئة وغير نظيفة على الإطلاق وبالنسبة للموقع فـ موقع الفندق ممتاز جداً وإطلالته خرافية,الاستقبال، الغرفة، الموقع,"[0, -1, 1]","['الاستقبال', 'الغرفة', 'الموقع']"
Attractions,1.0,خلال عطلة نهاية الأسبوع ذهبنا إلى هناك، التذاكر قيمتها ممتازة وتشمل خيارات كثيرة. لا بأس بالتنظيم بشكل عام,التذاكر، التنظيم,"[1, 0]","['التذاكر', 'التنظيم']"
Hotels,0.0,خلال عطلة نهاية الأسبوع ذهبنا إلى هناك، بالنسبة للإفطار فهو جيد نسبيا كأي فندق آخر في حين أن للأسف الغرفة كانت سيئة وغير نظيفة على الإطلاق في حين أن موظفو الاستقبال في قمة الرقي والتعاون في حين أن الموقع استراتيجي وقريب من كل الفعاليات,الإفطار، الغرفة، الاستقبال، الموقع,"[0, -1, 1, 1]","['الإفطار', 'الغرفة', 'الاستقبال', 'الموقع']"
Restaurants,0.0,بصراحة، المطعم غالي بشكل مبالغ فيه ولا يستحق وبالنسبة للنظافة فـ مستوى عادي ولا بأس به بالإضافة إلى ذلك، الخدمة سريعة جداً وطاقم العمل ودود,الأسعار، النظافة، الخدمة,"[-1, 0, 1]","['الأسعار', 'النظافة', 'الخدمة']"
Attractions,-1.0,في زيارتي الأخيرة، الفعاليات مقبولة وتمضية وقت ليس إلا، كما أن ترتيب الدخول كان يسير بشكل طبيعي بالإضافة إلى ذلك، التذكرة لا تستحق هذا السعر المرتفع إطلاقاً بالإضافة إلى ذلك، المكان كئيب وممل جداً,الفعاليات، التنظيم، التذاكر، المكان,"[0, 0, -1, -1]","['الفعاليات', 'التنظيم', 'التذاكر', 'المكان']"
Restaurants,0.0,بصراحة، السعر كان عاديا وليس مبالغا فيه أما الخدمة فـ في المطعم كانت روتينية,الأسعار، الخدمة,"[0, 0]","['الأسعار', 'الخدمة']"
Attractions,0.0,التجربة بشكل عام كانت متفاوتة، العروض المقدمة كانت في المستوى الطبيعي. والتنظيم داخل المرفق كان عاديا وبالنسبة للتذاكر فـ أسعار الدخول طبيعية مقارنة بالفعاليات. والوجهة كانت عادية ولم تبهرني كثيراً,الفعاليات، التنظيم، التذاكر، المكان,"[0, 0, 0, 0]","['الفعاليات', 'التنظيم', 'التذاكر', 'المكان']"
Restaurants,0.0,السعر كان عاديا وليس مبالغا فيه وبالنسبة للخدمة فـ سرعة كانت في المعدل الطبيعي والمقبول,الأسعار، الخدمة,"[0, 0]","['الأسعار', 'الخدمة']"
Attractions,0.0,بصراحة، المكان كئيب وممل جداً بالإضافة إلى ذلك، لا توجد فعاليات تذكر والأنشطة سيئة بالإضافة إلى ذلك، ترتيب الدخول كان يسير بشكل طبيعي. وأسعار التذاكر رخيصة جداً ومناسبة للجميع,المكان، الفعاليات، التنظيم، التذاكر,"[-1, -1, 0, 1]","['المكان', 'الفعاليات', 'التنظيم', 'التذاكر']"
Attractions,-1.0,بصراحة، الفعاليات كانت تقليدية ومكررة بالإضافة إلى ذلك، أسعار التذاكر غالية جداً ومبالغ فيها,الفعاليات، التذاكر,"[0, -1]","['الفعاليات', 'التذاكر']"
Restaurants,-1.0,التجربة بشكل عام كانت متفاوتة، المكان متسخ والطاولات غير نظيفة وبالنسبة للأكل فـ لم يعجبني إطلاقاً وكان دون المستوى,النظافة، الأكل,"[-1, -1]","['النظافة', 'الأكل']"
Hotels,0.0,خلال عطلة نهاية الأسبوع ذهبنا إلى هناك، الاستقبال كان مقبولا بشكل عام، كما أن بالنسبة للغرفة فهي بمستوى طبيعي ولا بأس بها,الاستقبال، الغرفة,"[0, 0]","['الاستقبال', 'الغرفة']"
Hotels,0.0,في زيارتي الأخيرة، الغرفة كانت عادية وتفي بالغرض، كما أن موظفو الاستقبال قاموا بعملهم بشكل روتيني في حين أن جودة الطعام في الإفطار كانت ضعيفة جداً وبالنسبة للموقع فـ مقبول ولا بأس به مقارنة بالسعر,الغرفة، الاستقبال، الإفطار، الموقع,"[0, 0, -1, 0]","['الغرفة', 'الاستقبال', 'الإفطار', 'الموقع']"
Attractions,0.0,التذاكر ليست رخيصة ولا غالية بل في المعقول وبالنسبة للتنظيم فالإدارة و بمستوى مقبول,التذاكر، التنظيم,"[0, 0]","['التذاكر', 'التنظيم']"
Hotels,0.0,بصراحة، الاستقبال كان مقبولا بشكل عام بالإضافة إلى ذلك، موقع الفندق سيء ويصعب الوصول إليه. والغرفة واسعة ومريحة بشكل استثنائي,الاستقبال، الموقع، الغرفة,"[0, -1, 1]","['الاستقبال', 'الموقع', 'الغرفة']"
Hotels,1.0,قمت بتجربة هذا المكان وملاحظاتي هي: ترحيب حار جداً من طاقم الاستقبال في حين أن بوفيه الإفطار مذهل ويحتوي على خيارات رائعة,الاستقبال، الإفطار,"[1, 1]","['الاستقبال', 'الإفطار']"
Hotels,1.0,الاستقبال كان مقبولا بشكل عام. أعجبتني الغرفة بنظافتها الفائقة وتصميمها الرائع,الاستقبال، الغرفة,"[0, 1]","['الاستقبال', 'الغرفة']"
Hotels,0.0,موقع الفندق يعتبر متوسطا من حيث القرب للخدمات في حين أن الغرفة كانت عادية وتفي بالغرض، كما أن الإفطار كان مقبولاً لكنه يفتقر للتنوع، كما أن الاستقبال كان مقبولا بشكل عام,الموقع، الغرفة، الإفطار، الاستقبال,"[0, 0, 0, 0]","['الموقع', 'الغرفة', 'الإفطار', 'الاستقبال']"
Hotels,0.0,بصراحة، موقع الفندق يعتبر متوسطا من حيث القرب للخدمات وبالنسبة للغرفة فـ أثاث يبدو عادياً ليس حديثاً ولا قديماً جداً. طاقم الاستقبال كان عادياً في التعامل بالإضافة إلى ذلك، الإفطار سيء جداً والخيارات محدودة,الموقع، الغرفة، الاستقبال، الإفطار,"[0, 0, 0, -1]","['الموقع', 'الغرفة', 'الاستقبال', 'الإفطار']"
Hotels,0.0,التجربة بشكل عام كانت متفاوتة، الاستقبال كان مقبولا بشكل عام في حين أن الموقع مقبول ولا بأس به مقارنة بالسعر وبالنسبة للغرفة فـ بالنسبة للغرفة فهي بمستوى طبيعي ولا بأس بها,الاستقبال، الموقع، الغرفة,"[0, 0, 0]","['الاستقبال', 'الموقع', 'الغرفة']"
Hotels,0.0,مساحة الغرفة كانت متوسطة كما توقعنا، كما أن الموقع بعيد جداً ومقطوع عن الخدمات وبالنسبة للاستقبال فـ موظفو في قمة الرقي والتعاون في حين أن بوفيه الإفطار كان تقليدياً ويقدم أصنافاً معتادة,الغرفة، الموقع، الاستقبال، الإفطار,"[0, -1, 1, 0]","['الغرفة', 'الموقع', 'الاستقبال', 'الإفطار']"
Restaurants,-1.0,التجربة بشكل عام كانت متفاوتة، المكان متسخ والطاولات غير نظيفة. والسعر كان عاديا وليس مبالغا فيه أما الأكل فالطلبات كانت متوسطة المستوى ولا بأس بها,النظافة، الأسعار، الأكل,"[-1, 0, 0]","['النظافة', 'الأسعار', 'الأكل']"
Restaurants,0.0,التجربة بشكل عام كانت متفاوتة، بالنسبة للأكل فهو بمستوى طبيعي، كما أن تعامل الويترز كان عادياً بالإضافة إلى ذلك، المطعم غالي بشكل مبالغ فيه ولا يستحق أما النظافة فالطاولات كانت نظيفة بشكل معتاد,الأكل، الخدمة، الأسعار، النظافة,"[0, 0, -1, 0]","['الأكل', 'الخدمة', 'الأسعار', 'النظافة']"
Restaurants,0.0,بصراحة، الطاولات كانت نظيفة بشكل معتاد. الطلبات كانت متوسطة المستوى ولا بأس بها,النظافة، الأكل,"[0, 0]","['النظافة', 'الأكل']"
Hotels,-1.0,قرأت تقييمات كثيرة وقررت التجربة، واجهنا بطء شديد ومماطلة من موظفي الاستقبال، كما أن موقع الفندق يعتبر متوسطا من حيث القرب للخدمات,الاستقبال، الموقع,"[-1, 0]","['الاستقبال', 'الموقع']"
Hotels,-1.0,في زيارتي الأخيرة، جودة الطعام في الإفطار كانت ضعيفة جداً في حين أن طاقم الاستقبال كان عادياً في التعامل وبالنسبة للموقع فـ موقع الفندق يعتبر متوسطا من حيث القرب للخدمات,الإفطار، الاستقبال، الموقع,"[-1, 0, 0]","['الإفطار', 'الاستقبال', 'الموقع']"
Attractions,1.0,بصراحة، سعر التذاكر كان متوسطا ومقبولا. ووجهة سياحية رائعة وتستحق الزيارة تكراراً,التذاكر، المكان,"[0, 1]","['التذاكر', 'المكان']"
Restaurants,0.0,طعم الأكل كان عادياً ولا يوجد فيه نكهة مميزة، كما أن سرعة الخدمة كانت في المعدل الطبيعي والمقبول وبالنسبة للنظافة فالمطعم نظيف لحد معقول، كما أن المطعم غالي بشكل مبالغ فيه ولا يستحق,الأكل، الخدمة، النظافة، الأسعار,"[0, 0, 0, -1]","['الأكل', 'الخدمة', 'النظافة', 'الأسعار']"
Hotels,-1.0,التجربة بشكل عام كانت متفاوتة، تعامل الاستقبال كان جافاً وغير احترافي بالإضافة إلى ذلك، الموقع مقبول ولا بأس به مقارنة بالسعر، كما أن جودة الطعام في الإفطار كانت ضعيفة جداً,الاستقبال، الموقع، الإفطار,"[-1, 0, -1]","['الاستقبال', 'الموقع', 'الإفطار']"
Restaurants,-1.0,خلال عطلة نهاية الأسبوع ذهبنا إلى هناك، لم يعجبني الأكل إطلاقاً وكان دون المستوى في حين أن مستوى النظافة عادي ولا بأس به وبالنسبة للأسعار فالمطعم غالي بشكل مبالغ فيه ولا يستحق أما الخدمة فـ في المطعم كانت روتينية,الأكل، النظافة، الأسعار، الخدمة,"[-1, 0, -1, 0]","['الأكل', 'النظافة', 'الأسعار', 'الخدمة']"
Restaurants,1.0,بصراحة، الطاولات كانت نظيفة بشكل معتاد في حين أن الخدمة ممتازة واهتمام كبير بالزبائن، كما أن أسعار المنيو تعتبر طبيعية مقارنة بالمطاعم الأخرى,النظافة، الخدمة، الأسعار,"[0, 1, 0]","['النظافة', 'الخدمة', 'الأسعار']"
Hotels,0.0,قمت بتجربة هذا المكان وملاحظاتي هي: موظفو الاستقبال قاموا بعملهم بشكل روتيني. ومساحة الغرفة كانت متوسطة كما توقعنا أما الإفطار فـ بالنسبة للإفطار فهو جيد نسبيا كأي فندق آخر. الموقع مقبول ولا بأس به مقارنة بالسعر,الاستقبال، الغرفة، الإفطار، الموقع,"[0, 0, 0, 0]","['الاستقبال', 'الغرفة', 'الإفطار', 'الموقع']"
Restaurants,0.0,النظافة معدومة في هذا المطعم في حين أن بالنسبة للأسعار فهي مقبولة إلى حد ما وبالنسبة للأكل فـ كان لذيذاً جداً وأنصح به بشدة,النظافة، الأسعار، الأكل,"[-1, 0, 1]","['النظافة', 'الأسعار', 'الأكل']"
Restaurants,-1.0,في زيارتي الأخيرة، مستوى النظافة عادي ولا بأس به، كما أن الخدمة بطيئة للغاية والعمال غير مهتمين,النظافة، الخدمة,"[0, -1]","['النظافة', 'الخدمة']"
Attractions,0.0,التجربة بشكل عام كانت متفاوتة، الفعاليات مقبولة وتمضية وقت ليس إلا، كما أن قيمة التذكرة عادية. ومساحة المكان وتصميمه مقبول ولا بأس به. لا بأس بالتنظيم بشكل عام,الفعاليات، التذاكر، المكان، التنظيم,"[0, 0, 0, 0]","['الفعاليات', 'التذاكر', 'المكان', 'التنظيم']"
Hotels,0.0,بصراحة، موظفو الاستقبال قاموا بعملهم بشكل روتيني في حين أن أثاث الغرفة يبدو عادياً ليس حديثاً ولا قديماً جداً,الاستقبال، الغرفة,"[0, 0]","['الاستقبال', 'الغرفة']"
Restaurants,0.0,بصراحة، نظافة المكان بشكل عام كانت مقبولة وبالنسبة للخدمة فـ تعامل الويترز كان عادياً,النظافة، الخدمة,"[0, 0]","['النظافة', 'الخدمة']"
Restaurants,0.0,طعم الأكل كان عادياً ولا يوجد فيه نكهة مميزة بالإضافة إلى ذلك، الطاولات كانت نظيفة بشكل معتاد,الأكل، النظافة,"[0, 0]","['الأكل', 'النظافة']"
Restaurants,0.0,قرأت تقييمات كثيرة وقررت التجربة، الخدمة في المطعم كانت روتينية. ومستوى النظافة عادي ولا بأس به,الخدمة، النظافة,"[0, 0]","['الخدمة', 'النظافة']"
Restaurants,0.0,قمت بتجربة هذا المكان وملاحظاتي هي: بالنسبة للأسعار فهي مقبولة إلى حد ما. الطاولات كانت نظيفة بشكل معتاد,الأسعار، النظافة,"[0, 0]","['الأسعار', 'النظافة']"
Restaurants,0.0,في زيارتي الأخيرة، قيمة رائعة مقابل المال والأسعار جداً معقولة وبالنسبة للخدمة فـ مستوى لا بأس به. الأكل مقبول لكنني تذوقت أفضل منه أما النظافة فـ نظافة المكان بشكل عام كانت مقبولة,الأسعار، الخدمة، الأكل، النظافة,"[1, 0, 0, 0]","['الأسعار', 'الخدمة', 'الأكل', 'النظافة']"
Hotels,0.0,في زيارتي الأخيرة، الغرفة ضيقة جداً ومكتومة. والإفطار كان لذيذاً ومتنوعاً جداً في حين أن إجراءات الدخول في الاستقبال كانت طبيعية ولم تستغرق وقتا طويلا أو قصيرا,الغرفة، الإفطار، الاستقبال,"[-1, 1, 0]","['الغرفة', 'الإفطار', 'الاستقبال']"
Restaurants,1.0,نظافة المكان بشكل عام كانت مقبولة أما الأكل فـ كل الأطباق كانت مطبوخة باحترافية وطعمها خيال,النظافة، الأكل,"[0, 1]","['النظافة', 'الأكل']"
Hotels,0.0,طاقم الاستقبال كان عادياً في التعامل بالإضافة إلى ذلك، بالنسبة للإفطار فهو جيد نسبيا كأي فندق آخر في حين أن الموقع مقبول ولا بأس به مقارنة بالسعر,الاستقبال، الإفطار، الموقع,"[0, 0, 0]","['الاستقبال', 'الإفطار', 'الموقع']"
Attractions,0.0,قرأت تقييمات كثيرة وقررت التجربة، الوجهة كانت عادية ولم تبهرني كثيراً وبالنسبة للفعاليات فـ مقبولة وتمضية وقت ليس إلا بالإضافة إلى ذلك، قيمة التذكرة عادية,المكان، الفعاليات، التذاكر,"[0, 0, 0]","['المكان', 'الفعاليات', 'التذاكر']"
Hotels,-1.0,قمت بتجربة هذا المكان وملاحظاتي هي: واجهنا بطء شديد ومماطلة من موظفي الاستقبال. الغرفة كانت عادية وتفي بالغرض,الاستقبال، الغرفة,"[-1, 0]","['الاستقبال', 'الغرفة']"
Restaurants,0.0,المطعم نظيف لحد معقول وبالنسبة للأسعار فـ كانت متوسطة ومناسبة لجودة المكان. وسرعة الخدمة كانت في المعدل الطبيعي والمقبول بالإضافة إلى ذلك، الطلبات كانت متوسطة المستوى ولا بأس بها,النظافة، الأسعار، الخدمة، الأكل,"[0, 0, 0, 0]","['النظافة', 'الأسعار', 'الخدمة', 'الأكل']"
Hotels,0.0,التجربة بشكل عام كانت متفاوتة، الإفطار كان مقبولاً لكنه يفتقر للتنوع بالإضافة إلى ذلك، موقع المكان عادي ويمكن الوصول إليه بسهولة,الإفطار، الموقع,"[0, 0]","['الإفطار', 'الموقع']"
Attractions,0.0,العروض المقدمة كانت في المستوى الطبيعي، كما أن الوجهة كانت عادية ولم تبهرني كثيراً في حين أن قيمة التذكرة عادية,الفعاليات، المكان، التذاكر,"[0, 0, 0]","['الفعاليات', 'المكان', 'التذاكر']"
Restaurants,1.0,قمت بتجربة هذا المكان وملاحظاتي هي: الأكل مقبول لكنني تذوقت أفضل منه. والخدمة في المطعم كانت روتينية، كما أن المكان يلمع من النظافة والاهتمام بالتفاصيل,الأكل، الخدمة، النظافة,"[0, 0, 1]","['الأكل', 'الخدمة', 'النظافة']"
Hotels,0.0,قمت بتجربة هذا المكان وملاحظاتي هي: موظفو الاستقبال قاموا بعملهم بشكل روتيني أما الموقع فـ موقع المكان عادي ويمكن الوصول إليه بسهولة وبالنسبة للغرفة فـ بالنسبة للغرفة فهي بمستوى طبيعي ولا بأس بها بالإضافة إلى ذلك، الإفطار كان مقبولاً لكنه يفتقر للتنوع,الاستقبال، الموقع، الغرفة، الإفطار,"[0, 0, 0, 0]","['الاستقبال', 'الموقع', 'الغرفة', 'الإفطار']"
Restaurants,0.0,بصراحة، طعم الأكل كان عادياً ولا يوجد فيه نكهة مميزة، كما أن الخدمة ممتازة واهتمام كبير بالزبائن. والطاولات كانت نظيفة بشكل معتاد أما الأسعار فـ مبالغ فيها وغالية جداً,الأكل، الخدمة، النظافة، الأسعار,"[0, 1, 0, -1]","['الأكل', 'الخدمة', 'النظافة', 'الأسعار']"
Restaurants,0.0,الطاولات كانت نظيفة بشكل معتاد أما الأكل فـ مقبول لكنني تذوقت أفضل منه,النظافة، الأكل,"[0, 0]","['النظافة', 'الأكل']"
Hotels,-1.0,قمت بتجربة هذا المكان وملاحظاتي هي: للأسف الغرفة كانت سيئة وغير نظيفة على الإطلاق، كما أن وجبة الإفطار كانت عادية ولم تكن مميزة أما الاستقبال فـ تعامل كان جافاً وغير احترافي,الغرفة، الإفطار، الاستقبال,"[-1, 0, -1]","['الغرفة', 'الإفطار', 'الاستقبال']"
Attractions,0.0,في زيارتي الأخيرة، المكان يعتبر جيد لقضاء بعض الوقت أما الفعاليات فالأنشطة الموجودة لا بأس بها للأطفال,المكان، الفعاليات,"[0, 0]","['المكان', 'الفعاليات']"
Attractions,0.0,بصراحة، التذكرة لا تستحق هذا السعر المرتفع إطلاقاً في حين أن الإدارة والتنظيم بمستوى مقبول بالإضافة إلى ذلك، المكان يعتبر جيد لقضاء بعض الوقت بالإضافة إلى ذلك، الفعاليات مقبولة وتمضية وقت ليس إلا,التذاكر، التنظيم، المكان، الفعاليات,"[-1, 0, 0, 0]","['التذاكر', 'التنظيم', 'المكان', 'الفعاليات']"
Hotels,0.0,خلال عطلة نهاية الأسبوع ذهبنا إلى هناك، الموقع بعيد جداً ومقطوع عن الخدمات، كما أن بالنسبة للإفطار فهو جيد نسبيا كأي فندق آخر. الغرفة كانت عادية وتفي بالغرض. موظفو الاستقبال قاموا بعملهم بشكل روتيني,الموقع، الإفطار، الغرفة، الاستقبال,"[-1, 0, 0, 0]","['الموقع', 'الإفطار', 'الغرفة', 'الاستقبال']"
Restaurants,0.0,التجربة بشكل عام كانت متفاوتة، مستوى الخدمة لا بأس به وبالنسبة للأسعار فـ كانت متوسطة ومناسبة لجودة المكان,الخدمة، الأسعار,"[0, 0]","['الخدمة', 'الأسعار']"
Restaurants,0.0,في زيارتي الأخيرة، الأكل مقبول لكنني تذوقت أفضل منه في حين أن الأسعار مبالغ فيها وغالية جداً، كما أن الخدمة سريعة جداً وطاقم العمل ودود وبالنسبة للنظافة فـ نظافة المكان بشكل عام كانت مقبولة,الأكل، الأسعار، الخدمة، النظافة,"[0, -1, 1, 0]","['الأكل', 'الأسعار', 'الخدمة', 'النظافة']"
Hotels,1.0,قرأت تقييمات كثيرة وقررت التجربة، موقع الفندق يعتبر متوسطا من حيث القرب للخدمات بالإضافة إلى ذلك، الغرفة واسعة ومريحة بشكل استثنائي أما الإفطار فـ وجبة كانت عادية ولم تكن مميزة بالإضافة إلى ذلك، ترحيب حار جداً من طاقم الاستقبال,الموقع، الغرفة، الإفطار، الاستقبال,"[0, 1, 0, 1]","['الموقع', 'الغرفة', 'الإفطار', 'الاستقبال']"
Hotels,0.0,قرأت تقييمات كثيرة وقررت التجربة، موقع المكان عادي ويمكن الوصول إليه بسهولة. موظفو الاستقبال قاموا بعملهم بشكل روتيني,الموقع، الاستقبال,"[0, 0]","['الموقع', 'الاستقبال']"
Attractions,0.0,بصراحة، الفعاليات مملة جداً ولا يوجد تجديد أما التذاكر فـ قيمة التذكرة عادية. الإدارة والتنظيم بمستوى مقبول، كما أن الوجهة كانت عادية ولم تبهرني كثيراً,الفعاليات، التذاكر، التنظيم، المكان,"[-1, 0, 0, 0]","['الفعاليات', 'التذاكر', 'التنظيم', 'المكان']"
Restaurants,0.0,قرأت تقييمات كثيرة وقررت التجربة، مستوى النظافة عادي ولا بأس به، كما أن الأسعار كانت متوسطة ومناسبة لجودة المكان,النظافة، الأسعار,"[0, 0]","['النظافة', 'الأسعار']"
Hotels,-1.0,قرأت تقييمات كثيرة وقررت التجربة، للأسف الغرفة كانت سيئة وغير نظيفة على الإطلاق وبالنسبة للإفطار فـ بالنسبة للإفطار فهو جيد نسبيا كأي فندق آخر,الغرفة، الإفطار,"[-1, 0]","['الغرفة', 'الإفطار']"
Attractions,0.0,قرأت تقييمات كثيرة وقررت التجربة، ترتيب الدخول كان يسير بشكل طبيعي وبالنسبة للفعاليات فالعروض المقدمة كانت في المستوى الطبيعي,التنظيم، الفعاليات,"[0, 0]","['التنظيم', 'الفعاليات']"
Attractions,-1.0,قرأت تقييمات كثيرة وقررت التجربة، أسعار التذاكر غالية جداً ومبالغ فيها في حين أن التنظيم سيء جداً وهناك عشوائية في المكان,التذاكر، التنظيم,"[-1, -1]","['التذاكر', 'التنظيم']"
Attractions,0.0,لا بأس بالتنظيم بشكل عام في حين أن الوجهة كانت عادية ولم تبهرني كثيراً بالإضافة إلى ذلك، الفعاليات كانت تقليدية ومكررة,التنظيم، المكان، الفعاليات,"[0, 0, 0]","['التنظيم', 'المكان', 'الفعاليات']"
Attractions,0.0,التجربة بشكل عام كانت متفاوتة، المكان كئيب وممل جداً وبالنسبة للتذاكر فـ ليست رخيصة ولا غالية بل في المعقول. الفعاليات كانت تقليدية ومكررة وبالنسبة للتنظيم فـ داخل المرفق كان عاديا,المكان، التذاكر، الفعاليات، التنظيم,"[-1, 0, 0, 0]","['المكان', 'التذاكر', 'الفعاليات', 'التنظيم']"
Restaurants,0.0,التجربة بشكل عام كانت متفاوتة، السعر كان عاديا وليس مبالغا فيه وبالنسبة للخدمة فـ في المطعم كانت روتينية، كما أن نظافة المكان بشكل عام كانت مقبولة,الأسعار، الخدمة، النظافة,"[0, 0, 0]","['الأسعار', 'الخدمة', 'النظافة']"
Attractions,0.0,في زيارتي الأخيرة، الوجهة كانت عادية ولم تبهرني كثيراً. والعروض المقدمة كانت في المستوى الطبيعي. والتذاكر ليست رخيصة ولا غالية بل في المعقول بالإضافة إلى ذلك، ترتيب الدخول كان يسير بشكل طبيعي,المكان، الفعاليات، التذاكر، التنظيم,"[0, 0, 0, 0]","['المكان', 'الفعاليات', 'التذاكر', 'التنظيم']"
Attractions,0.0,خلال عطلة نهاية الأسبوع ذهبنا إلى هناك، أسعار التذاكر غالية جداً ومبالغ فيها. والأنشطة والفعاليات ممتعة جداً ومليئة بالحماس، كما أن الوجهة كانت عادية ولم تبهرني كثيراً,التذاكر، الفعاليات، المكان,"[-1, 1, 0]","['التذاكر', 'الفعاليات', 'المكان']"
Restaurants,0.0,بالنسبة للأسعار فهي مقبولة إلى حد ما. تعامل الويترز كان عادياً. طعم الأكل كان عادياً ولا يوجد فيه نكهة مميزة. والطاولات كانت نظيفة بشكل معتاد,الأسعار، الخدمة، الأكل، النظافة,"[0, 0, 0, 0]","['الأسعار', 'الخدمة', 'الأكل', 'النظافة']"
Hotels,0.0,قرأت تقييمات كثيرة وقررت التجربة، طاقم الاستقبال كان عادياً في التعامل. مساحة الغرفة كانت متوسطة كما توقعنا أما الموقع فـ موقع الفندق سيء ويصعب الوصول إليه في حين أن وجبة الإفطار كانت عادية ولم تكن مميزة,الاستقبال، الغرفة، الموقع، الإفطار,"[0, 0, -1, 0]","['الاستقبال', 'الغرفة', 'الموقع', 'الإفطار']"
Restaurants,1.0,بصراحة، قيمة رائعة مقابل المال والأسعار جداً معقولة. والأكل مقبول لكنني تذوقت أفضل منه,الأسعار، الأكل,"[1, 0]","['الأسعار', 'الأكل']"
Restaurants,0.0,الخدمة في المطعم كانت روتينية. مستوى النظافة عادي ولا بأس به. طعم الأكل كان عادياً ولا يوجد فيه نكهة مميزة,الخدمة، النظافة، الأكل,"[0, 0, 0]","['الخدمة', 'النظافة', 'الأكل']"
Hotels,1.0,في زيارتي الأخيرة، موقع الفندق يعتبر متوسطا من حيث القرب للخدمات أما الغرفة فـ واسعة ومريحة بشكل استثنائي. وبالنسبة للإفطار فهو جيد نسبيا كأي فندق آخر,الموقع، الغرفة، الإفطار,"[0, 1, 0]","['الموقع', 'الغرفة', 'الإفطار']"
Restaurants,-1.0,بالنسبة للأسعار فهي مقبولة إلى حد ما وبالنسبة للنظافة فـ معدومة في هذا المطعم في حين أن تعامل الويترز كان عادياً,الأسعار، النظافة، الخدمة,"[0, -1, 0]","['الأسعار', 'النظافة', 'الخدمة']"
Hotels,1.0,خلال عطلة نهاية الأسبوع ذهبنا إلى هناك، بالنسبة للإفطار فهو جيد نسبيا كأي فندق آخر وبالنسبة للموقع فـ موقع الفندق ممتاز جداً وإطلالته خرافية، كما أن مساحة الغرفة كانت متوسطة كما توقعنا,الإفطار، الموقع، الغرفة,"[0, 1, 0]","['الإفطار', 'الموقع', 'الغرفة']"
Restaurants,1.0,خلال عطلة نهاية الأسبوع ذهبنا إلى هناك، الأكل مقبول لكنني تذوقت أفضل منه أما النظافة فـ مستوى عادي ولا بأس به بالإضافة إلى ذلك، الخدمة ممتازة واهتمام كبير بالزبائن,الأكل، النظافة، الخدمة,"[0, 0, 1]","['الأكل', 'النظافة', 'الخدمة']"
Attractions,0.0,في زيارتي الأخيرة، مساحة المكان وتصميمه مقبول ولا بأس به. والعروض المقدمة كانت في المستوى الطبيعي,المكان، الفعاليات,"[0, 0]","['المكان', 'الفعاليات']"
Hotels,0.0,قمت بتجربة هذا المكان وملاحظاتي هي: الإفطار كان مقبولاً لكنه يفتقر للتنوع أما الغرفة فـ مساحة كانت متوسطة كما توقعنا في حين أن الاستقبال كان مقبولا بشكل عام بالإضافة إلى ذلك، الموقع مقبول ولا بأس به مقارنة بالسعر,الإفطار، الغرفة، الاستقبال، الموقع,"[0, 0, 0, 0]","['الإفطار', 'الغرفة', 'الاستقبال', 'الموقع']"
Restaurants,0.0,التجربة بشكل عام كانت متفاوتة، المكان متسخ والطاولات غير نظيفة، كما أن الخدمة سريعة جداً وطاقم العمل ودود أما الأسعار فـ كانت متوسطة ومناسبة لجودة المكان في حين أن بالنسبة للأكل فهو بمستوى طبيعي,النظافة، الخدمة، الأسعار، الأكل,"[-1, 1, 0, 0]","['النظافة', 'الخدمة', 'الأسعار', 'الأكل']"
Attractions,0.0,قمت بتجربة هذا المكان وملاحظاتي هي: الوجهة كانت عادية ولم تبهرني كثيراً. وقيمة التذكرة عادية. الأنشطة الموجودة لا بأس بها للأطفال. ترتيب الدخول كان يسير بشكل طبيعي,المكان، التذاكر، الفعاليات، التنظيم,"[0, 0, 0, 0]","['المكان', 'التذاكر', 'الفعاليات', 'التنظيم']"
Attractions,1.0,خلال عطلة نهاية الأسبوع ذهبنا إلى هناك، التذاكر قيمتها ممتازة وتشمل خيارات كثيرة بالإضافة إلى ذلك، الأنشطة الموجودة لا بأس بها للأطفال أما التنظيم فـ ترتيب الدخول كان يسير بشكل طبيعي,التذاكر، الفعاليات، التنظيم,"[1, 0, 0]","['التذاكر', 'الفعاليات', 'التنظيم']"
Restaurants,0.0,بصراحة، الأسعار مبالغ فيها وغالية جداً في حين أن الخدمة سريعة جداً وطاقم العمل ودود,الأسعار، الخدمة,"[-1, 1]","['الأسعار', 'الخدمة']"
Attractions,1.0,أسعار الدخول طبيعية مقارنة بالفعاليات. والأنشطة والفعاليات ممتعة جداً ومليئة بالحماس,التذاكر، الفعاليات,"[0, 1]","['التذاكر', 'الفعاليات']"
Hotels,1.0,بصراحة، الغرفة كانت عادية وتفي بالغرض، كما أن موقع الفندق ممتاز جداً وإطلالته خرافية,الغرفة، الموقع,"[0, 1]","['الغرفة', 'الموقع']"
Hotels,-1.0,الغرفة كانت عادية وتفي بالغرض، كما أن موظفو الاستقبال قاموا بعملهم بشكل روتيني وبالنسبة للإفطار فـ جودة الطعام في كانت ضعيفة جداً,الغرفة، الاستقبال، الإفطار,"[0, 0, -1]","['الغرفة', 'الاستقبال', 'الإفطار']"
Restaurants,0.0,قمت بتجربة هذا المكان وملاحظاتي هي: سرعة الخدمة كانت في المعدل الطبيعي والمقبول في حين أن السعر كان عاديا وليس مبالغا فيه. والمطعم نظيف لحد معقول أما الأكل فـ مقبول لكنني تذوقت أفضل منه,الخدمة، الأسعار، النظافة، الأكل,"[0, 0, 0, 0]","['الخدمة', 'الأسعار', 'النظافة', 'الأكل']"
Hotels,1.0,خلال عطلة نهاية الأسبوع ذهبنا إلى هناك، الموقع لا يتميز بشيء خاص ولكنه مناسب بالإضافة إلى ذلك، الإفطار كان لذيذاً ومتنوعاً جداً أما الاستقبال فـ موظفو في قمة الرقي والتعاون,الموقع، الإفطار، الاستقبال,"[0, 1, 1]","['الموقع', 'الإفطار', 'الاستقبال']"
Hotels,0.0,قمت بتجربة هذا المكان وملاحظاتي هي: الموقع مقبول ولا بأس به مقارنة بالسعر بالإضافة إلى ذلك، الإفطار كان مقبولاً لكنه يفتقر للتنوع، كما أن إجراءات الدخول في الاستقبال كانت طبيعية ولم تستغرق وقتا طويلا أو قصيرا في حين أن الغرفة كانت عادية وتفي بالغرض,الموقع، الإفطار، الاستقبال، الغرفة,"[0, 0, 0, 0]","['الموقع', 'الإفطار', 'الاستقبال', 'الغرفة']"
Attractions,0.0,التجربة بشكل عام كانت متفاوتة، التنظيم سيء جداً وهناك عشوائية في المكان في حين أن الوجهة كانت عادية ولم تبهرني كثيراً، كما أن الفعاليات كانت تقليدية ومكررة. والتذاكر قيمتها ممتازة وتشمل خيارات كثيرة,التنظيم، المكان، الفعاليات، التذاكر,"[-1, 0, 0, 1]","['التنظيم', 'المكان', 'الفعاليات', 'التذاكر']"
Restaurants,1.0,في زيارتي الأخيرة، الأكل كان لذيذاً جداً وأنصح به بشدة. مستوى النظافة عادي ولا بأس به. وقيمة رائعة مقابل المال والأسعار جداً معقولة وبالنسبة للخدمة فـ مستوى لا بأس به,الأكل، النظافة، الأسعار، الخدمة,"[1, 0, 1, 0]","['الأكل', 'النظافة', 'الأسعار', 'الخدمة']"
Restaurants,0.0,الخدمة بطيئة للغاية والعمال غير مهتمين أما الأكل فالطلبات كانت متوسطة المستوى ولا بأس بها أما الأسعار فـ ممتازة ورخيصة مقارنة بالكمية,الخدمة، الأكل، الأسعار,"[-1, 0, 1]","['الخدمة', 'الأكل', 'الأسعار']"
Attractions,0.0,في زيارتي الأخيرة، المكان كئيب وممل جداً أما الفعاليات فالأنشطة و ممتعة جداً ومليئة بالحماس وبالنسبة للتذاكر فـ سعر كان متوسطا ومقبولا. الإدارة والتنظيم بمستوى مقبول,المكان، الفعاليات، التذاكر، التنظيم,"[-1, 1, 0, 0]","['المكان', 'الفعاليات', 'التذاكر', 'التنظيم']"
Hotels,0.0,خلال عطلة نهاية الأسبوع ذهبنا إلى هناك، الإفطار كان مقبولاً لكنه يفتقر للتنوع. والاستقبال كان مقبولا بشكل عام وبالنسبة للموقع فـ موقع الفندق يعتبر متوسطا من حيث القرب للخدمات. ومساحة الغرفة كانت متوسطة كما توقعنا,الإفطار، الاستقبال، الموقع، الغرفة,"[0, 0, 0, 0]","['الإفطار', 'الاستقبال', 'الموقع', 'الغرفة']"
Attractions,1.0,قرأت تقييمات كثيرة وقررت التجربة، المكان يعتبر جيد لقضاء بعض الوقت. مرتبين جداً والتنظيم احترافي. وعروض رائعة ومتنوعة تناسب كل الأعمار,المكان، التنظيم، الفعاليات,"[0, 1, 1]","['المكان', 'التنظيم', 'الفعاليات']"
Hotels,-1.0,بصراحة، طاقم الاستقبال كان عادياً في التعامل وبالنسبة للإفطار فـ سيء جداً والخيارات محدودة أما الموقع فـ موقع الفندق يعتبر متوسطا من حيث القرب للخدمات,الاستقبال، الإفطار، الموقع,"[0, -1, 0]","['الاستقبال', 'الإفطار', 'الموقع']"
Hotels,-1.0,قمت بتجربة هذا المكان وملاحظاتي هي: الإفطار سيء جداً والخيارات محدودة في حين أن الموقع مقبول ولا بأس به مقارنة بالسعر. للأسف الغرفة كانت سيئة وغير نظيفة على الإطلاق بالإضافة إلى ذلك، واجهنا بطء شديد ومماطلة من موظفي الاستقبال,الإفطار، الموقع، الغرفة، الاستقبال,"[-1, 0, -1, -1]","['الإفطار', 'الموقع', 'الغرفة', 'الاستقبال']"
Attractions,0.0,في زيارتي الأخيرة، قيمة التذكرة عادية أما الفعاليات فـ لا توجد فعاليات تذكر والأنشطة سيئة وبالنسبة للمكان فـ يعتبر جيد لقضاء بعض الوقت وبالنسبة للتنظيم فـ ترتيب الدخول كان يسير بشكل طبيعي,التذاكر، الفعاليات، المكان، التنظيم,"[0, -1, 0, 0]","['التذاكر', 'الفعاليات', 'المكان', 'التنظيم']"
Hotels,-1.0,موقع الفندق سيء ويصعب الوصول إليه وبالنسبة للغرفة فـ بالنسبة للغرفة فهي بمستوى طبيعي ولا بأس بها. موظفو الاستقبال قاموا بعملهم بشكل روتيني,الموقع، الغرفة، الاستقبال,"[-1, 0, 0]","['الموقع', 'الغرفة', 'الاستقبال']"
Attractions,1.0,بصراحة، ترتيب الدخول كان يسير بشكل طبيعي، كما أن الفعاليات مقبولة وتمضية وقت ليس إلا بالإضافة إلى ذلك، أسعار التذاكر رخيصة جداً ومناسبة للجميع,التنظيم، الفعاليات، التذاكر,"[0, 0, 1]","['التنظيم', 'الفعاليات', 'التذاكر']"
Restaurants,1.0,قرأت تقييمات كثيرة وقررت التجربة، قيمة رائعة مقابل المال والأسعار جداً معقولة أما الأكل فالطلبات كانت متوسطة المستوى ولا بأس بها في حين أن الطاولات كانت نظيفة بشكل معتاد أما الخدمة فـ ممتازة واهتمام كبير بالزبائن,الأسعار، الأكل، النظافة، الخدمة,"[1, 0, 0, 1]","['الأسعار', 'الأكل', 'النظافة', 'الخدمة']"
Restaurants,-1.0,خلال عطلة نهاية الأسبوع ذهبنا إلى هناك، المطعم نظيف لحد معقول بالإضافة إلى ذلك، أسوأ خدمة جربتها في حياتي,النظافة، الخدمة,"[0, -1]","['النظافة', 'الخدمة']"
Attractions,0.0,قمت بتجربة هذا المكان وملاحظاتي هي: لا بأس بالتنظيم بشكل عام وبالنسبة للمكان فالوجهة كانت عادية ولم تبهرني كثيراً بالإضافة إلى ذلك، التذاكر ليست رخيصة ولا غالية بل في المعقول وبالنسبة للفعاليات فالعروض المقدمة كانت في المستوى الطبيعي,التنظيم، المكان، التذاكر، الفعاليات,"[0, 0, 0, 0]","['التنظيم', 'المكان', 'التذاكر', 'الفعاليات']"
Hotels,-1.0,في زيارتي الأخيرة، الإفطار سيء جداً والخيارات محدودة في حين أن موقع المكان عادي ويمكن الوصول إليه بسهولة,الإفطار، الموقع,"[-1, 0]","['الإفطار', 'الموقع']"
Restaurants,0.0,المكان يلمع من النظافة والاهتمام بالتفاصيل أما الأكل فـ لم يعجبني إطلاقاً وكان دون المستوى,النظافة، الأكل,"[1, -1]","['النظافة', 'الأكل']"
Restaurants,-1.0,قرأت تقييمات كثيرة وقررت التجربة، بالنسبة للأسعار فهي مقبولة إلى حد ما أما الخدمة فـ أسوأ خدمة جربتها في حياتي,الأسعار، الخدمة,"[0, -1]","['الأسعار', 'الخدمة']"
Attractions,0.0,في زيارتي الأخيرة، أسعار الدخول طبيعية مقارنة بالفعاليات في حين أن المكان يعتبر جيد لقضاء بعض الوقت,التذاكر، المكان,"[0, 0]","['التذاكر', 'المكان']"
Attractions,1.0,بصراحة، أسعار التذاكر رخيصة جداً ومناسبة للجميع. والتنظيم رائع جداً وسلس للغاية. ولا توجد فعاليات تذكر والأنشطة سيئة,التذاكر، التنظيم، الفعاليات,"[1, 1, -1]","['التذاكر', 'التنظيم', 'الفعاليات']"
Attractions,0.0,قمت بتجربة هذا المكان وملاحظاتي هي: الفعاليات مقبولة وتمضية وقت ليس إلا. والمكان يعتبر جيد لقضاء بعض الوقت,الفعاليات، المكان,"[0, 0]","['الفعاليات', 'المكان']"
Hotels,0.0,التجربة بشكل عام كانت متفاوتة، موقع الفندق يعتبر متوسطا من حيث القرب للخدمات. وموظفو الاستقبال قاموا بعملهم بشكل روتيني في حين أن الغرفة واسعة ومريحة بشكل استثنائي، كما أن الإفطار سيء جداً والخيارات محدودة,الموقع، الاستقبال، الغرفة، الإفطار,"[0, 0, 1, -1]","['الموقع', 'الاستقبال', 'الغرفة', 'الإفطار']"
Hotels,1.0,خلال عطلة نهاية الأسبوع ذهبنا إلى هناك، أعجبتني الغرفة بنظافتها الفائقة وتصميمها الرائع، كما أن موظفو الاستقبال قاموا بعملهم بشكل روتيني بالإضافة إلى ذلك، موقع الفندق يعتبر متوسطا من حيث القرب للخدمات,الغرفة، الاستقبال، الموقع,"[1, 0, 0]","['الغرفة', 'الاستقبال', 'الموقع']"
Restaurants,0.0,قرأت تقييمات كثيرة وقررت التجربة، أسعار المنيو تعتبر طبيعية مقارنة بالمطاعم الأخرى بالإضافة إلى ذلك، النظافة معدومة في هذا المطعم. بالنسبة للأكل فهو بمستوى طبيعي، كما أن مستوى الخدمة لا بأس به,الأسعار، النظافة، الأكل، الخدمة,"[0, -1, 0, 0]","['الأسعار', 'النظافة', 'الأكل', 'الخدمة']"
Attractions,0.0,قرأت تقييمات كثيرة وقررت التجربة، لا بأس بالتنظيم بشكل عام أما المكان فالوجهة كانت عادية ولم تبهرني كثيراً. والتذاكر ليست رخيصة ولا غالية بل في المعقول في حين أن الفعاليات كانت تقليدية ومكررة,التنظيم، المكان، التذاكر، الفعاليات,"[0, 0, 0, 0]","['التنظيم', 'المكان', 'التذاكر', 'الفعاليات']"
Restaurants,1.0,بصراحة، الطلبات كانت متوسطة المستوى ولا بأس بها. وسرعة الخدمة كانت في المعدل الطبيعي والمقبول. ونظافة المطعم ممتازة جداً,الأكل، الخدمة، النظافة,"[0, 0, 1]","['الأكل', 'الخدمة', 'النظافة']"
Attractions,0.0,قرأت تقييمات كثيرة وقررت التجربة، ترتيب الدخول كان يسير بشكل طبيعي بالإضافة إلى ذلك، الأنشطة الموجودة لا بأس بها للأطفال. وقيمة التذكرة عادية، كما أن المكان يعتبر جيد لقضاء بعض الوقت,التنظيم، الفعاليات، التذاكر، المكان,"[0, 0, 0, 0]","['التنظيم', 'الفعاليات', 'التذاكر', 'المكان']"
Hotels,0.0,خلال عطلة نهاية الأسبوع ذهبنا إلى هناك، للأسف الغرفة كانت سيئة وغير نظيفة على الإطلاق في حين أن موظفو الاستقبال في قمة الرقي والتعاون,الغرفة، الاستقبال,"[-1, 1]","['الغرفة', 'الاستقبال']"
Hotels,0.0,التجربة بشكل عام كانت متفاوتة، مساحة الغرفة كانت متوسطة كما توقعنا، كما أن بالنسبة للإفطار فهو جيد نسبيا كأي فندق آخر، كما أن الموقع بعيد جداً ومقطوع عن الخدمات بالإضافة إلى ذلك، الاستقبال كان مقبولا بشكل عام,الغرفة، الإفطار، الموقع، الاستقبال,"[0, 0, -1, 0]","['الغرفة', 'الإفطار', 'الموقع', 'الاستقبال']"
Restaurants,-1.0,قمت بتجربة هذا المكان وملاحظاتي هي: تعامل الويترز كان عادياً. وطعم الأكل كان عادياً ولا يوجد فيه نكهة مميزة. الأسعار مبالغ فيها وغالية جداً. المكان متسخ والطاولات غير نظيفة,الخدمة، الأكل، الأسعار، النظافة,"[0, 0, -1, -1]","['الخدمة', 'الأكل', 'الأسعار', 'النظافة']"
Hotels,0.0,في زيارتي الأخيرة، موظفو الاستقبال قاموا بعملهم بشكل روتيني أما الغرفة فـ مساحة كانت متوسطة كما توقعنا,الاستقبال، الغرفة,"[0, 0]","['الاستقبال', 'الغرفة']"
Hotels,0.0,بصراحة، موقع المكان عادي ويمكن الوصول إليه بسهولة في حين أن موظفو الاستقبال قاموا بعملهم بشكل روتيني بالإضافة إلى ذلك، بوفيه الإفطار مذهل ويحتوي على خيارات رائعة. والغرفة ضيقة جداً ومكتومة,الموقع، الاستقبال، الإفطار، الغرفة,"[0, 0, 1, -1]","['الموقع', 'الاستقبال', 'الإفطار', 'الغرفة']"
Attractions,0.0,التجربة بشكل عام كانت متفاوتة، التنظيم داخل المرفق كان عاديا. التذاكر ليست رخيصة ولا غالية بل في المعقول. مساحة المكان وتصميمه مقبول ولا بأس به,التنظيم، التذاكر، المكان,"[0, 0, 0]","['التنظيم', 'التذاكر', 'المكان']"
Attractions,0.0,قرأت تقييمات كثيرة وقررت التجربة، لا بأس بالتنظيم بشكل عام. وأسعار الدخول طبيعية مقارنة بالفعاليات، كما أن بشكل عام المكان طبيعي كأي حديقة أخرى,التنظيم، التذاكر، المكان,"[0, 0, 0]","['التنظيم', 'التذاكر', 'المكان']"
Attractions,0.0,بصراحة، الفعاليات مقبولة وتمضية وقت ليس إلا في حين أن التذاكر قيمتها ممتازة وتشمل خيارات كثيرة. التنظيم داخل المرفق كان عاديا في حين أن المكان يعتبر جيد لقضاء بعض الوقت,الفعاليات، التذاكر، التنظيم، المكان,"[0, 1, 0, 0]","['الفعاليات', 'التذاكر', 'التنظيم', 'المكان']"
Restaurants,-1.0,التجربة بشكل عام كانت متفاوتة، الأكل كان بارداً وطعمه سيء جداً وبالنسبة للخدمة فـ في المطعم كانت روتينية,الأكل، الخدمة,"[-1, 0]","['الأكل', 'الخدمة']"
Restaurants,0.0,خلال عطلة نهاية الأسبوع ذهبنا إلى هناك، الأسعار مبالغ فيها وغالية جداً. والمطعم نظيف لحد معقول في حين أن الخدمة في المطعم كانت روتينية في حين أن طعم الأكل كان عادياً ولا يوجد فيه نكهة مميزة,الأسعار، النظافة، الخدمة، الأكل,"[-1, 0, 0, 0]","['الأسعار', 'النظافة', 'الخدمة', 'الأكل']"
Attractions,1.0,التجربة بشكل عام كانت متفاوتة، لا بأس بالتنظيم بشكل عام في حين أن وجهة سياحية رائعة وتستحق الزيارة تكراراً. العروض المقدمة كانت في المستوى الطبيعي,التنظيم، المكان، الفعاليات,"[0, 1, 0]","['التنظيم', 'المكان', 'الفعاليات']"
Hotels,0.0,خلال عطلة نهاية الأسبوع ذهبنا إلى هناك، الغرفة كانت عادية وتفي بالغرض وبالنسبة للإفطار فـ بالنسبة للإفطار فهو جيد نسبيا كأي فندق آخر في حين أن موقع الفندق يعتبر متوسطا من حيث القرب للخدمات,الغرفة، الإفطار، الموقع,"[0, 0, 0]","['الغرفة', 'الإفطار', 'الموقع']"
Attractions,1.0,قمت بتجربة هذا المكان وملاحظاتي هي: أسعار التذاكر رخيصة جداً ومناسبة للجميع وبالنسبة للتنظيم فـ ترتيب الدخول كان يسير بشكل طبيعي. ووجهة سياحية رائعة وتستحق الزيارة تكراراً. الأنشطة الموجودة لا بأس بها للأطفال,التذاكر، التنظيم، المكان، الفعاليات,"[1, 0, 1, 0]","['التذاكر', 'التنظيم', 'المكان', 'الفعاليات']"
Hotels,0.0,في زيارتي الأخيرة، بوفيه الإفطار كان تقليدياً ويقدم أصنافاً معتادة. إجراءات الدخول في الاستقبال كانت طبيعية ولم تستغرق وقتا طويلا أو قصيرا أما الغرفة فـ للأسف كانت سيئة وغير نظيفة على الإطلاق في حين أن الموقع مقبول ولا بأس به مقارنة بالسعر,الإفطار، الاستقبال، الغرفة، الموقع,"[0, 0, -1, 0]","['الإفطار', 'الاستقبال', 'الغرفة', 'الموقع']"
Restaurants,-1.0,بصراحة، أسعار المنيو تعتبر طبيعية مقارنة بالمطاعم الأخرى، كما أن الأكل كان بارداً وطعمه سيء جداً,الأسعار، الأكل,"[0, -1]","['الأسعار', 'الأكل']"
Hotels,1.0,قمت بتجربة هذا المكان وملاحظاتي هي: بوفيه الإفطار مذهل ويحتوي على خيارات رائعة، كما أن طاقم الاستقبال كان عادياً في التعامل,الإفطار، الاستقبال,"[1, 0]","['الإفطار', 'الاستقبال']"
Restaurants,0.0,الأسعار مبالغ فيها وغالية جداً. الخدمة بطيئة للغاية والعمال غير مهتمين في حين أن الطلبات كانت متوسطة المستوى ولا بأس بها أما النظافة فالمكان يلمع من والاهتمام بالتفاصيل,الأسعار، الخدمة، الأكل، النظافة,"[-1, -1, 0, 1]","['الأسعار', 'الخدمة', 'الأكل', 'النظافة']"
Hotels,0.0,في زيارتي الأخيرة، الموقع مقبول ولا بأس به مقارنة بالسعر. ووجبة الإفطار كانت عادية ولم تكن مميزة,الموقع، الإفطار,"[0, 0]","['الموقع', 'الإفطار']"
Hotels,-1.0,بصراحة، الموقع بعيد جداً ومقطوع عن الخدمات، كما أن بوفيه الإفطار كان تقليدياً ويقدم أصنافاً معتادة,الموقع، الإفطار,"[-1, 0]","['الموقع', 'الإفطار']"
Restaurants,-1.0,في زيارتي الأخيرة، الخدمة في المطعم كانت روتينية بالإضافة إلى ذلك، الأكل كان بارداً وطعمه سيء جداً، كما أن أسعار المنيو تعتبر طبيعية مقارنة بالمطاعم الأخرى,الخدمة، الأكل، الأسعار,"[0, -1, 0]","['الخدمة', 'الأكل', 'الأسعار']"
Restaurants,1.0,نظافة المطعم ممتازة جداً. كل الأطباق كانت مطبوخة باحترافية وطعمها خيال. السعر كان عاديا وليس مبالغا فيه,النظافة، الأكل، الأسعار,"[1, 1, 0]","['النظافة', 'الأكل', 'الأسعار']"
Restaurants,0.0,خلال عطلة نهاية الأسبوع ذهبنا إلى هناك، الأكل مقبول لكنني تذوقت أفضل منه. المطعم نظيف لحد معقول,الأكل، النظافة,"[0, 0]","['الأكل', 'النظافة']"
Hotels,-1.0,في زيارتي الأخيرة، الموقع لا يتميز بشيء خاص ولكنه مناسب. وتعامل الاستقبال كان جافاً وغير احترافي، كما أن جودة الطعام في الإفطار كانت ضعيفة جداً في حين أن بالنسبة للغرفة فهي بمستوى طبيعي ولا بأس بها,الموقع، الاستقبال، الإفطار، الغرفة,"[0, -1, -1, 0]","['الموقع', 'الاستقبال', 'الإفطار', 'الغرفة']"
Attractions,0.0,قمت بتجربة هذا المكان وملاحظاتي هي: الفعاليات مقبولة وتمضية وقت ليس إلا في حين أن لا بأس بالتنظيم بشكل عام,الفعاليات، التنظيم,"[0, 0]","['الفعاليات', 'التنظيم']"
Attractions,-1.0,التجربة بشكل عام كانت متفاوتة، الفعاليات كانت تقليدية ومكررة، كما أن المكان يعتبر جيد لقضاء بعض الوقت. التنظيم سيء جداً وهناك عشوائية في المكان,الفعاليات، المكان، التنظيم,"[0, 0, -1]","['الفعاليات', 'المكان', 'التنظيم']"
Restaurants,0.0,في زيارتي الأخيرة، مستوى النظافة عادي ولا بأس به. بالنسبة للأسعار فهي مقبولة إلى حد ما,النظافة، الأسعار,"[0, 0]","['النظافة', 'الأسعار']"
Attractions,-1.0,الفعاليات مملة جداً ولا يوجد تجديد وبالنسبة للتذاكر فـ أسعار الدخول طبيعية مقارنة بالفعاليات. بشكل عام المكان طبيعي كأي حديقة أخرى,الفعاليات، التذاكر، المكان,"[-1, 0, 0]","['الفعاليات', 'التذاكر', 'المكان']"
Attractions,0.0,في زيارتي الأخيرة، ترتيب الدخول كان يسير بشكل طبيعي، كما أن بشكل عام المكان طبيعي كأي حديقة أخرى في حين أن العروض المقدمة كانت في المستوى الطبيعي,التنظيم، المكان، الفعاليات,"[0, 0, 0]","['التنظيم', 'المكان', 'الفعاليات']"
Restaurants,0.0,قرأت تقييمات كثيرة وقررت التجربة، الخدمة في المطعم كانت روتينية. والمطعم نظيف لحد معقول أما الأسعار فـ أسعار المنيو تعتبر طبيعية مقارنة بالمطاعم الأخرى,الخدمة، النظافة، الأسعار,"[0, 0, 0]","['الخدمة', 'النظافة', 'الأسعار']"
Hotels,0.0,مساحة الغرفة كانت متوسطة كما توقعنا. والاستقبال كان مقبولا بشكل عام,الغرفة، الاستقبال,"[0, 0]","['الغرفة', 'الاستقبال']"
Hotels,0.0,بوفيه الإفطار كان تقليدياً ويقدم أصنافاً معتادة وبالنسبة للغرفة فـ كانت عادية وتفي بالغرض,الإفطار، الغرفة,"[0, 0]","['الإفطار', 'الغرفة']"
Restaurants,0.0,نظافة المكان بشكل عام كانت مقبولة بالإضافة إلى ذلك، الطلبات كانت متوسطة المستوى ولا بأس بها، كما أن المطعم غالي بشكل مبالغ فيه ولا يستحق. ومستوى الخدمة لا بأس به,النظافة، الأكل، الأسعار، الخدمة,"[0, 0, -1, 0]","['النظافة', 'الأكل', 'الأسعار', 'الخدمة']"
Attractions,1.0,بصراحة، قيمة التذكرة عادية بالإضافة إلى ذلك، عروض رائعة ومتنوعة تناسب كل الأعمار، كما أن الإدارة والتنظيم بمستوى مقبول. المكان ساحر وجميل جداً للتصوير,التذاكر، الفعاليات، التنظيم، المكان,"[0, 1, 0, 1]","['التذاكر', 'الفعاليات', 'التنظيم', 'المكان']"
Attractions,1.0,التجربة بشكل عام كانت متفاوتة، الإدارة والتنظيم بمستوى مقبول. والأنشطة والفعاليات ممتعة جداً ومليئة بالحماس,التنظيم، الفعاليات,"[0, 1]","['التنظيم', 'الفعاليات']"
Hotels,0.0,قمت بتجربة هذا المكان وملاحظاتي هي: موقع المكان عادي ويمكن الوصول إليه بسهولة وبالنسبة للإفطار فـ وجبة كانت عادية ولم تكن مميزة، كما أن الغرفة كانت عادية وتفي بالغرض,الموقع، الإفطار، الغرفة,"[0, 0, 0]","['الموقع', 'الإفطار', 'الغرفة']"
Attractions,0.0,قمت بتجربة هذا المكان وملاحظاتي هي: قيمة التذكرة عادية. لا بأس بالتنظيم بشكل عام,التذاكر، التنظيم,"[0, 0]","['التذاكر', 'التنظيم']"
Hotels,1.0,قمت بتجربة هذا المكان وملاحظاتي هي: الإفطار كان لذيذاً ومتنوعاً جداً، كما أن موقع الفندق سيء ويصعب الوصول إليه أما الاستقبال فـ ترحيب حار جداً من طاقم,الإفطار، الموقع، الاستقبال,"[1, -1, 1]","['الإفطار', 'الموقع', 'الاستقبال']"
Restaurants,0.0,خلال عطلة نهاية الأسبوع ذهبنا إلى هناك، الأكل مقبول لكنني تذوقت أفضل منه. والخدمة في المطعم كانت روتينية، كما أن المطعم نظيف لحد معقول. والسعر كان عاديا وليس مبالغا فيه,الأكل، الخدمة، النظافة، الأسعار,"[0, 0, 0, 0]","['الأكل', 'الخدمة', 'النظافة', 'الأسعار']"
Hotels,1.0,بالنسبة للغرفة فهي بمستوى طبيعي ولا بأس بها. وموقع الفندق ممتاز جداً وإطلالته خرافية,الغرفة، الموقع,"[0, 1]","['الغرفة', 'الموقع']"
Restaurants,1.0,قمت بتجربة هذا المكان وملاحظاتي هي: كل الأطباق كانت مطبوخة باحترافية وطعمها خيال وبالنسبة للنظافة فالمطعم نظيف لحد معقول,الأكل، النظافة,"[1, 0]","['الأكل', 'النظافة']"
Attractions,0.0,بصراحة، بشكل عام المكان طبيعي كأي حديقة أخرى أما التذاكر فـ ليست رخيصة ولا غالية بل في المعقول، كما أن الأنشطة الموجودة لا بأس بها للأطفال,المكان، التذاكر، الفعاليات,"[0, 0, 0]","['المكان', 'التذاكر', 'الفعاليات']"
Hotels,0.0,قمت بتجربة هذا المكان وملاحظاتي هي: موقع المكان عادي ويمكن الوصول إليه بسهولة وبالنسبة للغرفة فـ بالنسبة للغرفة فهي بمستوى طبيعي ولا بأس بها,الموقع، الغرفة,"[0, 0]","['الموقع', 'الغرفة']"
Attractions,0.0,التجربة بشكل عام كانت متفاوتة، الإدارة والتنظيم بمستوى مقبول في حين أن مساحة المكان وتصميمه مقبول ولا بأس به، كما أن قيمة التذكرة عادية,التنظيم، المكان، التذاكر,"[0, 0, 0]","['التنظيم', 'المكان', 'التذاكر']"
Attractions,-1.0,قمت بتجربة هذا المكان وملاحظاتي هي: الإدارة والتنظيم بمستوى مقبول، كما أن المكان كئيب وممل جداً في حين أن أسعار الدخول طبيعية مقارنة بالفعاليات,التنظيم، المكان، التذاكر,"[0, -1, 0]","['التنظيم', 'المكان', 'التذاكر']"
Restaurants,0.0,بصراحة، طعم الأكل كان عادياً ولا يوجد فيه نكهة مميزة أما النظافة فـ مستوى عادي ولا بأس به,الأكل، النظافة,"[0, 0]","['الأكل', 'النظافة']"
Restaurants,-1.0,بصراحة، المطعم نظيف لحد معقول في حين أن لم يعجبني الأكل إطلاقاً وكان دون المستوى. والخدمة في المطعم كانت روتينية,النظافة، الأكل، الخدمة,"[0, -1, 0]","['النظافة', 'الأكل', 'الخدمة']"
Restaurants,0.0,قمت بتجربة هذا المكان وملاحظاتي هي: المطعم غالي بشكل مبالغ فيه ولا يستحق في حين أن المكان متسخ والطاولات غير نظيفة، كما أن الخدمة سريعة جداً وطاقم العمل ودود. الطلبات كانت متوسطة المستوى ولا بأس بها,الأسعار، النظافة، الخدمة، الأكل,"[-1, -1, 1, 0]","['الأسعار', 'النظافة', 'الخدمة', 'الأكل']"
Hotels,1.0,التجربة بشكل عام كانت متفاوتة، ترحيب حار جداً من طاقم الاستقبال. ووجبة الإفطار كانت عادية ولم تكن مميزة في حين أن بالنسبة للغرفة فهي بمستوى طبيعي ولا بأس بها,الاستقبال، الإفطار، الغرفة,"[1, 0, 0]","['الاستقبال', 'الإفطار', 'الغرفة']"
Hotels,1.0,التجربة بشكل عام كانت متفاوتة، بوفيه الإفطار مذهل ويحتوي على خيارات رائعة في حين أن الاستقبال كان مقبولا بشكل عام,الإفطار، الاستقبال,"[1, 0]","['الإفطار', 'الاستقبال']"
Restaurants,1.0,التجربة بشكل عام كانت متفاوتة، الطاولات كانت نظيفة بشكل معتاد بالإضافة إلى ذلك، الأكل كان لذيذاً جداً وأنصح به بشدة,النظافة، الأكل,"[0, 1]","['النظافة', 'الأكل']"
Restaurants,0.0,في زيارتي الأخيرة، الأسعار كانت متوسطة ومناسبة لجودة المكان بالإضافة إلى ذلك، المطعم نظيف لحد معقول,الأسعار، النظافة,"[0, 0]","['الأسعار', 'النظافة']"
Attractions,-1.0,في زيارتي الأخيرة، الإدارة والتنظيم بمستوى مقبول، كما أن المكان كئيب وممل جداً، كما أن الأنشطة الموجودة لا بأس بها للأطفال,التنظيم، المكان، الفعاليات,"[0, -1, 0]","['التنظيم', 'المكان', 'الفعاليات']"
Attractions,0.0,خلال عطلة نهاية الأسبوع ذهبنا إلى هناك، أسعار الدخول طبيعية مقارنة بالفعاليات. والوجهة كانت عادية ولم تبهرني كثيراً. لا توجد فعاليات تذكر والأنشطة سيئة وبالنسبة للتنظيم فـ داخل المرفق كان عاديا,التذاكر، المكان، الفعاليات، التنظيم,"[0, 0, -1, 0]","['التذاكر', 'المكان', 'الفعاليات', 'التنظيم']"
Hotels,0.0,قرأت تقييمات كثيرة وقررت التجربة، بالنسبة للإفطار فهو جيد نسبيا كأي فندق آخر أما الاستقبال فـ كان مقبولا بشكل عام,الإفطار، الاستقبال,"[0, 0]","['الإفطار', 'الاستقبال']"
Hotels,1.0,التجربة بشكل عام كانت متفاوتة، الإفطار كان لذيذاً ومتنوعاً جداً وبالنسبة للاستقبال فـ موظفو في قمة الرقي والتعاون في حين أن بالنسبة للغرفة فهي بمستوى طبيعي ولا بأس بها في حين أن موقع الفندق يعتبر متوسطا من حيث القرب للخدمات,الإفطار، الاستقبال، الغرفة، الموقع,"[1, 1, 0, 0]","['الإفطار', 'الاستقبال', 'الغرفة', 'الموقع']"
Restaurants,0.0,التجربة بشكل عام كانت متفاوتة، طعم الأكل كان عادياً ولا يوجد فيه نكهة مميزة بالإضافة إلى ذلك، الأسعار كانت متوسطة ومناسبة لجودة المكان، كما أن تعامل الويترز كان عادياً,الأكل، الأسعار، الخدمة,"[0, 0, 0]","['الأكل', 'الأسعار', 'الخدمة']"
Restaurants,0.0,خلال عطلة نهاية الأسبوع ذهبنا إلى هناك، نظافة المكان بشكل عام كانت مقبولة وبالنسبة للأكل فـ طعم كان عادياً ولا يوجد فيه نكهة مميزة,النظافة، الأكل,"[0, 0]","['النظافة', 'الأكل']"
Attractions,0.0,في زيارتي الأخيرة، المكان ساحر وجميل جداً للتصوير بالإضافة إلى ذلك، العروض المقدمة كانت في المستوى الطبيعي. وفوضى عارمة وسوء تنظيم واضح,المكان، الفعاليات، التنظيم,"[1, 0, -1]","['المكان', 'الفعاليات', 'التنظيم']"
Attractions,0.0,التجربة بشكل عام كانت متفاوتة، سعر التذاكر كان متوسطا ومقبولا، كما أن بشكل عام المكان طبيعي كأي حديقة أخرى في حين أن الفعاليات مقبولة وتمضية وقت ليس إلا بالإضافة إلى ذلك، التنظيم داخل المرفق كان عاديا,التذاكر، المكان، الفعاليات، التنظيم,"[0, 0, 0, 0]","['التذاكر', 'المكان', 'الفعاليات', 'التنظيم']"
Hotels,0.0,خلال عطلة نهاية الأسبوع ذهبنا إلى هناك، أثاث الغرفة يبدو عادياً ليس حديثاً ولا قديماً جداً. وجبة الإفطار كانت عادية ولم تكن مميزة. وتعامل الاستقبال كان جافاً وغير احترافي. موقع المكان عادي ويمكن الوصول إليه بسهولة,الغرفة، الإفطار، الاستقبال، الموقع,"[0, 0, -1, 0]","['الغرفة', 'الإفطار', 'الاستقبال', 'الموقع']"
Attractions,1.0,قرأت تقييمات كثيرة وقررت التجربة، سعر التذاكر كان متوسطا ومقبولا بالإضافة إلى ذلك، مرتبين جداً والتنظيم احترافي,التذاكر، التنظيم,"[0, 1]","['التذاكر', 'التنظيم']"
Hotels,-1.0,في زيارتي الأخيرة، مساحة الغرفة كانت متوسطة كما توقعنا وبالنسبة للموقع فـ بعيد جداً ومقطوع عن الخدمات,الغرفة، الموقع,"[0, -1]","['الغرفة', 'الموقع']"
Restaurants,0.0,بصراحة، الخدمة سريعة جداً وطاقم العمل ودود. وأسعار المنيو تعتبر طبيعية مقارنة بالمطاعم الأخرى وبالنسبة للنظافة فالمطعم نظيف لحد معقول في حين أن الطلبات كانت متوسطة المستوى ولا بأس بها,الخدمة، الأسعار، النظافة، الأكل,"[1, 0, 0, 0]","['الخدمة', 'الأسعار', 'النظافة', 'الأكل']"
Restaurants,1.0,قرأت تقييمات كثيرة وقررت التجربة، سرعة الخدمة كانت في المعدل الطبيعي والمقبول. والمكان يلمع من النظافة والاهتمام بالتفاصيل أما الأسعار فـ قيمة رائعة مقابل المال و جداً معقولة في حين أن بالنسبة للأكل فهو بمستوى طبيعي,الخدمة، النظافة، الأسعار، الأكل,"[0, 1, 1, 0]","['الخدمة', 'النظافة', 'الأسعار', 'الأكل']"
Restaurants,0.0,بصراحة، الأكل كان بارداً وطعمه سيء جداً. الخدمة ممتازة واهتمام كبير بالزبائن,الأكل، الخدمة,"[-1, 1]","['الأكل', 'الخدمة']"
Hotels,0.0,التجربة بشكل عام كانت متفاوتة، الموقع لا يتميز بشيء خاص ولكنه مناسب، كما أن واجهنا بطء شديد ومماطلة من موظفي الاستقبال. وبالنسبة للغرفة فهي بمستوى طبيعي ولا بأس بها وبالنسبة للإفطار فـ بالنسبة للإفطار فهو جيد نسبيا كأي فندق آخر,الموقع، الاستقبال، الغرفة، الإفطار,"[0, -1, 0, 0]","['الموقع', 'الاستقبال', 'الغرفة', 'الإفطار']"
Attractions,1.0,قرأت تقييمات كثيرة وقررت التجربة، الوجهة كانت عادية ولم تبهرني كثيراً، كما أن أسعار التذاكر رخيصة جداً ومناسبة للجميع,المكان، التذاكر,"[0, 1]","['المكان', 'التذاكر']"
Restaurants,1.0,خلال عطلة نهاية الأسبوع ذهبنا إلى هناك، تعامل الويترز كان عادياً في حين أن كل الأطباق كانت مطبوخة باحترافية وطعمها خيال. ونظافة المطعم ممتازة جداً أما الأسعار فـ كانت متوسطة ومناسبة لجودة المكان,الخدمة، الأكل، النظافة، الأسعار,"[0, 1, 1, 0]","['الخدمة', 'الأكل', 'النظافة', 'الأسعار']"
Hotels,0.0,خلال عطلة نهاية الأسبوع ذهبنا إلى هناك، بالنسبة للغرفة فهي بمستوى طبيعي ولا بأس بها، كما أن موقع الفندق ممتاز جداً وإطلالته خرافية. ووجبة الإفطار كانت عادية ولم تكن مميزة أما الاستقبال فـ كان مقبولا بشكل عام,الغرفة، الموقع، الإفطار، الاستقبال,"[0, 1, 0, 0]","['الغرفة', 'الموقع', 'الإفطار', 'الاستقبال']"
Hotels,0.0,قمت بتجربة هذا المكان وملاحظاتي هي: الغرفة كانت عادية وتفي بالغرض. والاستقبال كان مقبولا بشكل عام وبالنسبة للإفطار فـ وجبة كانت عادية ولم تكن مميزة,الغرفة، الاستقبال، الإفطار,"[0, 0, 0]","['الغرفة', 'الاستقبال', 'الإفطار']"
Hotels,0.0,بصراحة، موقع المكان عادي ويمكن الوصول إليه بسهولة. طاقم الاستقبال كان عادياً في التعامل,الموقع، الاستقبال,"[0, 0]","['الموقع', 'الاستقبال']"
Restaurants,0.0,في زيارتي الأخيرة، أسعار المنيو تعتبر طبيعية مقارنة بالمطاعم الأخرى. سرعة الخدمة كانت في المعدل الطبيعي والمقبول,الأسعار، الخدمة,"[0, 0]","['الأسعار', 'الخدمة']"
Attractions,-1.0,في زيارتي الأخيرة، بشكل عام المكان طبيعي كأي حديقة أخرى في حين أن الفعاليات مملة جداً ولا يوجد تجديد في حين أن سعر التذاكر كان متوسطا ومقبولا,المكان، الفعاليات، التذاكر,"[0, -1, 0]","['المكان', 'الفعاليات', 'التذاكر']"
Restaurants,0.0,قرأت تقييمات كثيرة وقررت التجربة، الأكل مقبول لكنني تذوقت أفضل منه في حين أن الأسعار كانت متوسطة ومناسبة لجودة المكان. وتعامل الويترز كان عادياً. والطاولات كانت نظيفة بشكل معتاد,الأكل، الأسعار، الخدمة، النظافة,"[0, 0, 0, 0]","['الأكل', 'الأسعار', 'الخدمة', 'النظافة']"
Hotels,0.0,بصراحة، بالنسبة للغرفة فهي بمستوى طبيعي ولا بأس بها في حين أن الاستقبال كان مقبولا بشكل عام أما الموقع فـ لا يتميز بشيء خاص ولكنه مناسب,الغرفة، الاستقبال، الموقع,"[0, 0, 0]","['الغرفة', 'الاستقبال', 'الموقع']"
Hotels,0.0,خلال عطلة نهاية الأسبوع ذهبنا إلى هناك، الموقع بعيد جداً ومقطوع عن الخدمات في حين أن بالنسبة للإفطار فهو جيد نسبيا كأي فندق آخر. بالنسبة للغرفة فهي بمستوى طبيعي ولا بأس بها. وموظفو الاستقبال قاموا بعملهم بشكل روتيني,الموقع، الإفطار، الغرفة، الاستقبال,"[-1, 0, 0, 0]","['الموقع', 'الإفطار', 'الغرفة', 'الاستقبال']"
Restaurants,0.0,في زيارتي الأخيرة، الأكل كان بارداً وطعمه سيء جداً. تعامل الويترز كان عادياً. قيمة رائعة مقابل المال والأسعار جداً معقولة وبالنسبة للنظافة فالطاولات كانت نظيفة بشكل معتاد,الأكل، الخدمة، الأسعار، النظافة,"[-1, 0, 1, 0]","['الأكل', 'الخدمة', 'الأسعار', 'النظافة']"
Attractions,0.0,خلال عطلة نهاية الأسبوع ذهبنا إلى هناك، التنظيم داخل المرفق كان عاديا، كما أن التذاكر ليست رخيصة ولا غالية بل في المعقول بالإضافة إلى ذلك، الفعاليات مقبولة وتمضية وقت ليس إلا. والمكان يعتبر جيد لقضاء بعض الوقت,التنظيم، التذاكر، الفعاليات، المكان,"[0, 0, 0, 0]","['التنظيم', 'التذاكر', 'الفعاليات', 'المكان']"
Attractions,-1.0,خلال عطلة نهاية الأسبوع ذهبنا إلى هناك، المكان كئيب وممل جداً في حين أن التذاكر ليست رخيصة ولا غالية بل في المعقول، كما أن ترتيب الدخول كان يسير بشكل طبيعي,المكان، التذاكر، التنظيم,"[-1, 0, 0]","['المكان', 'التذاكر', 'التنظيم']"
Attractions,0.0,خلال عطلة نهاية الأسبوع ذهبنا إلى هناك، الفعاليات كانت تقليدية ومكررة وبالنسبة للمكان فـ مساحة وتصميمه مقبول ولا بأس به,الفعاليات، المكان,"[0, 0]","['الفعاليات', 'المكان']"
Restaurants,-1.0,في زيارتي الأخيرة، أسوأ خدمة جربتها في حياتي، كما أن الأسعار كانت متوسطة ومناسبة لجودة المكان بالإضافة إلى ذلك، المطعم نظيف لحد معقول,الخدمة، الأسعار، النظافة,"[-1, 0, 0]","['الخدمة', 'الأسعار', 'النظافة']"
Restaurants,0.0,قمت بتجربة هذا المكان وملاحظاتي هي: تعامل الويترز كان عادياً بالإضافة إلى ذلك، نظافة المكان بشكل عام كانت مقبولة,الخدمة، النظافة,"[0, 0]","['الخدمة', 'النظافة']"
Attractions,0.0,التنظيم رائع جداً وسلس للغاية بالإضافة إلى ذلك، لا توجد فعاليات تذكر والأنشطة سيئة. التذاكر ليست رخيصة ولا غالية بل في المعقول,التنظيم، الفعاليات، التذاكر,"[1, -1, 0]","['التنظيم', 'الفعاليات', 'التذاكر']"
Hotels,0.0,أعجبتني الغرفة بنظافتها الفائقة وتصميمها الرائع، كما أن الموقع استراتيجي وقريب من كل الفعاليات أما الاستقبال فـ إجراءات الدخول في كانت طبيعية ولم تستغرق وقتا طويلا أو قصيرا بالإضافة إلى ذلك، جودة الطعام في الإفطار كانت ضعيفة جداً,الغرفة، الموقع، الاستقبال، الإفطار,"[1, 1, 0, -1]","['الغرفة', 'الموقع', 'الاستقبال', 'الإفطار']"
Restaurants,-1.0,خلال عطلة نهاية الأسبوع ذهبنا إلى هناك، بالنسبة للأكل فهو بمستوى طبيعي وبالنسبة للأسعار فالمطعم غالي بشكل مبالغ فيه ولا يستحق. نظافة المكان بشكل عام كانت مقبولة بالإضافة إلى ذلك، أسوأ خدمة جربتها في حياتي,الأكل، الأسعار، النظافة، الخدمة,"[0, -1, 0, -1]","['الأكل', 'الأسعار', 'النظافة', 'الخدمة']"
Hotels,0.0,التجربة بشكل عام كانت متفاوتة، طاقم الاستقبال كان عادياً في التعامل بالإضافة إلى ذلك، مساحة الغرفة كانت متوسطة كما توقعنا، كما أن بالنسبة للإفطار فهو جيد نسبيا كأي فندق آخر. والموقع مقبول ولا بأس به مقارنة بالسعر,الاستقبال، الغرفة، الإفطار، الموقع,"[0, 0, 0, 0]","['الاستقبال', 'الغرفة', 'الإفطار', 'الموقع']"
Attractions,0.0,قرأت تقييمات كثيرة وقررت التجربة، المكان يعتبر جيد لقضاء بعض الوقت وبالنسبة للتذاكر فـ قيمة التذكرة عادية,المكان، التذاكر,"[0, 0]","['المكان', 'التذاكر']"
Restaurants,0.0,خلال عطلة نهاية الأسبوع ذهبنا إلى هناك، بالنسبة للأسعار فهي مقبولة إلى حد ما، كما أن الطاولات كانت نظيفة بشكل معتاد أما الخدمة فـ مستوى لا بأس به. والأكل مقبول لكنني تذوقت أفضل منه,الأسعار، النظافة، الخدمة، الأكل,"[0, 0, 0, 0]","['الأسعار', 'النظافة', 'الخدمة', 'الأكل']"
Hotels,1.0,قمت بتجربة هذا المكان وملاحظاتي هي: بوفيه الإفطار كان تقليدياً ويقدم أصنافاً معتادة بالإضافة إلى ذلك، موظفو الاستقبال في قمة الرقي والتعاون,الإفطار، الاستقبال,"[0, 1]","['الإفطار', 'الاستقبال']"
Restaurants,0.0,السعر كان عاديا وليس مبالغا فيه. الخدمة بطيئة للغاية والعمال غير مهتمين. الأكل مقبول لكنني تذوقت أفضل منه. والمطعم نظيف لحد معقول,الأسعار، الخدمة، الأكل، النظافة,"[0, -1, 0, 0]","['الأسعار', 'الخدمة', 'الأكل', 'النظافة']"
Hotels,0.0,التجربة بشكل عام كانت متفاوتة، الموقع لا يتميز بشيء خاص ولكنه مناسب وبالنسبة للغرفة فـ بالنسبة للغرفة فهي بمستوى طبيعي ولا بأس بها وبالنسبة للاستقبال فـ طاقم كان عادياً في التعامل في حين أن الإفطار سيء جداً والخيارات محدودة,الموقع، الغرفة، الاستقبال، الإفطار,"[0, 0, 0, -1]","['الموقع', 'الغرفة', 'الاستقبال', 'الإفطار']"
Restaurants,0.0,التجربة بشكل عام كانت متفاوتة، كل الأطباق كانت مطبوخة باحترافية وطعمها خيال. والنظافة معدومة في هذا المطعم,الأكل، النظافة,"[1, -1]","['الأكل', 'النظافة']"
Restaurants,1.0,بصراحة، مستوى النظافة عادي ولا بأس به بالإضافة إلى ذلك، الأكل كان لذيذاً جداً وأنصح به بشدة,النظافة، الأكل,"[0, 1]","['النظافة', 'الأكل']"
Hotels,0.0,بصراحة، الغرفة كانت عادية وتفي بالغرض. الاستقبال كان مقبولا بشكل عام في حين أن بالنسبة للإفطار فهو جيد نسبيا كأي فندق آخر أما الموقع فـ موقع الفندق يعتبر متوسطا من حيث القرب للخدمات,الغرفة، الاستقبال، الإفطار، الموقع,"[0, 0, 0, 0]","['الغرفة', 'الاستقبال', 'الإفطار', 'الموقع']"
Hotels,1.0,قمت بتجربة هذا المكان وملاحظاتي هي: أعجبتني الغرفة بنظافتها الفائقة وتصميمها الرائع. طاقم الاستقبال كان عادياً في التعامل,الغرفة، الاستقبال,"[1, 0]","['الغرفة', 'الاستقبال']"
Restaurants,0.0,خلال عطلة نهاية الأسبوع ذهبنا إلى هناك، نظافة المكان بشكل عام كانت مقبولة، كما أن سرعة الخدمة كانت في المعدل الطبيعي والمقبول وبالنسبة للأسعار فـ ممتازة ورخيصة مقارنة بالكمية. الطلبات كانت متوسطة المستوى ولا بأس بها,النظافة، الخدمة، الأسعار، الأكل,"[0, 0, 1, 0]","['النظافة', 'الخدمة', 'الأسعار', 'الأكل']"
Restaurants,0.0,خلال عطلة نهاية الأسبوع ذهبنا إلى هناك، الأسعار مبالغ فيها وغالية جداً أما الأكل فـ كان لذيذاً جداً وأنصح به بشدة. المكان متسخ والطاولات غير نظيفة في حين أن مستوى الخدمة لا بأس به,الأسعار، الأكل، النظافة، الخدمة,"[-1, 1, -1, 0]","['الأسعار', 'الأكل', 'النظافة', 'الخدمة']"
Restaurants,0.0,خلال عطلة نهاية الأسبوع ذهبنا إلى هناك، بالنسبة للأكل فهو بمستوى طبيعي أما الخدمة فـ في المطعم كانت روتينية. أسعار المنيو تعتبر طبيعية مقارنة بالمطاعم الأخرى. والمكان يلمع من النظافة والاهتمام بالتفاصيل,الأكل، الخدمة، الأسعار، النظافة,"[0, 0, 0, 1]","['الأكل', 'الخدمة', 'الأسعار', 'النظافة']"
